3PAr,AST%,BLK%,BPM,DBPM,DRB%,DWS,FTr,Name,OBPM,ORB%,OWS,PER,STL%,TOV%,TRB%,TS%,USG%,WS,WS/48,eFG%
.604,19.7,0.0,5.3,-0.3,6.4,1.0,.330,Manu Lecomte,5.6,0.7,3.1,17.2,1.2,13.1,3.7,.576,23.7,4.1,.152,.520
.057,5.1,6.8,5.2,4.8,20.7,1.9,.313,Jo Acuil,0.3,11.0,1.9,21.0,1.0,14.1,16.1,.552,23.6,3.7,.151,.521
.537,13.3,1.3,7.5,2.3,12.7,1.0,.347,Nuni Omot,5.2,4.7,2.1,18.5,1.3,16.9,8.9,.644,19.2,3.1,.160,.602
.046,7.0,4.9,7.2,5.4,16.6,1.2,.359,Tristan Clark,1.8,8.7,1.2,18.0,1.6,17.5,12.9,.625,16.4,2.4,.145,.614
.355,23.4,1.7,6.0,4.4,10.1,1.2,.282,Jake Lindsey,1.6,2.0,0.9,12.5,2.8,22.6,6.3,.540,11.6,2.2,.112,.520
.062,6.5,1.4,2.3,1.1,16.1,0.9,.219,T.J. Maston,1.2,12.4,1.2,20.0,1.0,13.3,14.4,.550,25.0,2.1,.138,.527
.502,12.2,0.1,3.4,1.9,8.8,1.0,.277,King McClure,1.5,2.3,0.8,11.5,2.2,16.1,5.8,.520,19.7,1.9,.095,.483
.056,15.6,3.0,5.8,5.6,15.1,1.3,.511,Mark Vital,0.3,11.3,0.5,14.3,2.0,23.2,13.3,.495,18.7,1.7,.091,.486
.667,12.7,0.0,0.0,-2.1,3.7,0.0,.111,Jonathan Davis,2.1,4.2,0.0,11.0,0.0,17.4,4.0,.580,19.6,0.1,.091,.556
.442,14.3,3.1,-0.9,4.2,16.5,0.3,.233,Tyson Jolly,-5.1,6.2,-0.3,2.1,1.3,22.7,11.7,.283,17.3,0.0,-.005,.233
.875,22.5,0.0,-7.4,0.4,5.2,0.0,.000,Obim Okeke,-7.7,5.8,-0.1,-5.5,2.8,27.3,5.5,.188,26.0,-0.1,-.143,.188
.545,32.2,0.2,8.8,1.6,9.8,1.8,.408,Devonte' Graham,7.2,1.8,4.7,22.1,2.5,15.1,6.0,.573,24.2,6.5,.196,.513
.555,12.9,1.0,7.6,1.8,8.8,1.5,.117,Sviatoslav Mykhailiuk,5.7,4.0,2.9,17.5,1.9,11.4,6.6,.581,21.2,4.4,.145,.567
.000,5.1,7.7,10.2,4.8,20.2,1.5,.403,Udoka Azubuike,5.4,12.4,2.6,29.6,1.3,15.7,16.6,.721,23.3,4.1,.215,.774
.503,11.4,0.6,6.7,2.2,15.3,1.6,.247,Malik Newman,4.5,1.8,2.5,17.9,1.9,11.7,9.0,.592,20.3,4.0,.151,.561
.409,11.4,0.9,6.2,2.5,12.7,1.5,.153,Lagerald Vick,3.7,3.5,2.1,15.6,1.6,13.7,8.4,.579,18.5,3.6,.125,.569
.344,8.7,1.2,6.6,4.5,14.0,1.1,.336,Marcus Garrett,2.2,5.8,0.8,12.6,2.8,15.7,10.2,.528,12.5,1.9,.110,.528
.167,2.8,10.9,8.5,7.2,13.7,0.9,.235,Mitch Lightfoot,1.3,11.2,0.8,16.3,1.1,19.8,12.5,.617,13.8,1.7,.132,.598
.000,4.4,0.9,3.1,-0.6,23.5,0.2,.382,Silvio De Sousa,3.8,24.0,0.4,23.1,0.5,24.4,23.7,.709,21.9,0.6,.194,.706
.320,9.5,1.5,0.4,0.6,8.9,0.1,.080,Sam Cunliffe,-0.2,3.4,0.1,11.8,1.6,16.2,6.3,.539,21.6,0.1,.081,.520
.000,0.0,0.0,1.1,-5.5,39.9,0.0,.000,James Sosinski,6.6,15.2,0.0,30.0,0.0,0.0,28.4,1.000,12.6,0.1,.304,1.000
.300,16.2,1.5,-2.0,0.2,1.5,0.1,.200,Clay Young,-2.2,0.0,0.0,4.5,1.6,21.5,0.8,.411,9.9,0.1,.040,.400
.727,7.1,0.0,-4.3,-3.3,22.1,0.0,.182,Chris Teahan,-0.9,10.2,0.0,12.5,0.0,20.1,16.6,.502,31.3,0.0,.060,.455
.078,10.2,6.1,10.9,4.1,28.2,2.1,.424,DeAndre Ayton,6.8,13.5,5.5,32.6,1.0,11.3,21.4,.650,26.6,7.6,.259,.625
.499,17.4,1.1,7.7,-0.2,9.1,1.0,.501,Allonzo Trier,7.9,1.3,4.5,22.6,1.1,13.1,5.5,.654,23.9,5.5,.196,.593
.048,6.4,2.0,4.0,1.1,20.7,1.2,.259,Dusan Ristic,3.0,10.2,2.7,21.2,0.8,11.8,15.8,.606,21.4,3.9,.166,.578
.583,22.1,0.4,5.7,1.7,7.7,1.3,.282,Parker Jackson-Cartwright,4.0,1.0,1.9,13.2,2.6,21.8,4.6,.587,13.6,3.1,.112,.558
.402,14.0,2.5,6.3,2.6,10.7,0.9,.428,Rawle Alkins,3.7,8.0,1.4,17.7,2.3,17.6,9.4,.548,23.6,2.3,.126,.504
.000,1.4,5.2,4.4,3.7,17.9,0.5,.872,Keanu Pinder,0.7,6.0,0.5,12.4,1.6,19.1,12.4,.680,10.4,1.0,.119,.692
.719,11.8,1.5,1.2,-0.1,9.5,0.4,.156,Dylan Smith,1.3,3.2,0.4,8.8,0.6,17.6,6.6,.507,18.0,0.8,.066,.481
.038,5.8,4.7,2.8,3.5,17.9,0.4,.481,Ira Lee,-0.7,9.2,0.2,10.9,1.1,16.9,13.9,.501,14.2,0.6,.094,.471
.430,12.1,1.2,-0.1,0.1,7.0,0.4,.243,Brandon Randolph,-0.2,1.5,0.2,9.8,1.9,15.0,4.5,.486,19.8,0.6,.068,.453
.444,12.6,1.0,1.1,1.2,8.2,0.3,.204,Emmanuel Akot,-0.1,4.6,0.1,6.6,1.1,24.3,6.6,.473,12.4,0.4,.045,.472
.565,15.1,0.0,1.0,-0.4,10.8,0.2,.174,Alex Barcello,1.4,2.0,0.2,8.8,0.9,13.8,6.7,.502,14.6,0.4,.084,.478
,0.0,0.0,-9.7,-1.3,0.0,0.0,,Talbott Denny,-8.3,0.0,0.0,-7.9,0.0,51.3,0.0,.526,16.6,0.0,-.113,
.000,25.2,0.0,-3.7,3.1,49.3,0.0,.000,Jake Desjardins,-6.8,0.0,0.0,7.2,0.0,33.3,26.5,.500,21.9,0.0,.036,.500
1.000,0.0,0.0,3.3,-3.7,0.0,0.0,.000,Tyler Trillo,7.0,0.0,0.0,13.7,0.0,50.0,0.0,1.500,17.0,0.0,.016,1.500
,0.0,0.0,0.4,1.8,0.0,0.0,,Matt Weyand,-1.4,0.0,0.0,0.0,0.0,,0.0,,0.0,0.0,.012,
.621,18.9,0.9,6.1,0.5,9.4,1.3,.347,Shannon Evans,5.6,1.2,2.8,18.8,2.2,9.9,5.4,.551,23.9,4.1,.150,.494
.431,18.8,0.1,5.0,0.3,10.4,1.2,.436,Tra Holder,4.6,3.1,2.9,19.6,2.1,12.9,6.8,.556,26.7,4.1,.149,.489
.000,1.3,8.3,6.8,3.5,20.3,1.0,.555,De'Quon Lake,3.3,11.6,2.1,23.4,0.9,8.0,16.0,.708,14.8,3.0,.208,.711
.000,3.4,3.5,2.9,1.0,21.2,1.0,.837,Romello White,1.9,12.3,2.0,20.6,0.6,14.6,16.8,.632,20.1,3.0,.166,.652
.647,11.4,0.6,5.2,0.8,8.2,1.1,.208,Kodi Justice,4.5,0.9,1.8,14.8,2.0,12.1,4.6,.591,18.4,2.9,.113,.582
.256,23.4,0.3,4.8,1.5,11.1,1.0,.402,Remy Martin,3.4,3.4,1.7,18.7,2.7,13.4,7.3,.547,21.3,2.7,.145,.500
.202,11.7,2.6,5.9,4.4,17.8,0.9,.495,Mickey Mitchell,1.5,7.2,0.7,13.7,2.1,21.3,12.6,.572,13.6,1.6,.116,.540
.313,2.8,4.8,2.2,2.8,13.6,0.3,.271,Kimani Lawrence,-0.6,6.1,0.2,12.5,2.1,14.2,9.9,.535,16.5,0.5,.099,.490
.800,7.4,2.8,1.8,2.3,15.0,0.4,.218,Vitaliy Shibel,-0.5,3.5,0.1,5.0,0.6,20.9,9.4,.486,10.4,0.5,.057,.445
1.000,0.0,0.0,-0.2,-3.2,11.0,0.0,.333,Austin Witherill,3.0,2.9,0.1,11.7,0.0,0.0,7.0,.719,8.5,0.1,.111,.750
.500,12.1,0.0,-10.9,-3.5,0.0,0.0,.000,Grant Fogerty,-7.4,0.0,0.0,-8.0,0.0,0.0,0.0,.000,8.1,0.0,-.069,.000
.000,0.0,0.0,-20.1,-3.4,0.0,0.0,.000,Jordan Salzman,-16.7,0.0,-0.1,-16.2,0.0,0.0,0.0,.000,18.3,0.0,-.245,.000
.373,9.7,1.7,1.7,0.2,15.0,0.8,.354,Justice Sueing,1.5,4.9,1.4,16.9,2.7,13.9,9.5,.523,22.9,2.1,.084,.492
.000,11.1,6.8,3.4,3.2,18.6,0.7,.384,Marcus Lee,0.2,11.6,1.2,19.7,1.3,21.1,14.8,.576,21.6,1.9,.087,.563
.565,14.0,0.7,-0.6,-1.1,10.0,0.4,.161,Darius McNeill,0.5,1.0,0.7,10.9,2.1,16.2,5.1,.502,19.6,1.1,.042,.481
.276,13.1,0.1,-3.0,-2.2,7.4,0.4,.509,Don Coleman,-0.8,3.6,0.7,13.1,2.5,11.1,5.3,.444,27.3,1.0,.044,.362
.000,6.3,9.6,0.9,4.5,16.8,0.6,.393,Kingsley Okoroh,-3.6,8.5,0.2,11.9,0.6,16.7,12.3,.454,14.2,0.8,.041,.405
.092,11.2,1.4,0.0,1.3,12.0,0.5,.577,Juhwan Harris-Dyson,-1.4,8.3,0.2,13.5,3.3,23.0,10.0,.517,19.2,0.6,.042,.493
.371,3.3,2.0,-6.8,-1.5,18.3,0.1,.371,Grant Anticevich,-5.3,6.7,-0.1,6.0,0.7,19.5,12.0,.413,14.3,0.0,-.001,.343
,0.0,0.0,-21.2,-4.9,100.0,0.0,,Jules Erving,-16.3,0.0,0.0,16.2,0.0,,57.0,,0.0,0.0,.144,
.667,0.0,0.0,-12.2,-14.8,62.4,0.0,.000,Derek King,2.5,0.0,0.0,47.9,0.0,25.0,28.5,.833,47.6,0.0,.115,.833
.000,0.0,0.0,-13.0,-7.4,25.0,0.0,2.000,Jacob Orender,-5.5,0.0,0.0,12.9,0.0,0.0,11.4,.513,18.6,0.0,.144,.000
.200,0.0,4.6,-10.4,-3.8,12.2,0.0,.667,Cole Welle,-6.6,20.6,-0.1,6.1,2.2,4.8,16.8,.253,19.4,0.0,-.010,.133
.151,8.5,0.6,-7.3,-1.4,22.5,0.1,.491,Roman Davis,-5.9,8.2,-0.2,6.1,1.1,16.6,14.7,.367,18.2,-0.1,-.012,.340
.255,9.0,0.3,-3.6,0.3,9.9,0.2,.455,Nick Hamilton,-3.9,5.4,-0.3,4.4,1.9,31.7,7.5,.441,10.5,-0.1,-.009,.382
.833,3.7,0.0,-10.6,-1.9,5.5,0.0,.167,Austin McCullough,-8.7,0.0,-0.2,-6.8,0.6,23.6,2.5,.077,8.9,-0.2,-.109,.000
.460,8.5,0.0,-10.0,-3.0,8.4,0.0,.180,Deschon Winston,-6.9,3.2,-0.4,0.7,1.4,24.9,5.6,.378,21.1,-0.3,-.079,.340
.250,36.0,1.5,6.0,2.2,10.2,1.1,.332,McKinley Wright IV,3.8,5.9,2.3,19.8,1.7,18.1,8.1,.533,25.0,3.4,.129,.489
.492,8.2,2.6,4.3,2.1,23.2,1.3,.273,George King,2.2,7.2,1.7,18.8,1.1,15.1,15.5,.574,23.3,3.0,.132,.542
.493,7.9,2.6,4.6,1.7,12.3,0.6,.375,Lucas Siewert,2.9,6.0,1.3,16.1,0.8,14.4,9.2,.637,17.0,1.9,.134,.596
.048,5.0,3.9,2.3,4.0,20.0,1.0,.500,Tyler Bey,-1.7,9.0,0.7,15.0,1.8,17.4,14.7,.542,17.4,1.7,.106,.500
.587,14.2,0.0,0.9,-0.4,6.9,0.5,.418,Dominique Collier,1.3,1.5,0.8,11.3,1.6,16.0,4.3,.544,20.8,1.3,.084,.500
.367,10.4,1.3,0.3,1.0,13.5,0.7,.316,Namon Wright,-0.7,3.2,0.5,13.5,1.3,17.3,8.5,.534,24.0,1.2,.072,.496
.086,7.5,6.8,2.1,4.6,14.7,0.7,.243,Dallas Walton,-2.6,5.7,0.4,13.2,0.7,14.2,10.4,.504,17.8,1.1,.081,.477
.522,4.0,0.0,-1.0,-0.1,14.1,0.4,.211,D'Shawn Schwartz,-0.9,1.4,0.4,8.9,0.4,9.2,8.0,.545,13.1,0.8,.075,.522
.479,11.0,1.2,-0.2,2.8,13.9,0.5,.310,Lazar Nikolic,-3.0,2.7,-0.2,4.7,1.1,25.6,8.5,.442,11.4,0.3,.025,.437
.536,8.1,1.1,-1.7,0.8,6.3,0.4,.214,Deleon Brown,-2.4,1.1,-0.1,5.6,1.5,16.8,3.8,.462,17.8,0.2,.023,.433
.000,2.8,0.8,-3.5,0.8,17.2,0.1,1.278,Tory Miller-Stewart,-4.3,6.2,0.0,8.7,0.4,34.1,11.9,.640,16.6,0.1,.034,.667
,0.0,0.0,-48.1,2.9,0.0,0.0,,A.J. Martinka,-51.0,0.0,0.0,-77.9,0.0,100.0,0.0,,50.2,0.0,-.980,
.500,26.6,0.0,-5.8,-1.4,0.0,0.0,.000,Josh Repine,-4.4,19.6,0.0,-0.9,0.0,0.0,9.4,.000,16.7,0.0,-.102,.000
.000,0.0,0.0,-27.8,-14.1,31.2,0.0,.400,Alexander Strating,-13.7,33.5,0.0,16.7,0.0,25.2,32.3,.504,57.0,0.0,-.106,.600
.522,25.5,0.0,5.0,0.4,11.2,1.4,.269,Payton Pritchard,4.6,1.8,3.3,18.2,2.2,14.2,6.5,.581,20.7,4.7,.152,.552
.660,16.4,0.1,3.6,-0.9,10.5,1.0,.228,Elijah Brown,4.5,3.1,2.6,17.5,1.5,13.5,6.8,.580,23.5,3.5,.137,.537
.344,18.4,0.8,4.5,3.2,18.1,1.7,.319,Troy Brown,1.3,6.0,1.5,16.8,3.0,18.7,12.1,.532,21.2,3.1,.118,.492
.335,9.8,1.4,2.1,1.3,19.8,1.4,.358,MiKyle McIntosh,0.8,6.7,1.7,16.2,1.6,14.4,13.3,.551,21.7,3.0,.124,.518
.411,11.9,2.4,4.8,1.3,10.8,0.8,.378,Paul White,3.5,7.0,2.0,17.3,1.6,10.8,8.9,.588,18.7,2.9,.155,.536
.007,2.7,15.5,9.0,9.3,19.6,1.5,.432,Kenny Wooten,-0.3,8.4,1.4,21.6,1.7,15.6,14.0,.669,14.3,2.8,.164,.676
.465,9.8,0.8,-0.1,-1.1,8.4,0.5,.273,Victor Bailey Jr.,1.0,4.5,1.0,14.3,1.3,11.7,6.4,.544,21.1,1.5,.108,.497
.127,11.2,2.3,2.4,3.2,10.2,0.4,.327,Keith Smith,-0.8,8.4,0.3,11.9,2.8,19.1,9.3,.504,13.0,0.7,.092,.473
.600,6.8,5.9,2.8,0.1,9.3,0.1,.200,Roman Sorkin,2.7,6.9,0.4,16.8,0.0,9.2,8.1,.609,19.3,0.5,.142,.589
.077,5.0,1.7,0.0,-0.1,25.2,0.1,.308,M.J. Cage,0.1,15.3,0.2,16.4,0.0,16.8,20.3,.638,12.7,0.2,.136,.654
.361,5.1,3.2,-2.1,2.6,11.4,0.4,.361,Abu Kigab,-4.7,5.5,-0.2,5.7,2.9,18.3,8.5,.392,16.8,0.1,.021,.385
.000,68.3,0.0,-24.3,-11.2,0.0,0.0,.000,Evan Gross,-13.1,0.0,0.0,7.7,7.2,75.0,0.0,1.000,25.1,0.0,-.026,1.000
.361,21.2,1.8,7.2,2.5,17.7,1.7,.383,Tres Tinkle,4.7,6.0,3.1,22.1,2.3,16.2,12.0,.585,25.3,4.8,.166,.531
.000,7.3,6.4,5.2,3.6,18.7,1.4,.510,Drew Eubanks,1.5,7.3,2.6,21.6,0.9,14.6,13.1,.646,19.6,4.0,.160,.624
.453,18.5,1.1,4.4,0.8,7.5,1.4,.251,Stephen Thompson Jr.,3.7,2.7,2.3,17.8,2.8,12.8,5.2,.556,22.9,3.7,.126,.539
.415,19.8,1.4,1.9,0.8,10.3,1.0,.470,Ethan Thompson,1.1,4.8,1.4,12.9,1.3,16.9,7.6,.510,18.6,2.4,.093,.453
.317,6.5,2.4,1.6,0.9,16.2,0.6,.553,Alfred Hollins,0.7,6.7,0.8,17.3,2.5,13.9,11.6,.576,21.6,1.5,.136,.545
.188,13.0,0.6,1.8,1.9,11.5,0.5,.300,Seth Berger,-0.1,9.8,0.4,11.6,2.6,19.4,10.7,.503,14.3,0.9,.087,.494
.597,4.6,0.8,-1.4,0.2,12.2,0.4,.290,Kendal Manuel,-1.6,1.2,0.1,8.3,1.9,15.6,6.9,.532,13.9,0.5,.063,.516
.018,4.6,0.8,-3.1,-0.1,14.9,0.3,.491,Gligorije Rakocevic,-3.0,10.0,0.1,9.1,1.2,21.3,12.5,.526,16.1,0.5,.064,.509
.673,10.6,0.0,-2.5,0.4,12.1,0.3,.192,Zach Reichle,-2.8,5.7,-0.2,5.0,2.0,27.9,9.0,.449,15.4,0.1,.019,.423
.182,0.0,1.5,-11.7,-2.0,22.9,0.1,.364,Ben Kone,-9.7,8.1,-0.1,-0.5,0.8,23.7,15.7,.233,11.3,0.0,-.015,.091
.476,23.3,2.2,-1.4,3.2,10.6,0.2,.286,Jaquori McLaughlin,-4.6,1.6,-0.2,5.4,3.4,37.0,6.2,.335,12.5,0.0,.010,.238
1.000,0.0,0.0,-14.3,-2.3,15.7,0.0,.000,Tanner Sanders,-12.0,0.0,-0.1,-11.5,0.0,33.3,8.1,.000,10.3,0.0,-.126,.000
.000,12.7,0.0,-8.7,-2.7,0.0,0.0,.000,Xavier Smith,-6.0,0.0,0.0,7.1,3.5,42.9,0.0,.750,21.2,0.0,-.013,.750
.158,11.3,0.7,-7.9,-0.5,11.6,0.2,.500,Ronnie Stacy,-7.4,5.0,-0.3,-0.5,0.7,25.4,8.4,.362,18.7,-0.2,-.042,.368
.129,9.2,0.3,4.7,0.6,18.3,1.4,.525,Reid Travis,4.1,10.0,3.7,23.8,1.3,10.9,14.4,.582,27.0,5.2,.179,.551
.227,5.6,3.7,2.8,3.2,22.1,1.5,.288,Michael Humphrey,-0.4,7.9,1.1,16.1,1.6,13.9,15.3,.532,20.4,2.6,.118,.502
.625,11.7,0.4,4.7,0.4,10.2,0.8,.320,Dorian Pickens,4.3,1.6,1.7,15.8,1.2,12.6,6.1,.590,20.5,2.5,.125,.558
.349,8.5,3.6,5.4,4.0,14.0,1.0,.356,Oscar Da Silva,1.4,7.4,1.0,12.5,1.0,23.3,10.8,.620,13.2,2.0,.096,.614
.244,29.4,0.6,2.8,2.4,12.3,1.2,.580,Daejon Davis,0.4,2.9,0.6,13.5,2.2,30.0,7.8,.567,21.3,1.9,.076,.527
.166,12.2,2.1,1.1,2.7,9.8,0.8,.580,Kezie Okpala,-1.6,4.9,0.2,11.3,2.0,18.1,7.5,.481,21.9,1.0,.064,.417
.173,2.5,8.3,3.4,4.2,16.4,0.5,.333,Josh Sharma,-0.8,10.1,0.4,15.9,1.1,17.6,13.4,.592,17.5,1.0,.121,.580
.470,22.6,0.2,0.6,0.5,8.2,0.5,.265,Robert Cartwright,0.1,1.7,0.4,10.5,1.8,18.0,5.1,.482,16.1,0.9,.074,.444
.737,8.3,0.0,-0.6,-1.1,7.7,0.4,.263,Isaac White,0.6,0.2,0.5,8.8,0.6,13.6,4.1,.526,17.6,0.9,.064,.493
.000,6.8,7.7,10.0,7.5,10.3,0.1,.833,Trevor Stanback,2.4,13.6,0.1,18.3,3.2,26.4,11.9,.716,10.6,0.2,.138,.833
.000,0.0,0.0,-3.3,-3.2,10.7,0.0,1.000,Rodney Herenton,-0.1,0.0,0.0,17.4,0.0,0.0,5.6,.678,14.2,0.0,.175,.500
1.000,10.7,0.0,-2.5,3.1,15.1,0.1,.333,Blake Pagon,-5.7,0.0,-0.1,-1.1,0.7,59.0,7.9,.000,4.8,0.0,-.020,.000
.474,9.4,1.0,-3.5,1.2,4.0,0.1,.526,Kodye Pugh,-4.7,5.6,-0.2,1.4,1.6,31.7,4.8,.379,15.8,-0.1,-.034,.342
.446,29.9,0.7,6.3,-0.1,8.7,1.2,.417,Aaron Holiday,6.4,1.6,3.7,21.1,1.9,18.5,5.3,.609,26.7,4.9,.157,.557
.335,7.8,2.8,6.0,2.6,25.8,1.7,.174,Thomas Welsh,3.5,9.1,2.8,20.3,1.1,8.6,17.8,.577,17.7,4.5,.163,.552
.438,10.9,1.9,3.9,0.6,12.6,1.0,.320,Kris Wilkes,3.2,5.0,2.0,17.5,1.4,9.5,9.0,.541,23.1,3.1,.125,.518
.271,8.3,5.5,7.0,4.1,11.3,1.0,.484,Gyorgy Goloman,2.8,7.5,1.6,15.4,1.3,15.1,9.5,.616,13.7,2.6,.127,.606
.456,18.7,0.7,3.2,1.3,14.0,0.9,.317,Jaylen Hands,1.9,2.6,1.0,15.2,2.2,16.4,8.6,.528,21.8,1.9,.099,.490
.463,4.2,2.7,4.7,1.9,15.2,0.7,.474,Alex Olesinski,2.8,8.1,1.2,13.8,1.0,11.4,11.8,.636,10.9,1.9,.128,.611
.427,11.0,0.8,2.0,0.3,10.7,0.8,.393,Prince Ali,1.6,3.6,1.0,14.3,1.8,14.2,7.3,.542,21.0,1.8,.094,.517
.262,7.2,1.7,-2.9,0.4,11.1,0.4,.495,Chris Smith,-3.3,4.2,-0.2,7.9,1.0,22.3,7.8,.492,19.4,0.2,.022,.463
.200,0.0,3.6,-2.6,0.1,25.2,0.1,.000,Ikenna Okwarabizie,-2.7,7.9,0.0,13.2,1.9,16.7,16.9,.600,10.1,0.1,.107,.600
.833,14.8,0.0,1.5,-5.0,0.0,0.0,.333,Alec Wulff,6.4,0.0,0.1,20.8,2.3,12.6,0.0,.791,16.2,0.1,.188,.750
,0.0,0.0,-2.2,-3.5,34.7,0.0,,Armani Dodson,1.4,38.0,0.0,14.5,0.0,,36.3,,0.0,0.0,.203,
,0.0,0.0,3.1,-2.0,0.0,0.0,,Joseph Wallace,5.1,38.0,0.0,14.5,0.0,,18.2,,0.0,0.0,.144,
.667,0.0,0.0,-36.5,-19.0,0.0,0.0,.667,Isaac Wulff,-17.5,0.0,0.0,-13.9,0.0,0.0,0.0,.253,64.6,0.0,-.259,.000
.387,37.6,0.7,7.2,1.9,9.9,1.8,.340,Jordan McLaughlin,5.3,2.5,3.4,21.2,3.3,18.7,6.3,.564,20.1,5.2,.168,.526
.102,10.0,6.4,6.1,4.4,21.0,1.8,.387,Chimezie Metu,1.7,7.2,2.6,23.4,1.5,12.8,14.2,.573,25.8,4.4,.168,.537
.568,7.5,2.3,5.8,1.2,8.7,1.1,.254,Elijah Stewart,4.6,3.6,2.5,16.5,1.4,8.1,6.2,.590,18.3,3.6,.139,.554
.000,4.4,3.0,5.6,2.3,19.1,1.2,.356,Nick Rakocevic,3.3,15.4,2.1,21.9,1.9,12.0,17.3,.620,18.1,3.3,.180,.624
.512,13.3,3.4,5.2,1.3,19.8,0.9,.283,Bennie Boatwright,4.0,7.3,1.6,20.4,0.6,9.9,13.6,.535,25.9,2.4,.153,.504
.552,5.9,0.6,3.3,0.2,8.7,0.8,.178,Jonah Mathews,3.1,2.5,1.5,13.1,1.2,9.7,5.6,.587,16.6,2.3,.105,.583
.460,12.1,0.7,4.0,1.4,11.9,0.6,.234,Jordan Usher,2.6,5.2,0.9,14.3,2.2,14.8,8.6,.573,17.1,1.5,.123,.548
.496,8.4,1.0,0.9,1.0,12.2,0.6,.178,Shaqquan Aaron,-0.1,2.6,0.3,9.3,1.3,17.2,7.5,.532,15.8,0.9,.064,.547
.256,14.0,1.3,-0.8,2.4,11.0,0.5,.314,Derryck Thornton,-3.3,0.7,-0.2,9.0,3.1,23.3,5.9,.465,19.3,0.3,.039,.401
.000,3.9,2.6,-0.6,-0.1,21.2,0.1,1.429,Victor Uyaelunmo,-0.5,8.1,0.1,16.2,0.0,20.3,14.7,.681,17.1,0.2,.137,.714
.500,0.0,0.0,-20.6,-12.5,77.9,0.0,.000,Devin Fleming,-8.0,0.0,0.0,29.4,0.0,0.0,39.3,.500,34.0,0.0,.170,.500
.000,0.0,0.0,-5.1,0.7,13.0,0.0,4.000,Kurt Karis,-5.8,6.6,0.0,3.5,3.2,25.6,9.8,.345,11.0,0.0,.017,.000
.348,4.4,0.0,-4.9,0.2,13.0,0.1,.304,Charles O'Bannon, Jr.,-5.1,1.7,-0.1,4.7,3.2,7.1,7.4,.342,20.0,0.0,.023,.239
.200,0.0,0.0,-18.5,-5.8,18.0,0.0,.000,Harrison Henderson,-12.7,9.2,-0.1,-6.5,0.0,9.1,13.6,.200,21.6,-0.1,-.097,.200
.637,28.0,0.4,8.2,1.0,8.5,1.4,.383,Justin Bibbins,7.2,1.4,3.6,20.4,2.2,14.7,5.1,.654,20.3,5.0,.186,.607
.596,24.5,3.6,8.5,4.9,20.3,1.7,.335,Tyler Rawson,3.7,4.8,2.0,18.5,1.4,17.9,13.0,.578,19.2,3.7,.153,.539
.025,14.3,3.6,8.5,3.8,15.8,1.2,.394,David Collette,4.7,8.3,2.3,27.3,2.2,13.3,12.3,.664,26.6,3.5,.212,.647
.531,18.0,0.4,1.2,0.4,7.6,0.9,.349,Sedrick Barefield,0.8,0.9,0.8,13.4,1.9,14.5,4.5,.520,23.8,1.8,.091,.455
.000,2.2,6.7,0.4,3.8,24.5,0.9,.732,Jayce Johnson,-3.4,12.8,0.5,16.5,1.2,17.6,19.0,.543,18.9,1.5,.132,.505
.193,6.1,1.4,0.2,1.0,18.0,0.7,.457,Donnie Tillman,-0.8,8.0,0.8,16.4,1.1,16.2,13.3,.575,22.6,1.5,.124,.511
.799,3.6,0.4,1.9,0.0,10.1,0.6,.072,Gabe Bealer,1.9,1.4,0.6,11.1,1.0,10.0,6.0,.605,15.6,1.2,.090,.601
.772,14.8,0.2,1.2,0.7,6.0,0.6,.195,Parker Van Dyke,0.5,0.8,0.4,8.9,1.6,14.6,3.6,.513,13.7,1.1,.070,.496
.070,12.3,6.6,-1.2,4.1,27.7,0.3,.651,Chris Seeley,-5.3,11.0,0.0,14.0,0.4,16.3,19.8,.453,26.3,0.3,.083,.442
.000,5.0,6.0,4.9,3.7,12.0,0.0,.500,Jakub Jokl,1.3,20.2,0.1,14.8,0.0,37.7,15.8,.808,11.4,0.1,.140,.750
.613,9.3,0.4,-3.1,0.7,7.5,0.3,.113,Kolbe Caldwell,-3.8,2.1,-0.3,2.9,1.0,24.3,5.0,.444,15.6,0.0,.001,.427
.909,4.7,2.9,-3.1,-0.9,5.8,0.1,.227,Jake Connor,-2.3,3.2,0.0,3.7,0.0,0.0,4.6,.349,16.8,0.0,.015,.341
,0.0,0.0,-1.2,2.6,0.0,0.0,,Nate Duda,-3.8,0.0,0.0,0.0,0.0,,0.0,,0.0,0.0,.018,
.000,0.0,0.0,-8.1,0.7,17.0,0.0,.000,Marc Reininger,-8.8,0.0,0.0,-3.6,0.0,0.0,9.0,.000,4.1,0.0,-.011,.000
,12.5,8.6,3.4,8.2,8.5,0.0,,Beau Rydalch,-4.8,9.6,0.0,5.4,0.0,100.0,9.0,,4.1,0.0,.039,
.313,3.7,0.0,-7.7,1.4,15.5,0.1,.375,Christian Popoola,-9.2,0.0,-0.2,-2.2,1.3,29.8,8.2,.345,15.4,-0.1,-.047,.250
.017,6.9,2.3,3.6,0.9,24.3,1.5,.685,Noah Dickerson,2.7,12.1,3.1,26.2,1.5,15.6,18.3,.631,26.6,4.6,.206,.566
.245,17.9,0.9,2.1,0.5,10.8,1.2,.286,Jaylen Nowell,1.6,3.7,1.9,17.6,1.9,14.3,7.3,.535,27.0,3.1,.116,.493
.505,15.4,4.7,8.6,5.9,7.4,2.0,.182,Matisse Thybulle,2.7,3.2,1.2,17.7,5.1,18.4,5.4,.550,19.2,3.1,.117,.533
.532,17.1,0.2,0.5,0.2,7.5,1.1,.303,David Crisp,0.3,1.7,0.6,10.9,2.0,16.8,4.7,.484,20.7,1.7,.060,.452
.732,4.9,2.0,2.4,0.4,9.4,0.6,.291,Dominic Green,2.0,2.6,1.1,11.1,0.6,7.7,6.1,.591,12.1,1.6,.103,.575
.000,2.4,5.9,1.7,3.9,19.8,1.0,.600,Sam Timmins,-2.2,10.4,0.4,13.0,1.4,24.2,15.2,.582,13.3,1.4,.095,.579
.325,7.4,2.3,1.3,2.2,10.3,0.7,.447,Nahziah Carter,-0.9,3.9,0.3,13.3,3.2,18.1,7.2,.536,19.7,1.0,.085,.512
.432,7.4,8.0,3.0,6.0,16.7,0.8,.395,Hameir Wright,-3.0,4.7,-0.1,9.0,1.5,20.6,10.9,.442,12.4,0.7,.056,.444
.136,4.4,0.7,-3.3,-1.5,14.5,0.2,.500,Carlos Johnson,-1.8,5.0,0.2,14.8,1.2,18.1,9.8,.597,22.9,0.3,.097,.591
.000,0.0,0.0,-0.2,-8.3,23.2,0.0,.000,Greg Bowman,8.1,32.1,0.1,37.8,0.0,0.0,27.5,.800,16.6,0.1,.302,.800
.333,39.2,0.0,23.4,-1.8,0.0,0.0,.000,Jason Crandall,25.2,34.4,0.1,49.0,0.0,0.0,16.9,.833,21.3,0.1,.441,.833
.571,18.4,0.0,-1.4,-2.1,3.0,0.0,.571,Dan Kingma,0.7,3.2,0.1,10.8,1.5,18.3,3.1,.562,14.3,0.1,.088,.571
.464,9.1,2.5,-3.1,1.2,6.3,0.1,.286,Michael Carter III,-4.3,2.8,-0.1,4.3,1.8,15.9,4.6,.346,14.6,0.0,.002,.304
.443,12.6,3.2,3.9,-0.1,17.1,0.6,.334,Robert Franks,3.9,5.9,2.7,21.5,0.9,14.1,11.6,.611,25.9,3.3,.135,.565
.582,26.3,0.2,3.8,-1.1,9.4,0.5,.265,Malachi Flynn,4.9,2.5,2.6,19.6,2.7,13.0,6.0,.554,25.3,3.2,.123,.511
.784,11.3,0.3,2.1,-1.5,6.4,0.0,.156,Viont'e Daniels,3.5,1.9,1.9,12.2,0.9,11.9,4.2,.653,12.6,2.0,.080,.641
.000,18.0,2.6,2.0,3.9,20.7,0.8,.197,Drick Bernstine,-1.9,7.8,0.4,13.7,2.5,25.9,14.4,.516,16.7,1.2,.061,.511
.851,5.3,0.0,-0.7,-3.6,11.7,0.1,.090,Carter Skaggs,2.9,3.0,1.1,13.5,0.5,11.8,7.5,.613,19.3,1.2,.073,.600
.459,7.7,1.2,-0.1,0.2,19.6,0.3,.247,Arinze Chidom,-0.3,6.0,0.3,15.0,3.1,15.2,12.9,.553,20.6,0.6,.090,.524
.056,5.7,1.0,-3.8,-1.5,10.9,0.1,.375,Jeff Pollard,-2.3,5.3,0.4,11.3,0.5,16.7,8.2,.578,15.6,0.4,.049,.556
.000,8.1,6.8,-2.2,3.3,18.3,0.1,.647,Davante Cooper,-5.6,4.2,-0.1,8.7,1.0,31.0,11.4,.562,14.7,0.0,.016,.647
.000,12.1,0.0,-9.7,-3.2,7.2,0.0,.000,Jamar Ergas,-6.5,0.0,0.0,5.4,0.0,40.0,3.7,.667,16.1,0.0,-.041,.667
.495,8.9,1.2,-4.6,-1.1,14.7,0.2,.190,Kwinton Hinson,-3.5,4.4,-0.2,6.6,1.1,19.6,9.7,.472,19.3,0.0,.000,.471
.879,1.6,0.0,-5.8,-4.7,5.0,0.0,.091,Steven Shpreyregin,-1.2,1.0,0.0,5.8,0.5,5.5,3.1,.479,16.5,0.0,.009,.470
.750,6.8,0.0,-14.1,-6.9,0.0,0.0,.125,KJ Langston,-7.2,0.0,-0.1,-2.8,0.0,0.0,0.0,.236,16.8,-0.1,-.108,.250
.425,20.3,0.2,-6.8,-1.2,10.4,0.2,.373,Milan Acquaah,-5.5,1.4,-0.8,4.6,1.9,30.7,6.0,.463,22.3,-0.6,-.043,.444
.307,27.7,0.3,7.0,0.2,9.7,1.2,.585,Collin Sexton,6.8,4.1,3.2,23.9,1.7,13.8,7.0,.568,32.8,4.4,.184,.498
.000,5.4,9.4,11.0,6.7,20.1,1.7,.515,Donta Hall,4.3,11.0,2.5,27.8,1.7,14.1,15.8,.700,18.9,4.2,.211,.728
.293,17.2,1.3,4.5,3.2,17.7,1.6,.773,Dazon Ingram,1.3,3.7,1.1,14.5,1.7,19.5,11.1,.538,19.8,2.8,.114,.469
.769,12.6,1.0,3.1,0.3,8.2,1.1,.146,John Petty,2.7,1.6,0.8,11.5,1.0,17.9,5.1,.554,20.0,1.9,.076,.541
.396,13.7,1.6,4.9,4.0,16.7,1.1,.325,Braxton Key,0.9,6.8,0.3,13.0,2.4,19.8,12.0,.495,17.6,1.4,.092,.458
.000,3.6,8.6,4.0,5.9,13.9,0.8,.490,Daniel Giddens,-1.9,7.5,0.3,13.4,1.7,22.3,10.8,.579,17.3,1.1,.099,.573
.462,10.4,0.2,0.5,0.1,5.7,0.6,.266,Avery Johnson,0.4,2.9,0.4,9.6,1.9,10.1,4.4,.472,18.3,1.0,.078,.427
.183,11.6,3.3,4.0,6.1,13.6,1.4,.310,Herb Jones,-2.1,4.4,-0.4,9.0,3.4,25.2,9.2,.445,15.0,1.0,.054,.433
.611,4.4,1.8,1.4,1.4,18.9,0.7,.088,Alex Reese,0.0,6.9,0.2,12.9,2.2,15.1,13.2,.501,19.4,0.8,.092,.487
.000,1.5,6.7,1.5,3.6,9.9,0.5,.469,Galin Smith,-2.1,8.5,0.1,9.6,0.3,22.7,9.2,.562,13.0,0.6,.062,.625
.541,6.7,0.0,2.2,0.8,10.3,0.2,.216,Riley Norris,1.4,4.3,0.2,9.7,1.4,10.9,7.4,.527,13.8,0.4,.092,.514
,0.0,0.0,-12.9,-1.2,0.0,0.0,,Tyler Barnes,-11.7,0.0,0.0,-11.3,0.0,0.0,0.0,.000,11.8,0.0,-.181,
1.000,0.0,0.0,12.4,-3.7,0.0,0.0,.000,Landon Fuller,16.2,0.0,0.0,31.7,0.0,0.0,0.0,1.500,10.0,0.0,.205,1.500
.900,34.0,0.0,-11.0,-4.6,0.0,0.1,.000,Lawson Schaffer,-6.4,0.0,-0.1,2.7,4.5,44.4,0.0,.400,17.6,0.0,-.026,.400
.517,23.1,0.2,8.2,-0.7,9.1,0.8,.451,Daryl Macon,8.9,1.4,4.2,23.4,1.8,11.9,5.4,.625,24.4,5.0,.191,.562
.421,16.1,1.1,7.1,0.1,10.6,1.0,.264,Jaylen Barford,7.0,3.8,3.3,22.1,1.9,10.9,7.3,.584,27.2,4.2,.159,.563
.000,6.2,11.3,9.3,5.9,20.0,1.3,.599,Daniel Gafford,3.5,11.2,2.5,27.2,1.4,9.9,15.7,.603,23.8,3.7,.194,.618
.408,16.8,0.2,3.0,0.3,7.7,0.7,.333,Anton Beard,2.7,2.3,1.4,12.2,1.7,11.9,5.0,.497,17.7,2.2,.085,.454
.000,13.3,5.5,6.9,6.1,17.3,0.9,.295,Trey Thompson,0.7,7.4,0.5,12.8,2.0,23.9,12.5,.522,11.4,1.4,.091,.505
.614,4.9,0.9,1.5,-1.9,10.0,0.3,.120,C.J. Jones,3.4,0.9,1.0,14.4,0.9,6.3,5.5,.561,20.1,1.3,.101,.543
.032,8.4,0.7,3.7,2.6,17.1,0.6,.543,Dustin Thomas,1.1,7.2,0.6,12.5,2.2,19.7,12.3,.554,14.4,1.2,.096,.516
.000,6.4,6.6,5.9,5.0,13.1,0.5,.355,Adrio Bailey,1.0,7.8,0.6,15.1,2.0,14.2,10.5,.552,14.8,1.1,.108,.538
.248,5.4,1.7,2.0,1.2,17.0,0.6,.529,Darious Hall,0.8,7.3,0.5,13.4,1.8,19.6,12.2,.571,18.6,1.1,.089,.566
.000,5.6,0.9,0.0,1.7,13.7,0.3,.319,Arlando Cook,-1.7,5.4,0.0,7.3,1.4,15.6,9.6,.425,11.3,0.3,.037,.426
.400,14.5,0.0,-1.7,-4.5,6.2,0.0,.133,Jonathan Holmes,2.8,13.0,0.0,22.7,3.1,11.1,9.5,.470,48.9,0.0,.049,.467
.160,8.1,2.7,-2.1,2.6,18.3,0.2,.400,Gabe Osabuohien,-4.7,5.2,-0.2,3.4,1.2,27.0,11.9,.370,14.8,0.0,-.013,.400
,0.0,0.0,-0.3,1.5,0.0,0.0,,Jt Plummer,-1.8,0.0,0.0,0.0,0.0,,0.0,,0.0,0.0,.000,
.351,36.4,0.3,8.5,3.5,14.0,1.8,.305,Chris Chiozza,5.0,1.7,2.6,20.0,3.4,14.8,7.7,.528,19.3,4.4,.167,.482
.447,8.0,0.4,4.8,1.0,18.1,1.4,.231,Egor Koulechov,3.8,6.0,2.3,18.2,1.2,9.3,11.8,.546,23.1,3.7,.147,.505
.500,8.6,2.3,6.2,1.0,15.4,1.3,.347,Jalen Hudson,5.2,1.5,2.3,21.9,1.7,8.3,8.2,.574,27.8,3.6,.167,.553
.550,14.1,1.5,5.1,1.9,6.9,1.2,.261,KeVaughn Allen,3.1,1.6,1.6,14.0,1.9,10.1,4.2,.511,19.5,2.8,.108,.456
.414,5.7,3.8,5.6,3.3,12.7,1.2,.400,Keith Stone,2.3,6.8,1.3,15.6,1.5,14.9,9.7,.563,19.7,2.4,.123,.525
.000,3.1,9.2,9.4,8.7,13.3,1.4,.648,Kevarrius Hayes,0.6,10.7,0.9,15.9,2.3,19.4,11.9,.561,11.5,2.3,.123,.571
.475,10.6,0.6,4.9,1.8,8.3,0.5,.303,Mike Okauru,3.1,1.5,0.7,15.3,2.9,8.9,4.8,.565,17.4,1.2,.129,.561
.000,2.2,4.6,3.2,3.1,16.3,0.4,.683,Gorjok Gak,0.1,13.2,0.4,14.7,0.7,16.8,14.7,.580,13.0,0.8,.122,.634
.000,5.2,4.3,8.2,5.3,10.6,0.3,.452,Dontay Bassett,2.9,14.3,0.4,16.6,2.7,9.6,12.5,.571,12.1,0.7,.167,.548
.286,5.6,0.3,-2.0,0.0,12.9,0.4,.232,Deaundrae Ballard,-2.0,5.5,0.1,10.4,1.5,10.1,9.1,.442,22.4,0.5,.060,.406
.000,6.5,6.5,9.6,4.8,10.5,0.1,.500,Chase Johnson,4.7,16.4,0.1,31.3,3.5,6.3,13.5,.572,24.3,0.2,.246,.500
.333,36.7,0.0,-5.6,-3.2,8.9,0.0,.000,Andrew Fava,-2.4,0.0,0.0,9.7,0.0,25.0,4.3,.500,31.1,0.0,-.005,.500
.000,0.0,0.0,-4.1,-2.6,0.0,0.0,2.500,Mak Krause,-1.5,7.2,0.0,7.3,0.0,0.0,3.7,.457,14.8,0.0,.069,.500
.149,28.9,1.8,9.2,3.8,9.9,1.8,.437,Shai Gilgeous-Alexander,5.4,3.1,3.0,21.0,2.9,17.5,6.7,.572,21.7,4.8,.164,.511
.382,8.5,0.9,5.1,1.3,14.3,1.6,.385,Kevin Knox,3.8,3.5,2.3,17.6,1.5,13.7,9.2,.559,24.8,3.9,.137,.513
.086,10.7,3.7,6.6,4.1,14.4,1.4,.747,PJ Washington,2.5,7.3,1.6,17.1,1.4,16.8,11.1,.556,20.6,3.0,.128,.520
.547,4.4,5.4,8.6,5.2,16.4,1.5,.287,Wenyen Gabriel,3.5,8.7,1.1,14.8,2.0,16.6,12.8,.564,15.2,2.5,.126,.555
.000,3.1,7.2,6.9,4.1,20.9,0.9,.627,Nick Richards,2.8,12.4,1.4,20.3,0.3,14.9,17.0,.651,15.6,2.3,.177,.618
.416,19.6,0.0,3.5,-0.4,5.7,0.7,.206,Quade Green,4.0,1.9,1.5,13.5,0.8,16.1,3.9,.568,18.8,2.2,.107,.539
.253,9.7,1.5,3.1,2.0,11.1,1.2,.404,Hamidou Diallo,1.2,4.0,1.0,13.3,1.8,11.9,7.8,.490,22.6,2.1,.098,.460
.013,3.2,5.0,5.8,4.0,12.9,0.6,.520,Sacha Killeya-Jones,1.8,11.6,0.6,13.3,0.9,18.3,12.3,.588,12.7,1.2,.113,.587
.015,10.7,5.3,7.9,5.2,27.9,0.5,.559,Jarred Vanderbilt,2.7,23.0,0.5,21.6,1.4,14.8,25.6,.476,20.8,1.0,.171,.426
.000,0.0,2.7,1.1,2.3,19.3,0.1,.286,Tai Wynyard,-1.2,16.6,0.0,12.6,4.0,27.4,18.1,.503,12.4,0.1,.109,.429
,0.0,0.0,-21.4,2.9,0.0,0.0,,Jonny David,-24.3,0.0,-0.1,-34.7,0.0,100.0,0.0,,24.4,0.0,-.483,
,0.0,0.0,1.1,2.6,0.0,0.0,,Dillon Pulliam,-1.5,0.0,0.0,0.0,0.0,,0.0,,0.0,0.0,.014,
1.000,5.6,0.0,-6.8,-1.1,7.4,0.0,.000,Brad Calipari,-5.7,0.0,-0.1,-5.6,0.0,22.2,4.0,.214,15.7,-0.1,-.096,.214
.509,33.2,0.3,6.6,0.8,10.7,1.1,.359,Tremont Waters,5.8,1.2,2.8,21.3,3.5,17.3,6.1,.558,26.4,3.9,.148,.510
.467,17.0,0.8,5.9,2.0,12.9,1.0,.338,Skylar Mays,3.9,2.1,2.0,17.3,2.9,14.4,7.7,.567,18.8,3.1,.123,.517
.469,3.3,4.4,5.3,0.8,17.7,0.7,.227,Aaron Epps,4.4,9.7,2.1,20.0,0.9,9.0,13.8,.624,17.8,2.8,.154,.602
.141,5.9,4.8,2.8,0.9,16.1,0.8,.326,Duop Reath,1.8,9.9,1.9,22.0,1.1,13.8,13.1,.589,26.0,2.6,.134,.577
.662,10.0,0.5,3.6,-0.1,7.4,0.4,.240,Daryl Edwards,3.6,1.1,1.2,12.7,1.8,13.6,4.4,.615,14.8,1.6,.094,.591
.544,8.0,0.5,4.4,0.3,12.0,0.5,.388,Brandon Sampson,4.1,4.4,1.1,17.6,2.8,13.4,8.3,.597,20.4,1.6,.124,.571
.255,3.9,4.5,3.1,1.9,12.6,0.5,.262,Wayde Sims,1.2,7.4,0.9,15.2,1.5,11.7,10.1,.564,16.7,1.4,.101,.550
.056,7.6,1.4,4.5,3.2,15.6,0.6,.444,Brandon Rachal,1.3,8.6,0.6,15.3,3.5,14.8,12.2,.546,15.2,1.2,.111,.539
.264,9.3,0.5,1.4,0.7,10.3,0.3,.396,Randy Onwuasor,0.7,5.7,0.6,11.9,2.0,17.7,8.1,.544,16.5,0.9,.077,.495
.000,13.8,6.7,6.0,5.0,17.7,0.1,.727,Jeremy Combs,1.0,9.4,0.1,17.7,2.2,21.3,13.7,.608,18.4,0.2,.131,.636
.688,3.1,0.0,-2.9,-2.8,29.3,0.1,.250,Galen Alexander,-0.1,11.1,0.1,13.9,1.0,10.1,20.5,.475,18.4,0.1,.098,.438
.706,19.5,0.0,-1.9,-3.4,7.4,0.0,.000,Marshall Graves,1.5,2.0,0.1,9.9,0.0,15.0,4.8,.529,16.4,0.1,.064,.529
.000,8.1,5.4,0.0,2.1,18.7,0.0,.818,Mayan Kiir,-2.1,25.6,0.0,16.6,1.3,28.2,22.1,.491,25.1,0.1,.066,.455
.833,0.0,0.0,-7.2,-5.5,5.2,0.0,.333,Reed Vial,-1.7,5.6,0.0,3.3,0.0,0.0,5.4,.360,16.0,0.0,.014,.250
.217,11.1,2.5,5.0,0.8,17.1,0.6,.498,Bruce Stevens,4.2,8.6,2.2,21.8,1.3,10.5,12.7,.594,22.0,2.8,.155,.545
.497,26.8,0.0,1.3,-2.8,6.6,0.2,.539,Deandre Burnett,4.1,1.2,2.0,17.1,1.2,14.6,3.8,.543,25.0,2.2,.098,.466
.482,16.4,3.6,4.4,1.9,19.0,0.9,.241,Terence Davis,2.6,5.5,1.0,18.1,1.9,14.3,12.1,.511,27.9,1.9,.089,.483
.431,12.5,0.8,2.7,1.4,12.2,0.7,.375,Markel Crawford,1.3,1.9,1.1,12.5,2.2,11.0,6.9,.505,16.1,1.8,.073,.452
.000,7.3,4.6,3.7,3.8,17.8,0.6,.430,Marcanvis Hymon,-0.1,9.6,0.8,13.7,1.3,15.7,13.6,.551,11.9,1.4,.088,.561
.426,23.2,1.3,0.4,-1.2,8.1,0.3,.258,Breein Tyree,1.5,1.4,0.8,13.8,1.6,14.1,4.7,.499,24.9,1.2,.059,.469
.506,3.8,4.5,4.3,3.1,10.6,0.4,.364,Justas Furmanavicius,1.2,8.6,0.7,11.9,1.6,13.4,9.6,.559,9.4,1.1,.080,.526
.000,5.4,4.8,1.4,2.8,10.6,0.4,.248,Dominik Olejniczak,-1.3,8.4,0.4,12.6,1.7,18.7,9.5,.546,16.1,0.7,.061,.531
.552,10.4,0.6,0.9,0.6,11.1,0.5,.095,Devontae Shuler,0.3,4.4,0.2,11.6,3.0,10.6,7.7,.440,19.7,0.6,.043,.424
,0.0,0.0,-3.2,0.9,0.0,0.0,,Lane Below,-4.1,0.0,0.0,0.0,0.0,,0.0,,0.0,0.0,-.013,
1.000,11.5,0.0,-0.3,-0.3,7.3,0.0,2.000,D.C. Davis,0.1,0.0,0.0,11.1,3.8,33.9,3.5,.641,19.0,0.0,.019,.750
,0.0,0.0,-11.6,-1.5,55.0,0.0,,Eric Horn,-10.1,0.0,0.0,8.1,0.0,,26.6,,0.0,0.0,.073,
,0.0,0.0,-47.9,1.5,0.0,0.0,,Antonio Morgano,-49.3,0.0,0.0,-60.2,0.0,100.0,0.0,,48.4,0.0,-1.002,
.667,0.0,0.0,-43.2,-10.3,44.0,0.0,.000,Ilya Tyrtyshnik,-32.9,0.0,-0.1,-32.0,0.0,25.0,21.3,.000,38.7,-0.1,-.537,.000
.301,11.7,4.4,11.0,4.8,17.8,2.1,.235,Killian Tillie,6.2,7.9,3.4,26.1,1.8,13.9,13.1,.673,21.7,5.4,.240,.658
.601,25.7,0.3,6.9,1.7,8.6,2.0,.228,Josh Perkins,5.2,1.9,3.2,17.8,2.1,16.3,5.4,.583,19.4,5.2,.182,.562
.099,9.5,4.2,6.4,4.8,22.4,2.4,.497,Johnathan Williams,1.7,9.5,2.5,22.5,1.5,15.0,16.3,.580,23.5,4.9,.191,.581
.597,14.7,0.3,8.2,2.1,10.9,1.8,.239,Zach Norvell Jr.,6.0,4.5,2.8,20.4,2.5,13.0,7.9,.603,22.0,4.6,.199,.572
.097,5.9,2.0,4.1,1.7,18.1,1.5,.434,Rui Hachimura,2.4,7.2,2.5,24.6,1.6,11.9,12.9,.625,24.9,3.9,.222,.574
.571,11.6,0.5,5.9,2.7,9.3,1.9,.187,Silas Melson,3.2,1.5,2.0,13.2,2.0,10.5,5.6,.552,15.4,3.9,.146,.520
.607,6.4,1.0,4.6,1.0,11.8,1.0,.186,Corey Kispert,3.6,6.9,1.5,15.3,0.7,9.1,9.5,.570,16.8,2.5,.156,.557
.000,9.5,5.7,6.7,5.3,22.9,0.7,.778,Jacob Larsen,1.4,13.2,0.7,20.6,0.8,25.3,18.3,.676,17.4,1.4,.192,.667
.212,5.2,2.8,6.1,4.5,16.0,0.5,.939,Jeremy Jones,1.6,5.8,0.5,15.4,2.5,15.9,11.2,.639,12.3,1.0,.171,.606
.862,6.1,0.0,2.1,1.4,5.5,0.2,.103,Jesse Wade,0.6,2.4,0.0,8.9,3.5,9.0,4.0,.427,16.8,0.2,.087,.431
.444,6.8,0.0,-2.7,3.7,8.3,0.1,.444,Jack Beach,-6.4,3.1,-0.1,-0.4,4.4,0.0,5.8,.092,13.9,0.0,-.018,.000
.667,0.0,0.0,-9.7,-9.7,0.0,0.0,.667,Alex Martin,0.0,20.1,0.0,11.8,0.0,0.0,9.5,.380,32.7,0.0,.098,.333
.167,11.6,0.0,-6.6,0.6,38.6,0.0,.000,Brian Pete,-7.2,0.0,0.0,9.1,0.0,0.0,20.4,.333,21.3,0.0,.076,.333
.134,9.0,2.9,10.6,3.3,22.5,2.0,.455,Marvin Bagley III,7.3,13.8,4.2,31.0,1.5,12.5,18.5,.637,27.0,6.2,.250,.634
.144,13.1,7.9,13.8,7.7,23.2,2.2,.507,Wendell Carter Jr.,6.1,13.2,3.4,28.5,1.7,15.7,18.6,.627,22.6,5.6,.242,.592
.624,21.2,0.2,9.3,2.2,8.4,1.8,.293,Grayson Allen,7.2,1.9,3.7,19.2,2.6,14.3,5.4,.588,21.1,5.5,.184,.546
.559,6.8,0.4,7.2,1.9,10.5,1.6,.235,Gary Trent Jr.,5.4,2.8,3.0,16.7,1.9,7.8,6.9,.572,19.3,4.7,.165,.534
.300,30.4,0.5,3.4,1.7,5.1,1.4,.268,Trevon Duval,1.7,2.3,1.4,14.0,2.9,21.0,3.8,.492,21.3,2.8,.112,.476
.108,6.3,4.9,11.5,6.8,18.2,0.9,.492,Javin DeLaurier,4.7,15.3,0.9,19.2,2.9,18.3,16.9,.636,12.0,1.8,.182,.638
.000,7.3,7.4,9.9,6.8,17.8,0.7,.342,Marques Bolden,3.1,11.1,0.8,20.2,1.3,14.2,14.7,.624,13.5,1.5,.174,.630
.517,8.0,1.1,6.4,1.9,8.3,0.5,.218,Alex O'Connell,4.4,5.7,0.8,15.1,1.5,14.3,7.1,.625,14.5,1.3,.140,.609
.667,19.9,0.0,3.2,2.2,5.4,0.2,.148,Jordan Goldwire,1.0,2.1,0.1,7.9,3.0,19.5,3.9,.398,10.1,0.4,.088,.370
.571,5.4,3.8,6.6,6.2,19.9,0.3,.095,Jack White,0.4,7.4,0.0,10.7,2.5,24.2,14.1,.456,8.7,0.4,.099,.429
.889,3.8,11.3,6.5,6.1,14.1,0.1,.222,Justin Robinson,0.5,0.0,0.1,12.2,0.0,16.7,7.5,.578,14.3,0.2,.097,.611
.000,15.7,3.0,3.6,3.4,15.3,0.1,.333,Antonio Vrankovic,0.2,8.8,0.1,10.5,0.0,22.3,12.3,.504,12.8,0.2,.103,.500
.000,35.4,0.0,10.4,3.4,40.4,0.0,.500,Mike Buckmire,7.0,0.0,0.0,31.9,0.0,0.0,21.7,.606,23.4,0.0,.368,.500
.500,0.0,0.0,-6.8,-3.2,7.2,0.0,.500,Jordan Tucker,-3.6,0.0,0.0,6.3,0.0,28.8,3.9,.606,23.5,0.0,.000,.625
.175,16.7,0.9,7.6,2.1,13.1,1.1,.368,Terance Mann,5.4,8.2,2.6,21.3,1.7,13.9,10.7,.600,20.6,3.7,.167,.582
.534,18.9,0.7,7.2,1.7,11.5,1.2,.368,Braian Angola-Rodas,5.5,3.8,2.1,18.9,2.7,15.7,7.8,.574,23.1,3.3,.156,.520
.363,4.6,0.7,3.4,-0.3,12.7,1.0,.258,Phil Cofer,3.7,6.5,2.2,17.4,0.9,9.0,9.7,.577,20.3,3.1,.137,.562
.087,25.2,1.4,8.0,4.4,15.2,1.3,.725,Trent Forrest,3.6,5.9,1.7,19.1,3.1,20.9,10.7,.577,15.8,3.0,.156,.520
.490,18.4,0.6,3.9,1.6,11.3,1.0,.329,CJ Walker,2.3,0.9,1.0,13.2,2.4,17.6,6.3,.540,18.9,2.0,.106,.505
.160,4.4,5.2,3.8,1.9,19.9,0.8,.553,Mfiondu Kabengele,1.9,15.5,1.1,22.6,1.8,13.7,17.7,.560,24.7,1.8,.172,.530
.000,1.6,9.7,4.6,3.3,17.4,0.5,.343,Chris Koumadje,1.3,12.6,0.9,21.5,0.0,13.5,15.1,.638,18.3,1.4,.160,.646
.566,9.5,0.7,1.5,-0.1,8.2,0.6,.255,M.J. Walker,1.6,1.1,0.7,10.9,1.6,14.7,4.8,.537,20.3,1.3,.087,.503
.850,9.7,0.0,1.3,-2.9,9.7,0.3,.118,PJ Savoy,4.1,2.1,0.5,13.9,1.0,9.5,6.0,.526,25.3,0.8,.108,.516
.000,0.9,20.9,8.0,11.9,15.7,0.8,.717,Ike Obiagu,-3.9,10.3,-0.1,14.8,1.1,25.2,13.1,.493,13.5,0.7,.080,.547
.632,10.9,0.0,-0.7,0.4,7.3,0.1,.000,Brandon Allen,-1.1,2.6,0.0,5.5,1.9,32.1,5.0,.553,15.0,0.1,.024,.553
1.000,0.0,0.0,-2.2,-12.5,18.0,0.0,.000,Travis Light,10.3,0.0,0.0,32.1,0.0,0.0,9.3,.600,39.7,0.0,.202,.600
.000,39.7,0.0,-18.2,-0.9,15.4,0.0,.000,Justin Lindner,-17.3,0.0,0.0,-12.1,0.0,66.7,8.0,.000,20.4,0.0,-.225,.000
1.000,0.0,0.0,-16.3,-4.5,18.0,0.0,.000,Will Miles,-11.8,0.0,0.0,-14.3,0.0,0.0,9.3,.000,15.9,0.0,-.164,.000
,34.8,0.0,7.3,14.7,27.0,0.0,,Anthony Polite,-7.4,0.0,0.0,13.4,13.8,100.0,13.9,,11.9,0.0,.021,
.000,38.5,0.0,-9.5,-9.7,0.0,0.0,.000,Harrison Prieto,0.1,0.0,0.0,18.2,0.0,0.0,0.0,.500,19.1,0.0,.148,.500
.778,10.1,4.8,-2.7,4.2,17.2,0.1,.111,Wyatt Wilkes,-6.9,5.2,-0.1,0.0,1.3,34.5,11.4,.211,15.7,-0.1,-.071,.222
.222,13.6,3.6,10.1,4.5,22.6,2.0,.224,Luke Maye,5.6,10.2,3.4,24.4,1.7,10.7,16.6,.554,24.9,5.3,.187,.544
.509,17.3,1.1,6.6,1.1,9.3,1.2,.235,Joel Berry,5.5,2.0,3.0,18.3,1.8,10.2,5.7,.531,25.4,4.2,.151,.486
.554,13.1,1.7,9.5,3.0,8.8,1.2,.170,Kenny Williams,6.6,3.7,2.8,17.0,1.9,10.3,6.3,.605,15.7,4.0,.146,.595
.192,26.1,2.0,9.0,4.8,17.5,1.6,.492,Theo Pinson,4.2,5.4,2.3,18.9,2.1,20.8,11.6,.563,18.3,3.9,.152,.492
.520,13.3,0.8,8.0,1.4,10.5,0.7,.236,Cameron Johnson,6.7,6.4,2.1,18.2,1.2,7.8,8.5,.556,19.6,2.8,.160,.516
.000,5.7,7.2,4.8,2.9,21.9,0.6,.636,Sterling Manley,1.9,15.4,1.0,24.8,0.3,16.4,18.7,.600,25.2,1.6,.178,.562
.000,5.3,2.4,4.3,2.7,13.3,0.6,.509,Garrison Brooks,1.6,12.9,0.7,14.1,1.1,18.4,13.1,.555,15.8,1.3,.104,.544
.481,10.4,0.9,4.6,1.2,9.1,0.2,.185,Andrew Platek,3.4,6.5,0.5,12.3,0.7,13.3,7.8,.579,12.4,0.7,.108,.565
.396,11.3,1.9,4.0,2.6,9.8,0.3,.264,Brandon Robinson,1.4,7.6,0.3,8.7,1.0,22.2,8.7,.511,12.4,0.6,.077,.481
.565,25.9,1.0,0.7,0.8,8.8,0.2,.097,Jalek Felton,-0.2,1.0,0.0,9.8,2.1,27.0,5.0,.486,19.5,0.3,.049,.476
.000,1.9,9.1,-1.6,2.1,26.1,0.2,.485,Brandon Huffman,-3.7,17.1,0.0,17.9,0.0,24.3,21.7,.554,26.1,0.2,.092,.545
.000,10.7,0.0,3.5,1.6,21.6,0.0,.333,Aaron Rohlman,1.9,7.6,0.0,13.3,0.0,36.5,14.8,.863,8.8,0.1,.086,1.000
.111,22.1,0.8,-1.3,2.5,9.5,0.2,.185,Seventh Woods,-3.8,0.8,-0.1,4.6,2.5,27.2,5.3,.340,14.3,0.1,.017,.296
.500,0.0,0.0,-2.3,-1.3,9.5,0.0,.000,Kane Ma,-0.9,0.0,0.0,6.1,0.0,0.0,4.9,.500,8.5,0.0,.052,.500
.000,22.1,8.1,2.7,6.5,23.2,0.0,.167,Walker Miller,-3.7,4.1,0.0,10.4,0.0,23.6,13.9,.386,14.6,0.0,.066,.333
.333,11.0,12.1,1.6,10.8,15.5,0.1,.000,Shea Rush,-9.2,8.1,-0.1,0.9,4.2,35.7,11.9,.278,24.2,-0.1,-.075,.278
.515,43.6,0.2,10.0,0.9,11.6,1.6,.313,Cassius Winston,9.1,0.9,3.9,23.5,1.3,21.4,7.0,.691,21.0,5.5,.241,.655
.422,17.0,2.7,9.5,3.8,18.3,2.2,.247,Miles Bridges,5.7,4.9,3.1,22.8,1.2,12.4,12.6,.582,26.9,5.3,.212,.541
.427,9.4,14.6,16.0,10.6,19.5,2.2,.569,Jaren Jackson Jr.,5.4,8.5,2.3,27.5,1.7,17.4,14.7,.654,23.8,4.5,.244,.604
.004,5.8,7.5,9.2,3.8,23.2,1.6,.740,Nick Ward,5.3,19.0,2.6,33.1,0.8,14.3,21.4,.656,29.7,4.3,.272,.657
.298,10.7,0.2,2.3,0.7,7.8,1.3,.196,Joshua Langford,1.6,3.4,1.5,12.9,0.8,11.7,5.9,.530,23.4,2.8,.127,.497
.795,10.2,0.5,7.3,1.5,5.9,0.9,.173,Matt McQuaid,5.8,4.4,1.4,12.1,0.9,12.9,5.3,.610,14.3,2.4,.139,.587
.000,6.1,3.8,8.7,5.0,23.0,0.8,.941,Gavin Schilling,3.8,16.1,0.8,19.2,1.4,22.2,20.0,.678,14.6,1.6,.193,.706
.259,13.2,5.4,10.3,7.5,14.8,0.9,.190,Kenny Goins,2.7,7.8,0.6,13.6,1.7,18.1,11.8,.514,9.2,1.5,.143,.500
.000,6.5,7.8,11.1,7.3,18.7,0.7,.558,Xavier Tillman,3.7,12.5,0.7,22.0,1.8,16.5,16.0,.669,15.0,1.4,.208,.654
.296,26.1,0.4,1.4,0.8,5.4,0.8,.093,Lourawls Nairn,0.6,0.0,0.6,7.6,0.8,34.0,3.1,.532,7.5,1.3,.092,.546
.067,18.5,2.8,3.9,4.8,12.3,0.3,.267,Ben Carter,-1.0,4.5,0.0,6.3,0.8,32.1,9.0,.385,8.7,0.3,.079,.400
.533,0.0,0.0,-6.4,-0.9,20.1,0.1,.133,Conner George,-5.5,17.1,-0.1,3.0,3.3,11.1,18.8,.188,16.8,0.0,.020,.200
.496,11.2,3.6,13.1,4.4,13.9,2.1,.271,Mikal Bridges,8.7,5.5,4.8,27.4,2.8,9.3,9.9,.659,23.3,6.9,.243,.628
.400,26.9,0.1,9.5,0.5,9.9,1.4,.305,Jalen Brunson,8.9,1.1,5.5,27.0,1.5,10.6,5.8,.648,26.5,6.9,.247,.620
.529,19.9,0.6,8.8,2.9,13.6,1.6,.257,Donte DiVincenzo,5.9,4.5,3.0,20.3,2.3,14.7,9.3,.591,22.1,4.6,.180,.573
.436,4.4,5.3,8.3,4.4,22.6,1.9,.226,Omari Spellman,3.9,10.0,2.6,20.7,1.4,9.1,16.6,.590,18.0,4.5,.184,.577
.356,12.2,2.1,9.3,4.3,12.8,1.5,.326,Eric Paschall,5.0,7.2,2.6,18.0,1.9,17.2,10.1,.630,16.7,4.0,.164,.592
.600,16.4,0.8,7.5,2.1,11.0,1.0,.321,Phil Booth,5.4,1.5,2.1,17.9,1.9,13.6,6.5,.613,19.1,3.1,.165,.581
.776,10.9,0.3,7.1,1.7,8.2,0.5,.306,Collin Gillespie,5.4,1.2,1.0,14.2,2.1,10.2,4.9,.647,13.4,1.6,.152,.624
.000,0.8,3.3,5.2,2.7,14.9,0.6,.308,Dhamir Cosby-Roundtree,2.5,8.9,0.8,15.0,1.3,19.5,12.1,.765,11.5,1.5,.145,.785
.593,6.5,2.1,-1.2,2.1,16.5,0.2,.593,Jermaine Samuels,-3.3,5.0,-0.1,2.9,0.4,24.1,11.1,.390,15.4,0.1,.020,.315
.750,8.7,0.0,-1.3,2.0,7.5,0.0,.000,Tim Delaney,-3.3,2.8,0.0,-5.4,0.0,20.0,5.3,.000,5.6,0.0,-.009,.000
1.000,0.0,0.0,-8.4,-2.9,26.5,0.0,.000,Denny Grace,-5.5,7.4,0.0,0.4,0.0,40.0,17.5,.500,14.9,0.0,-.005,.500
1.000,0.0,0.0,-1.4,0.3,8.0,0.0,.000,Peyton Heck,-1.7,9.0,0.0,1.2,0.0,0.0,8.5,.000,3.6,0.0,.019,.000
.000,0.0,7.0,3.3,3.3,22.5,0.0,.000,Matt Kennedy,0.0,0.0,0.0,11.7,0.0,0.0,11.9,1.000,3.4,0.0,.119,1.000
.800,0.0,0.0,-8.4,0.1,17.8,0.0,.000,Tom Leibig,-8.5,0.0,-0.1,-1.6,3.0,16.7,9.4,.200,16.0,0.0,-.073,.200
.547,13.5,0.8,8.5,1.0,15.4,1.3,.412,Trevon Bluiett,7.5,3.0,4.0,21.9,1.2,10.8,9.6,.614,25.4,5.3,.187,.557
.431,17.5,1.4,9.2,3.4,11.4,1.3,.384,J.P. Macura,5.8,5.5,2.3,18.8,2.6,15.7,8.6,.588,20.4,3.7,.154,.534
.213,6.4,1.9,5.4,-0.2,21.5,0.7,.391,Kerem Kanter,5.6,9.8,2.2,27.9,0.9,9.5,16.1,.643,27.2,2.9,.217,.609
.803,6.1,1.1,7.4,1.9,16.8,0.9,.277,Kaiser Gates,5.5,4.9,1.6,13.8,1.1,8.8,11.2,.605,13.7,2.6,.134,.569
.268,27.1,0.7,4.1,1.8,9.9,1.1,.373,Quentin Goodin,2.3,1.1,1.4,13.3,1.7,21.6,5.8,.542,17.1,2.5,.103,.487
.235,12.8,1.0,6.7,3.0,15.7,1.0,.469,Naji Marshall,3.7,6.8,1.5,16.5,1.7,19.2,11.5,.612,18.0,2.4,.131,.573
.000,12.7,4.9,8.7,4.0,14.6,0.7,.394,Sean O'Mara,4.7,10.6,1.7,23.6,1.2,13.6,12.7,.639,21.1,2.4,.190,.600
.000,5.4,4.2,6.6,3.7,23.1,0.8,.672,Tyrique Jones,3.0,11.1,1.3,23.2,2.2,12.4,17.5,.622,21.1,2.1,.187,.625
.342,16.9,1.7,3.3,2.8,12.0,0.7,.325,Paul Scruggs,0.5,1.2,0.3,10.2,1.9,24.9,6.9,.552,17.2,0.9,.071,.517
,0.0,0.0,1.6,2.6,0.0,0.0,,Matt Singleton,-1.0,0.0,0.0,-4.0,0.0,,0.0,,0.0,0.0,.018,
,46.7,0.0,-12.7,-10.1,0.0,0.0,,Nick Vanderpohl,-2.6,0.0,0.0,12.7,0.0,,0.0,,0.0,0.0,.137,
.500,10.5,0.0,-3.2,0.2,3.3,0.1,.125,Elias Harden,-3.4,0.0,-0.1,-0.1,1.1,26.1,1.8,.324,11.4,-0.1,-.022,.281
,0.0,0.0,-21.0,2.9,0.0,0.0,,Leighton Schrand,-23.8,0.0,-0.1,-29.6,0.0,100.0,0.0,,24.5,-0.1,-.470,
.400,36.2,1.4,12.4,4.5,13.2,2.5,.319,Jevon Carter,8.0,2.6,3.8,24.4,4.7,15.1,7.6,.549,25.0,6.3,.216,.495
.488,20.9,0.0,7.9,0.8,6.5,1.3,.338,Daxter Miles,7.1,4.8,2.9,19.2,2.5,11.4,5.6,.565,21.5,4.2,.177,.530
.000,4.5,15.8,9.6,9.3,23.8,2.0,.331,Sagaba Konate,0.3,9.8,2.0,23.9,0.9,10.6,16.4,.552,20.2,4.0,.188,.507
.674,11.8,1.7,8.9,1.5,8.4,1.0,.130,James Bolden,7.4,4.3,1.8,20.4,3.2,10.3,6.2,.593,22.6,2.7,.186,.575
.588,5.0,0.8,3.6,-0.2,12.8,1.0,.280,Lamont West,3.8,6.1,1.6,14.8,1.0,11.0,9.2,.553,19.7,2.6,.135,.518
.525,3.0,2.2,3.2,2.3,13.9,1.1,.399,Wesley Harris,0.9,6.2,0.6,10.2,1.8,15.7,9.9,.508,14.9,1.7,.098,.456
.208,11.3,1.5,4.5,2.5,15.4,0.8,.444,Esa Ahmad,1.9,6.9,0.8,15.7,1.7,14.3,10.9,.519,19.7,1.6,.128,.476
.137,10.3,0.0,0.8,-0.8,14.7,0.6,.371,Teddy Allen,1.6,11.4,0.8,19.6,1.8,12.3,12.9,.510,30.1,1.3,.146,.466
.661,11.4,1.1,2.8,1.9,5.3,0.4,.119,Chase Harler,0.9,2.2,0.2,7.1,2.2,11.4,3.7,.433,10.1,0.7,.081,.407
.079,3.2,3.7,3.3,4.2,13.5,0.5,.395,Maciej Bender,-0.9,11.4,0.1,8.5,1.7,23.7,12.4,.443,9.5,0.6,.075,.447
.000,6.6,5.7,6.3,4.5,10.9,0.3,.429,Logan Routt,1.9,17.5,0.3,11.2,0.0,28.3,14.4,.554,7.7,0.6,.105,.571
.607,5.1,3.9,1.5,1.6,12.4,0.1,.214,D'Angelo Hunter,0.0,6.6,0.1,8.8,1.2,6.1,9.3,.405,16.4,0.2,.093,.357
.530,48.5,0.7,11.8,0.6,10.0,1.1,.444,Trae Young,11.2,1.3,4.6,28.3,2.5,18.3,5.8,.586,37.1,5.7,.201,.519
.007,4.1,9.0,10.0,7.6,20.4,1.2,.436,Khadeem Lattin,2.4,10.0,1.5,22.0,2.9,11.5,15.4,.627,13.7,2.8,.172,.593
.552,8.3,0.1,5.1,1.1,11.0,0.8,.208,Christian James,4.1,3.9,1.6,14.4,2.0,12.9,7.6,.581,17.9,2.4,.103,.559
.579,3.4,2.7,3.7,0.3,16.7,0.7,.113,Brady Manek,3.4,5.7,1.6,17.4,0.8,7.6,11.4,.580,18.4,2.3,.119,.577
.000,3.3,7.6,5.0,5.2,22.6,0.9,.364,Jamuni McNeace,-0.1,8.5,0.8,18.9,1.7,23.0,15.8,.661,17.0,1.7,.119,.671
.094,8.8,0.3,2.0,0.4,9.3,0.4,.471,Rashard Odomes,1.6,8.0,1.1,13.2,0.8,11.1,8.7,.534,16.5,1.5,.089,.526
.479,3.2,0.2,-0.9,-1.7,8.6,0.3,.263,Kameron McGusty,0.9,2.2,0.7,12.1,1.0,9.8,5.5,.534,20.6,1.0,.069,.502
.063,5.6,0.8,0.5,2.5,19.3,0.4,.413,Kristian Doolittle,-2.0,6.7,0.1,8.1,1.3,16.6,13.2,.425,11.1,0.5,.048,.381
.694,7.0,0.8,0.7,0.0,12.0,0.2,.129,Matt Freeman,0.6,2.2,0.2,8.0,0.9,10.8,7.3,.502,13.9,0.4,.058,.484
.339,15.6,1.1,-0.5,0.9,5.8,0.2,.536,Jordan Shepherd,-1.4,0.6,0.1,7.0,1.9,27.0,3.3,.512,12.6,0.3,.035,.446
.000,3.6,1.9,-4.6,-1.5,16.6,0.0,.118,Hannes Polla,-3.1,20.0,0.0,11.1,0.0,21.8,18.2,.474,21.5,0.1,.041,.471
.000,0.0,0.0,-16.1,-4.6,20.3,0.0,.667,Patrick Geha,-11.5,0.0,0.0,0.6,0.0,0.0,10.5,.253,18.2,0.0,-.046,.000
.143,0.0,0.0,-10.6,-2.5,0.0,0.0,.286,Chris Giles,-8.1,0.0,0.0,4.2,3.5,11.2,0.0,.377,27.4,0.0,-.047,.286
.450,4.4,0.0,-1.6,1.7,9.3,0.1,.100,Ty Lazenby,-3.4,3.3,-0.2,1.1,2.0,27.6,6.4,.358,10.2,0.0,-.014,.350
,0.0,0.0,-4.4,0.7,25.4,0.0,,Marshall Thorpe,-5.1,0.0,0.0,1.9,0.0,,13.1,,0.0,0.0,.039,
.447,20.0,0.6,11.5,4.9,15.0,2.7,.301,Devon Hall,6.6,1.5,3.4,21.0,1.8,9.8,8.5,.613,19.5,6.0,.227,.566
.480,26.0,0.1,10.0,5.1,11.2,2.7,.137,Ty Jerome,4.9,1.4,2.0,18.3,3.3,13.8,6.5,.543,21.4,4.7,.188,.517
.091,10.7,7.2,13.5,11.3,18.9,2.9,.274,Isaiah Wilkins,2.2,9.4,1.5,18.7,2.8,13.5,14.3,.529,13.7,4.5,.196,.494
.502,10.0,0.1,6.0,2.4,8.3,2.4,.117,Kyle Guy,3.6,1.5,1.7,16.7,2.1,8.3,5.0,.528,26.3,4.1,.154,.508
.258,11.8,2.7,9.6,4.8,14.8,1.7,.460,De'Andre Hunter,4.8,7.6,2.1,23.4,1.9,10.7,11.3,.584,25.7,3.8,.230,.538
.000,2.5,4.5,7.8,6.9,15.5,1.7,.400,Jack Salt,0.9,10.0,0.9,13.1,1.1,18.1,12.8,.614,10.4,2.6,.157,.650
.000,2.1,4.0,5.4,5.2,16.2,1.4,.297,Mamadi Diakite,0.2,8.0,0.9,17.7,2.0,14.1,12.2,.603,19.4,2.3,.185,.570
.341,19.9,0.3,4.5,4.5,11.6,1.3,.281,Nigel Johnson,0.0,0.5,0.3,13.4,3.0,13.6,6.2,.464,21.1,1.5,.124,.441
.280,8.3,17.9,17.0,13.0,19.9,0.3,.320,Jay Huff,4.0,7.5,0.3,28.1,0.6,12.2,13.9,.712,18.1,0.7,.265,.720
.464,16.6,2.6,2.5,4.5,14.3,0.3,.107,Marco Anthony,-1.9,1.3,0.0,9.5,1.3,16.9,8.0,.442,20.0,0.2,.086,.446
.400,0.0,0.0,-3.6,-2.0,11.2,0.0,.400,Justice Bartley,-1.7,11.9,0.0,10.4,0.0,14.4,11.5,.504,18.3,0.1,.111,.500
.333,20.3,0.0,6.1,5.1,13.7,0.1,.667,Trevon Gross Jr.,0.9,4.8,0.0,12.2,2.4,20.2,9.4,.506,10.6,0.1,.140,.667
.571,0.0,0.0,-1.0,-1.4,32.4,0.1,.286,Austin Katstra,0.4,0.0,0.0,25.3,3.5,11.2,16.7,.629,27.4,0.1,.205,.643
.606,28.5,0.6,8.7,0.0,9.7,1.1,.321,Landry Shamet,8.8,1.6,3.8,22.0,1.3,15.3,5.8,.669,20.5,4.9,.201,.639
.147,11.7,7.8,9.4,4.8,18.2,1.4,.407,Shaquille Morris,4.6,8.1,2.7,27.2,1.4,11.2,13.3,.613,26.6,4.1,.217,.583
.552,17.0,0.8,5.2,0.0,7.8,0.8,.130,Conner Frankamp,5.2,0.5,2.1,17.5,1.9,3.5,4.3,.545,19.9,2.9,.165,.513
.129,16.1,2.7,8.1,4.8,20.3,1.2,.597,Rashard Kelly,3.3,15.1,1.5,17.0,1.3,19.4,17.8,.507,14.1,2.8,.143,.475
.674,15.8,1.4,6.8,1.3,14.1,0.9,.283,Austin Reaves,5.5,2.2,1.8,17.0,1.2,15.1,8.3,.640,17.4,2.7,.156,.609
.188,11.1,2.8,3.2,1.1,25.6,0.9,.504,Darral Willis Jr.,2.2,11.6,1.5,23.1,0.6,15.0,18.8,.572,28.8,2.5,.172,.543
.688,13.8,1.1,5.7,2.6,11.7,0.9,.330,Zach Brown,3.1,5.2,0.8,11.0,1.8,22.2,8.5,.567,12.8,1.7,.107,.522
.245,5.8,3.5,4.3,2.0,15.2,0.6,.309,Rauno Nurger,2.3,8.1,1.0,15.3,0.7,9.3,11.7,.579,15.6,1.6,.142,.555
.404,11.0,0.6,2.6,0.2,13.3,0.5,.360,Markis McDuffie,2.4,5.9,0.7,15.4,1.3,15.8,9.7,.559,23.2,1.2,.121,.522
.294,20.7,0.0,-0.6,-1.6,8.8,0.3,.321,Samajae Haynes-Jones,0.9,1.8,0.5,14.7,1.3,12.5,5.4,.509,26.7,0.8,.115,.477
.250,13.3,1.8,3.2,2.7,8.7,0.2,.625,C.J. Keyser,0.5,3.7,0.2,10.0,2.7,16.2,6.3,.498,14.3,0.4,.112,.375
.000,19.6,0.0,4.1,-3.6,7.9,0.0,.000,Brett Barney,7.7,0.0,0.1,30.6,0.0,0.0,4.1,.714,24.4,0.1,.216,.714
.000,0.0,4.7,-5.8,0.3,31.6,0.1,.200,Asbjorn Midtgaard,-6.1,7.2,0.0,10.2,1.2,21.5,19.8,.502,13.9,0.1,.077,.500
1.000,0.0,0.0,-4.6,-3.1,12.3,0.0,.000,Brycen Bush,-1.5,0.0,0.0,3.6,0.0,66.7,6.3,1.500,16.3,0.0,-.086,1.500
.000,21.0,0.0,4.4,-0.9,13.8,0.0,.000,Jacob Herrs,5.3,0.0,0.0,16.8,0.0,0.0,7.1,1.000,6.1,0.0,.183,1.000
.286,31.3,0.0,-11.4,-0.8,15.8,0.0,.286,Kaelen Malone,-10.6,0.0,-0.1,-6.0,0.0,33.5,8.1,.189,20.9,-0.1,-.106,.143
.472,20.4,0.0,8.1,2.9,12.3,2.0,.361,Marcquise Reed,5.2,2.6,2.7,19.9,2.9,14.3,7.7,.571,24.3,4.7,.169,.516
.581,11.5,1.4,6.3,2.9,12.5,1.8,.246,Gabe DeVoe,3.5,3.1,1.8,15.6,1.8,14.3,8.0,.566,20.7,3.6,.130,.537
.000,8.6,10.0,7.9,8.2,25.6,2.1,.528,Elijah Thomas,-0.2,11.4,1.4,23.5,1.6,19.5,18.8,.587,24.2,3.4,.174,.570
.341,16.2,3.1,10.7,4.5,18.6,1.2,.275,Donte Grantham,6.1,6.1,2.0,23.9,1.5,13.1,12.7,.654,20.5,3.1,.207,.632
.457,20.6,0.1,3.8,1.2,8.5,1.3,.395,Shelton Mitchell,2.6,1.5,1.7,14.3,1.4,16.3,5.2,.548,20.6,3.0,.121,.482
.474,3.9,2.8,5.4,2.5,10.8,0.6,.244,Mark Donnal,2.9,5.0,0.8,14.1,1.1,11.2,8.0,.672,13.1,1.4,.148,.660
.394,7.8,6.2,4.9,5.3,18.3,0.9,.250,Aamir Simms,-0.4,6.1,0.4,13.7,0.9,14.7,12.5,.520,15.4,1.3,.115,.510
.339,4.0,2.5,3.1,4.5,10.3,0.7,.419,David Skara,-1.4,5.3,0.0,6.8,1.9,22.8,7.9,.484,11.4,0.7,.065,.444
.500,14.3,1.0,-0.7,0.8,9.3,0.3,.475,Clyde Trapp,-1.5,0.6,0.1,7.3,0.6,23.4,5.2,.541,15.6,0.4,.067,.488
.679,6.8,0.0,2.4,1.1,15.5,0.2,.393,Anthony Oliver II,1.2,4.6,0.1,12.1,2.2,10.7,10.3,.512,18.1,0.3,.126,.446
.115,8.3,4.6,2.3,2.4,17.0,0.1,.154,Malik William,-0.2,23.9,0.1,16.6,0.8,6.7,20.3,.394,21.8,0.2,.134,.365
.500,26.6,0.0,-19.0,-6.7,0.0,0.0,.000,Lyles Davis,-12.2,0.0,0.0,-8.6,0.0,0.0,0.0,.000,17.5,0.0,-.153,.000
1.000,0.0,0.0,-15.2,-3.0,27.9,0.0,.000,Isaac Fields,-12.2,0.0,0.0,-7.3,0.0,0.0,14.6,.000,13.1,0.0,-.113,.000
.564,6.6,0.8,-4.7,-0.2,5.7,0.1,.051,Scott Spencer,-4.4,2.7,-0.2,0.6,0.4,7.0,4.3,.300,16.4,0.0,-.012,.295
.012,3.4,4.1,3.5,2.5,20.8,1.5,.404,Dewan Huell,1.1,9.3,2.0,22.1,1.1,12.6,15.1,.600,21.7,3.5,.169,.576
.411,13.2,3.5,9.3,6.3,19.4,2.0,.294,Anthony Lawrence Jr.,3.0,5.5,1.5,17.3,2.8,17.8,12.5,.576,15.7,3.5,.145,.556
.509,13.0,1.8,4.8,1.7,9.2,1.3,.204,Lonnie Walker,3.1,1.7,1.6,16.3,2.0,9.6,5.5,.527,22.4,2.8,.127,.503
.706,3.6,0.3,4.2,-0.4,10.3,0.9,.069,Dejan Vasiljevic,4.6,2.4,1.7,15.3,1.0,6.3,6.4,.606,17.9,2.5,.139,.595
.319,21.3,2.5,6.7,5.1,20.0,1.2,.372,Bruce Brown,1.5,4.6,0.7,16.9,2.3,16.3,12.4,.488,21.2,1.9,.121,.457
.000,3.3,4.7,6.5,4.0,15.9,0.9,.317,Ebuka Izundu,2.5,14.2,1.1,20.0,1.9,18.4,15.1,.668,16.2,1.9,.166,.692
.558,20.4,0.2,1.7,-0.6,6.1,0.9,.329,Chris Lykes,2.3,0.5,0.9,14.2,2.1,16.8,3.3,.533,25.8,1.8,.103,.498
.110,18.0,0.6,0.8,1.9,8.4,1.1,.376,Ja'Quan Newton,-1.1,2.1,0.5,12.3,2.1,17.4,5.2,.488,21.2,1.6,.075,.459
.552,9.1,3.2,6.8,4.3,12.4,0.5,.155,Sam Waardenburg,2.5,9.9,0.5,13.6,1.9,18.4,11.2,.554,12.7,0.9,.122,.534
1.000,0.0,0.0,-5.9,-1.6,10.6,0.0,2.000,Josh Heath,-4.3,0.0,0.0,0.3,0.0,0.0,5.3,.256,9.1,0.0,-.004,.000
.000,0.0,2.1,-9.4,-3.1,8.9,0.1,.857,Rodney Miller,-6.3,6.8,0.0,7.3,0.0,13.2,7.9,.457,22.5,0.0,.011,.571
.750,14.0,0.0,-7.4,-5.8,0.0,0.0,.000,Mike Robinson,-1.7,0.0,0.0,4.2,0.0,0.0,0.0,.375,17.1,0.0,.041,.375
.408,12.7,0.7,3.6,0.4,7.5,1.8,.342,Tyus Battle,3.2,1.4,2.8,18.0,2.4,11.4,4.5,.529,28.4,4.6,.139,.471
.375,5.8,2.5,3.1,2.3,20.0,2.4,.483,Oshae Brissett,0.7,6.8,2.1,17.3,1.9,10.7,13.5,.497,23.3,4.5,.141,.421
.000,3.3,12.8,10.7,9.9,16.5,2.0,.767,Paschal Chukwu,0.8,12.5,1.4,18.4,1.7,22.2,14.5,.655,10.2,3.4,.147,.660
.423,30.0,1.0,3.6,1.9,8.4,2.0,.255,Franklin Howard,1.6,1.5,0.9,14.3,3.1,18.4,5.0,.481,26.0,2.9,.090,.449
.066,11.9,3.5,6.3,5.3,11.7,1.5,.595,Marek Dolezaj,0.9,8.4,1.1,13.3,1.9,22.5,10.1,.573,11.2,2.6,.111,.525
.110,5.6,2.1,2.0,3.1,16.2,0.9,.439,Matthew Moyer,-1.0,7.5,0.5,11.5,1.2,18.2,11.9,.550,11.4,1.4,.097,.543
.000,2.5,7.5,2.6,5.6,18.4,0.7,.735,Bourama Sidibe,-3.0,11.7,0.1,12.6,1.9,26.6,15.1,.552,14.2,0.8,.094,.571
.706,17.7,1.2,1.1,3.4,15.5,0.2,.588,Howard Washington,-2.4,0.0,0.0,9.3,3.4,24.3,7.9,.437,13.7,0.2,.065,.353
.000,100.0,0.0,49.5,12.2,0.0,0.0,.000,Shaun Belbey,37.2,0.0,0.0,109.1,31.0,0.0,0.0,1.000,26.3,0.1,1.039,1.000
.368,17.6,0.0,-1.3,0.0,4.0,0.1,.132,Geno Thorpe,-1.2,2.7,0.0,12.3,4.3,14.8,3.4,.446,29.0,0.1,.058,.421
1.000,0.0,0.0,-22.6,-7.0,0.0,0.0,.000,Adrian Autry,-15.5,0.0,0.0,-24.2,0.0,0.0,0.0,.000,26.3,0.0,-.324,.000
.000,0.0,0.0,-10.8,-2.8,41.3,0.0,.000,Braedon Bayer,-8.0,0.0,0.0,5.5,0.0,50.0,21.0,1.000,9.6,0.0,.074,1.000
,89.5,0.0,-29.7,-22.3,0.0,0.0,,Ray Featherston,-7.4,0.0,0.0,21.3,0.0,,0.0,,0.0,0.0,.187,
.000,0.0,0.0,-13.7,-7.1,28.4,0.0,.000,Patrick Herlihy,-6.6,0.0,0.0,15.3,0.0,0.0,14.4,.500,26.3,0.0,.130,.500
.489,15.4,0.2,5.5,0.4,6.2,1.2,.372,Temple Gibbs,5.1,2.3,3.4,17.0,1.6,9.9,4.3,.567,20.8,4.6,.141,.512
.012,9.7,3.8,8.3,4.0,22.7,1.5,.383,Martinas Geben,4.3,13.9,2.9,26.4,1.5,16.5,18.4,.652,21.4,4.5,.207,.607
.634,30.9,0.2,6.1,-0.7,7.0,1.1,.220,Matt Farrell,6.7,0.7,3.0,19.6,1.8,13.5,3.9,.567,24.5,4.1,.153,.537
.186,6.6,7.2,8.3,5.0,26.5,1.6,.339,Bonzie Colson,3.3,8.2,2.1,31.9,3.1,7.9,17.6,.569,30.1,3.7,.228,.532
.492,16.8,0.7,4.6,2.7,10.2,1.3,.280,Rex Pflueger,1.9,4.4,1.2,11.9,1.9,15.1,7.4,.481,15.7,2.6,.092,.437
.486,6.4,2.6,5.7,1.7,19.7,0.8,.318,John Mooney,4.0,9.1,1.5,19.8,1.2,6.6,14.6,.587,17.6,2.3,.171,.591
.450,5.9,0.9,1.5,1.0,13.4,0.5,.290,D.J. Harvey,0.4,4.8,0.4,12.9,1.9,8.8,9.2,.488,18.8,0.8,.094,.465
.000,6.7,3.3,3.8,4.4,16.2,0.5,.408,Austin Torres,-0.7,8.4,0.3,11.9,1.9,22.5,12.4,.573,12.2,0.8,.096,.612
.074,3.9,1.0,-0.7,1.6,16.8,0.4,.556,Elijah Burns,-2.3,7.2,0.2,10.6,1.2,17.0,12.2,.498,13.9,0.6,.081,.417
.556,7.7,1.5,-0.1,1.8,11.4,0.5,.212,Nikola Djogo,-1.9,4.1,-0.1,5.8,0.9,12.1,7.9,.381,13.4,0.4,.035,.364
.250,0.0,10.7,1.8,3.1,11.0,0.0,.000,Liam Nelligan,-1.2,11.7,0.0,16.7,0.0,0.0,11.4,.500,10.4,0.1,.119,.500
.667,0.0,0.0,-12.3,-5.1,10.3,0.0,.000,Matt Gregory,-7.2,3.7,-0.1,-1.8,0.0,0.0,7.1,.250,19.5,0.0,-.053,.250
.384,19.5,0.4,4.5,-1.3,9.6,1.0,.342,Jerome Robinson,5.8,1.6,3.9,21.3,1.4,13.8,5.6,.607,27.4,4.9,.157,.564
.427,24.4,1.0,4.9,1.7,17.7,1.7,.230,Ky Bowman,3.1,2.4,2.3,18.2,2.2,16.3,10.0,.534,25.5,4.0,.120,.500
.653,7.7,0.1,3.3,-0.9,7.6,0.8,.234,Jordan Chatman,4.2,1.4,2.7,13.5,1.0,6.7,4.5,.585,15.9,3.5,.113,.545
.457,10.5,3.5,6.8,4.5,18.0,1.6,.537,Steffon Mitchell,2.2,10.0,1.5,14.6,1.9,14.4,14.0,.494,11.3,3.1,.110,.480
.092,9.5,3.3,2.1,1.6,15.5,1.0,.346,Nik Popovic,0.5,11.0,1.4,16.9,0.9,17.2,13.3,.550,20.8,2.5,.108,.517
.274,7.2,1.0,-1.7,-1.2,26.0,0.3,.190,Deontae Hawkins,-0.6,10.5,0.3,17.1,0.5,16.4,18.2,.540,24.2,0.6,.101,.512
.000,3.1,3.5,-2.9,0.5,15.2,0.4,.266,Johncarlos Reyes,-3.5,9.2,0.1,9.1,0.5,21.9,12.2,.528,15.9,0.5,.051,.532
.310,8.9,5.4,-1.0,3.8,13.6,0.4,.571,Lucas Kraljevic,-4.7,4.3,-0.3,3.7,1.4,31.0,8.9,.421,13.2,0.1,.010,.393
.778,10.8,0.0,-1.6,-0.4,19.5,0.1,.333,Ervins Meznieks,-1.2,2.4,0.0,7.2,1.2,22.3,11.0,.528,14.5,0.1,.067,.444
,74.6,0.0,-25.5,-19.4,0.0,0.0,,Mac Bohuny,-6.1,0.0,0.0,19.6,0.0,,0.0,,0.0,0.0,.187,
,0.0,0.0,-2.7,0.9,0.0,0.0,,Matt DiLuccio,-3.6,0.0,0.0,0.0,0.0,,0.0,,0.0,0.0,.006,
.333,0.0,0.0,-5.1,-6.3,11.2,0.0,.667,Gordon Gehan,1.2,0.0,0.0,20.2,0.0,0.0,5.6,.633,19.6,0.0,.140,.667
,0.0,0.0,-17.9,1.1,0.0,0.0,,Sam Holtz,-19.0,0.0,0.0,-20.2,0.0,100.0,0.0,,16.5,0.0,-.326,
,0.0,0.0,-2.7,0.9,0.0,0.0,,Will Jackowitz,-3.6,0.0,0.0,0.0,0.0,,0.0,,0.0,0.0,.006,
.214,4.4,2.5,-5.7,0.4,4.9,0.1,.571,Avery Wilson,-6.2,2.4,-0.1,9.6,3.7,33.6,3.7,.590,28.9,0.0,-.036,.643
.714,4.2,1.1,-5.3,-1.7,9.7,0.2,.179,Vin Baker Jr.,-3.6,4.9,-0.2,3.9,0.8,22.9,7.3,.444,18.8,-0.1,-.010,.411
.371,23.1,1.4,10.1,2.5,11.1,1.9,.584,Keenan Evans,7.7,1.4,4.0,26.1,2.4,11.6,6.4,.609,28.4,5.9,.246,.539
.134,11.6,4.5,11.4,6.0,10.6,2.0,.490,Zhaire Smith,5.3,9.2,3.0,22.6,2.4,11.4,9.9,.619,18.2,5.0,.210,.587
.458,12.9,3.3,9.4,5.1,16.4,2.1,.368,Jarrett Culver,4.3,4.8,2.0,20.2,2.7,13.5,10.8,.578,22.2,4.1,.184,.561
.178,9.2,3.3,7.5,6.0,13.3,1.5,.395,Justin Gray,1.4,6.5,1.0,13.6,2.4,14.0,10.0,.538,13.0,2.5,.146,.481
.360,16.9,1.1,4.3,2.5,13.3,1.3,.369,Niem Stevenson,1.8,4.8,1.1,14.9,1.4,12.8,9.2,.507,21.2,2.4,.141,.470
.000,8.2,3.7,6.4,6.0,21.0,1.3,.677,Norense Odiase,0.3,14.9,0.6,14.9,2.1,25.0,18.0,.553,15.8,1.9,.144,.527
.536,8.4,0.2,3.4,1.4,11.4,0.9,.159,Brandone Francis,2.0,3.5,0.7,12.3,1.4,12.9,7.5,.557,17.8,1.7,.125,.563
.426,10.2,1.4,1.5,2.4,18.1,1.1,.182,Tommy Hamilton,-0.9,6.8,0.1,11.7,1.5,19.7,12.6,.505,23.8,1.2,.094,.497
.044,9.5,6.0,6.5,7.0,15.6,0.9,.418,Zach Smith,-0.5,6.3,0.3,15.3,2.0,21.0,11.1,.564,17.1,1.2,.121,.588
.717,13.9,0.0,1.5,1.3,6.3,0.7,.226,Davide Moretti,0.2,1.7,0.2,7.7,2.2,19.3,4.1,.486,17.5,0.9,.084,.443
.667,9.7,6.4,5.2,2.3,6.1,0.0,1.333,Parker Hicks,2.8,0.0,0.0,13.4,0.0,16.9,3.1,.714,15.7,0.1,.154,.833
.500,27.5,0.0,2.3,5.1,19.3,0.1,.333,Andrew Sorrells,-2.7,0.0,0.0,10.6,4.9,22.3,9.9,.360,18.9,0.1,.087,.250
.238,18.7,0.0,-1.5,3.4,11.2,0.3,.286,Josh Webster,-4.9,2.5,-0.2,2.6,2.0,20.1,7.0,.168,10.4,0.1,.020,.143
.000,0.0,1.6,-6.0,1.2,12.4,0.1,.308,Malik Ondigo,-7.2,6.5,-0.1,2.3,1.6,37.7,9.5,.503,16.1,0.0,.010,.462
.396,32.9,0.2,6.4,0.8,7.5,1.2,.440,Justin Robinson,5.6,3.1,3.1,20.5,2.4,17.5,5.4,.592,24.0,4.3,.170,.543
.197,9.1,4.3,8.1,3.9,19.0,1.4,.635,Kerry Blackshear Jr.,4.2,8.7,2.7,23.5,1.9,13.4,14.2,.634,23.2,4.1,.199,.588
.522,8.7,0.6,4.2,0.5,7.9,0.9,.148,Justin Bibbs,3.8,0.6,1.9,14.7,1.1,9.8,4.5,.604,19.2,2.8,.109,.591
.188,21.0,0.6,6.7,4.5,24.3,1.5,.466,Chris Clarke,2.2,5.4,1.3,17.6,2.2,25.9,15.5,.626,18.4,2.8,.137,.614
.598,6.6,0.3,4.4,-0.2,10.9,0.8,.161,Ahmed Hill,4.6,2.8,1.9,16.2,0.8,8.8,7.1,.625,19.1,2.7,.128,.613
.536,10.6,2.5,5.3,2.5,14.0,1.2,.228,Nickeil Alexander-Walker,2.8,3.6,1.3,16.6,1.9,14.5,9.1,.575,22.0,2.4,.116,.554
.258,16.4,0.4,3.5,2.5,11.5,0.6,.621,Devin Wilson,0.9,1.9,0.6,9.7,1.6,18.2,7.1,.550,10.0,1.3,.095,.561
.072,1.1,2.5,0.3,-0.4,12.5,0.4,.506,P.J. Horne,0.7,12.3,0.7,16.5,0.7,14.9,12.4,.622,19.1,1.1,.134,.602
.333,16.8,1.5,3.6,1.6,9.8,0.3,.353,Wabissa Bede,2.0,2.2,0.5,13.8,1.7,13.1,6.3,.588,15.3,0.7,.126,.578
.414,9.6,0.6,1.8,0.8,16.9,0.3,.638,Tyrie Jackson,1.0,7.8,0.3,15.8,2.0,16.6,12.6,.549,23.3,0.6,.123,.483
.333,0.0,0.0,-44.9,-11.6,0.0,0.0,2.333,Justin Ammerman,-33.3,0.0,-0.1,-26.7,0.0,24.0,0.0,.237,61.5,-0.1,-.540,.000
.000,0.0,0.0,-15.6,0.1,8.1,0.0,2.000,Nicholas Fullard,-15.7,0.0,-0.1,-17.5,0.0,50.6,4.3,.000,14.6,-0.1,-.224,.000
.254,17.9,3.1,11.3,4.6,17.9,1.8,.358,Dean Wade,6.7,5.0,3.9,26.5,2.7,10.1,11.7,.632,23.2,5.7,.214,.606
.307,20.5,0.3,5.1,1.8,9.0,1.5,.401,Barry Brown,3.2,2.2,2.3,19.3,3.2,14.9,5.7,.562,26.0,3.8,.135,.515
.562,11.1,1.3,6.6,3.3,14.7,1.6,.263,Xavier Sneed,3.4,4.5,1.8,16.8,3.0,9.7,9.8,.534,19.3,3.4,.132,.498
.059,2.9,7.0,4.8,4.0,14.1,0.9,.314,Makol Mawien,0.8,8.1,1.3,17.8,1.1,16.2,11.2,.663,17.6,2.2,.140,.641
.444,16.3,0.3,2.4,1.2,8.6,0.8,.325,Cartier Diarra,1.2,3.2,0.8,11.8,1.8,25.0,6.0,.607,17.9,1.6,.080,.574
.566,25.3,0.0,2.6,0.6,9.4,0.8,.357,Kamau Stokes,1.9,1.3,0.8,14.6,2.5,17.3,5.5,.515,22.1,1.6,.096,.464
.462,6.9,1.1,3.6,3.1,13.9,0.6,.256,Amaad Wainright,0.4,6.8,0.3,11.0,2.6,14.6,10.5,.509,12.6,1.0,.089,.513
.000,1.9,0.9,-1.8,0.7,15.7,0.3,.383,Levi Stockard III,-2.5,9.0,0.2,7.6,1.0,20.1,12.4,.549,13.0,0.5,.074,.532
.000,4.6,5.4,0.4,3.9,23.6,0.3,.519,Mawdo Sallah,-3.5,7.3,0.1,11.1,0.8,21.1,15.7,.550,14.3,0.3,.086,.556
.851,8.7,0.0,-0.4,-0.2,6.6,0.2,.043,Brian Patrick,-0.2,3.2,0.0,5.4,1.5,11.1,4.9,.438,14.3,0.2,.042,.426
.000,0.0,9.2,-0.2,4.8,7.2,0.1,.556,James Love,-5.0,1.9,0.0,3.3,0.9,8.1,4.7,.440,9.9,0.1,.044,.444
.750,9.8,0.0,0.1,-2.0,12.8,0.0,.500,Pierson McAtee,2.1,0.0,0.0,14.7,0.0,28.8,6.6,.808,19.6,0.1,.114,.750
.000,0.0,0.0,-9.1,-3.9,21.8,0.1,.500,Nigel Shadd,-5.2,18.0,0.0,7.8,0.0,23.3,20.0,.455,13.8,0.1,.065,.375
1.000,14.1,11.2,-9.3,1.0,0.0,0.0,.000,Kade Kinnamon,-10.4,0.0,0.0,-4.8,0.0,0.0,0.0,.000,14.6,0.0,-.143,.000
.467,18.8,1.9,-3.2,0.1,11.4,0.1,.400,Mike McGuirl,-3.3,4.0,0.0,6.1,0.0,14.4,7.8,.364,17.4,0.0,.021,.300
.500,8.6,0.0,-16.6,-3.3,0.0,0.0,.000,Mason Schoen,-13.3,0.0,-0.1,-11.7,0.0,20.0,0.0,.000,14.9,-0.1,-.195,.000
.193,3.5,12.9,11.2,8.9,27.9,2.3,.456,Mohamed Bamba,2.3,12.1,2.3,28.1,1.5,12.7,20.0,.594,21.3,4.6,.211,.568
.369,6.8,0.6,3.9,2.5,15.8,1.8,.308,Dylan Osetkowski,1.5,7.6,1.2,15.3,1.7,13.8,11.7,.499,23.4,3.0,.104,.458
.370,21.9,0.8,6.5,3.7,10.2,1.6,.350,Kerwin Roach Jr.,2.8,2.7,1.2,15.3,2.7,18.1,6.4,.525,21.8,2.8,.109,.498
.325,23.5,0.1,3.7,2.3,6.2,1.4,.297,Matt Coleman,1.5,2.5,1.0,11.7,2.1,18.1,4.3,.489,18.5,2.4,.087,.441
.608,4.6,0.0,3.4,1.3,9.7,0.9,.270,Eric Davis Jr.,2.0,1.0,0.8,11.3,1.5,10.1,5.4,.535,18.0,1.7,.098,.503
.009,1.9,3.1,2.6,3.4,17.3,1.0,.596,Jericho Sims,-0.8,7.2,0.7,13.8,1.1,15.1,12.2,.571,14.6,1.7,.109,.605
.534,10.0,0.2,4.2,1.8,10.8,0.7,.123,Jacob Young,2.5,1.5,0.6,14.9,2.6,9.4,6.1,.519,21.3,1.3,.114,.506
.449,21.3,0.9,8.9,0.9,10.3,0.3,.337,Andrew Jones,8.0,2.0,0.9,25.5,1.6,14.1,6.2,.654,27.5,1.2,.205,.635
.786,6.4,1.5,3.2,2.0,8.0,0.6,.068,Jase Febres,1.1,5.0,0.3,7.7,0.9,8.3,6.5,.439,14.1,0.8,.068,.427
.000,0.0,12.3,2.4,5.4,17.1,0.2,1.286,James Banks,-3.0,12.1,0.1,15.7,0.6,11.7,14.6,.510,13.9,0.3,.127,.571
.364,0.0,2.4,-7.3,0.8,19.4,0.2,1.364,Royce Hamm Jr.,-8.1,10.3,-0.2,2.1,1.3,30.6,14.8,.303,15.0,0.0,-.021,.182
.000,0.0,0.0,-18.4,-7.1,19.4,0.0,2.000,Ryan McClurg,-11.4,0.0,0.0,13.3,0.0,20.4,9.7,.513,42.2,0.0,.005,.500
1.000,32.1,0.0,-23.6,-9.9,0.0,0.0,.333,Joe Schwartz,-13.7,0.0,-0.1,-31.4,0.0,0.0,0.0,.000,35.9,-0.1,-.414,.000
.355,18.2,1.4,10.8,4.7,21.8,1.5,.306,Kenrich Williams,6.1,9.6,3.0,20.8,2.9,15.1,15.8,.573,18.5,4.5,.161,.550
.205,8.0,6.4,9.2,2.6,13.1,0.8,.460,Vladimir Brodziansky,6.6,9.7,3.6,26.3,0.7,10.0,11.4,.656,23.3,4.4,.204,.611
.469,13.7,0.8,7.7,1.6,14.2,0.8,.313,Desmond Bane,6.1,1.9,2.7,18.5,1.8,15.5,8.2,.678,18.2,3.5,.144,.656
.571,6.0,0.5,5.8,-0.3,15.4,0.6,.275,Kouat Noi,6.1,6.4,2.0,19.4,1.7,9.0,11.0,.623,20.4,2.6,.149,.620
.449,33.9,0.2,5.1,-1.6,5.2,0.3,.259,Jaylen Fisher,6.6,1.6,1.7,21.0,2.3,17.1,3.4,.633,21.1,2.0,.171,.602
.286,8.9,3.0,4.1,2.1,15.7,0.7,.263,JD Miller,2.0,8.2,1.1,17.0,1.8,13.1,12.1,.538,21.3,1.8,.110,.519
.270,30.7,0.9,1.6,1.0,9.3,0.7,.369,Alex Robinson,0.7,1.7,0.9,12.5,2.0,25.5,5.6,.511,19.9,1.6,.069,.494
.000,3.0,2.3,-1.8,-0.8,15.5,0.4,.514,Ahmed Hamdy Mohamed,-0.9,11.3,0.7,15.8,1.1,13.6,13.4,.544,23.9,1.1,.106,.507
.849,9.4,0.3,2.9,1.0,6.9,0.2,.151,Shawn Olden,2.0,1.1,0.3,7.0,2.1,17.4,4.1,.537,10.3,0.5,.059,.519
.714,0.0,0.0,-2.9,-5.7,20.9,0.0,1.429,Dalton Dry,2.8,0.0,0.1,20.8,2.5,0.0,10.7,.553,25.2,0.1,.204,.429
1.000,0.0,0.0,-4.9,-0.5,10.0,0.0,.000,Clayton Crawford,-4.5,0.0,0.0,-5.1,0.0,0.0,5.1,.000,4.1,0.0,-.038,.000
.000,0.0,0.0,-26.7,-5.5,0.0,0.0,.000,Austin Sottile,-21.3,0.0,0.0,-22.2,0.0,0.0,0.0,.000,24.7,0.0,-.315,.000
.357,24.7,3.2,-8.9,0.1,14.5,0.0,.286,RJ Nembhard,-9.0,7.6,-0.1,-0.6,0.0,23.9,11.1,.283,31.3,-0.1,-.129,.286
.365,14.4,1.8,7.4,1.4,13.8,1.2,.260,Desi Rodriguez,6.0,4.1,2.7,23.2,1.9,12.0,9.0,.596,27.2,3.9,.172,.574
.345,24.3,0.9,4.7,0.8,8.7,1.2,.404,Khadeen Carrington,3.9,2.1,2.6,17.8,1.9,13.9,5.4,.536,24.1,3.8,.139,.470
.006,16.5,2.3,6.5,4.2,27.4,1.7,.405,Angel Delgado,2.2,14.3,2.1,22.0,1.4,16.1,20.9,.523,23.9,3.8,.151,.501
.626,16.3,0.8,6.4,0.2,7.5,1.0,.300,Myles Powell,6.2,1.8,2.7,17.9,1.8,13.2,4.7,.590,23.0,3.8,.144,.555
.197,6.6,4.3,8.4,5.8,17.4,1.2,.434,Ismael Sanogo,2.6,8.1,1.1,15.5,2.6,15.5,12.8,.595,11.7,2.4,.132,.594
.000,5.0,1.6,3.4,2.3,16.3,0.6,.534,Michael Nzei,1.1,10.1,0.8,13.1,0.9,16.6,13.2,.585,11.6,1.5,.107,.580
.378,6.4,0.9,2.5,1.8,7.0,0.6,.277,Myles Cale,0.7,3.4,0.4,9.4,2.0,17.7,5.2,.542,13.9,1.0,.068,.525
.397,8.1,5.3,6.2,4.0,12.3,0.4,.368,Sandro Mamukelashvili,2.2,9.5,0.5,14.0,1.4,14.0,10.9,.545,13.8,1.0,.119,.529
.444,14.4,0.0,0.1,0.3,8.8,0.2,.417,Eron Gordon,-0.3,2.4,0.1,7.0,0.9,21.8,5.6,.510,11.1,0.3,.055,.528
.600,5.2,1.9,-2.7,0.1,11.6,0.0,.600,Philip Flory,-2.8,0.0,0.0,4.1,0.0,18.9,5.9,.467,13.4,0.1,.036,.300
.613,19.5,0.9,-1.4,0.6,6.3,0.2,.387,Jordan Walker,-1.9,1.8,-0.1,4.0,2.7,24.6,4.1,.422,19.1,0.1,.018,.419
.286,6.7,0.0,-3.2,0.7,18.4,0.0,.286,Shavar Reynolds,-4.0,4.7,0.0,6.0,2.3,20.1,11.6,.440,20.0,0.0,.045,.357
.440,11.2,1.6,5.4,1.2,18.4,1.5,.260,Kelan Martin,4.2,3.2,2.9,21.5,1.2,11.0,10.7,.560,29.8,4.4,.151,.521
.319,17.2,1.5,5.7,3.6,16.3,1.7,.215,Kamar Baldwin,2.1,1.3,1.6,17.8,2.6,13.0,8.7,.523,25.5,3.3,.119,.495
.012,4.0,2.5,7.1,2.1,17.8,0.9,.512,Tyler Wideman,5.0,13.1,2.4,23.9,1.3,16.7,15.4,.721,19.6,3.3,.203,.685
.556,16.0,0.3,7.0,2.3,12.2,1.2,.159,Paul Jorgensen,4.7,2.1,2.0,16.7,2.3,9.2,7.1,.545,19.1,3.1,.135,.519
.678,7.8,1.2,8.3,3.0,13.8,0.9,.145,Sean McDermott,5.3,6.0,1.5,15.4,1.8,14.3,9.9,.649,14.1,2.3,.137,.635
.164,5.8,3.2,7.5,3.6,12.4,0.8,.130,Nate Fowler,3.9,8.9,1.5,17.9,1.6,12.4,10.6,.652,15.4,2.2,.154,.637
.452,6.0,2.8,6.7,3.8,12.9,0.7,.280,Henry Baddley,2.9,2.8,0.9,13.9,1.8,14.6,7.8,.664,12.3,1.6,.125,.634
.109,20.9,1.9,1.7,3.5,6.3,1.0,.574,Aaron Thompson,-1.8,0.9,0.0,7.8,2.6,24.1,3.6,.433,13.9,1.0,.050,.395
.000,4.5,2.1,0.0,1.7,25.0,0.1,.286,Joey Brunk,-1.7,14.4,0.1,12.1,0.0,22.7,19.7,.524,14.3,0.2,.084,.524
.536,10.2,0.9,0.8,1.9,9.0,0.2,.321,Christian David,-1.1,4.4,0.0,5.8,1.7,19.9,6.7,.434,14.9,0.1,.036,.411
1.000,6.8,0.0,-0.1,-1.5,0.0,0.0,.400,Campbell Donovan,1.3,0.0,0.0,8.7,2.6,0.0,0.0,.420,13.7,0.0,.072,.300
.563,4.9,0.0,-5.8,-1.7,6.1,0.0,.500,Jerald Gillens-Butler,-4.1,5.9,-0.1,0.4,0.0,16.8,6.0,.354,19.8,0.0,-.028,.250
.444,14.9,0.8,9.7,3.0,10.7,1.6,.249,Khyri Thomas,6.7,4.1,3.1,22.1,2.9,13.3,7.7,.655,21.2,4.7,.185,.634
.448,16.5,0.4,5.9,0.3,10.7,1.3,.181,Marcus Foster,5.6,2.5,2.9,22.9,1.8,11.2,6.9,.600,30.0,4.2,.166,.584
.355,15.8,0.8,6.1,3.7,21.3,1.2,.388,Ronnie Harrell,2.3,5.7,1.4,15.3,1.2,17.4,14.1,.575,14.6,2.6,.139,.526
.164,9.5,3.0,9.4,4.1,26.7,0.9,.379,Martin Krampelj,5.4,11.3,1.6,27.1,2.0,13.1,19.6,.687,21.5,2.5,.229,.693
.514,6.1,2.3,5.2,1.5,10.1,0.8,.220,Toby Hegner,3.7,4.3,1.4,14.8,0.6,9.5,7.4,.631,16.1,2.2,.136,.604
.369,21.9,0.5,3.0,2.0,14.5,0.9,.582,Davion Mintz,1.0,1.3,1.1,13.4,1.2,16.7,8.4,.531,16.2,2.0,.119,.465
.636,14.6,1.0,4.1,2.2,12.5,1.0,.123,Mitchell Ballock,1.9,1.3,0.7,12.9,1.9,15.2,7.3,.545,18.0,1.7,.099,.528
.652,15.1,0.7,1.9,0.9,11.2,0.7,.291,Ty-Shon Alexander,1.0,0.9,0.5,11.1,0.9,19.6,6.4,.561,17.3,1.2,.083,.535
.087,3.6,6.6,6.4,3.5,20.1,0.3,.196,Jacob Epperson,2.9,4.0,0.5,24.2,0.7,5.6,12.6,.726,17.5,0.7,.192,.761
.333,30.5,0.0,7.5,0.4,11.9,0.2,.818,Kaleb Joseph,7.1,3.2,0.6,26.8,1.9,17.9,7.9,.709,24.2,0.7,.254,.652
.767,16.9,1.2,4.2,0.2,9.7,0.2,.116,Tyler Clement,4.0,2.1,0.4,13.8,0.6,13.4,6.2,.639,15.1,0.6,.141,.616
.308,8.4,7.3,2.1,3.8,27.0,0.4,.231,Manny Suarez,-1.7,10.2,0.2,16.8,0.3,13.2,19.2,.506,23.1,0.6,.126,.485
.727,8.6,0.0,-2.2,-0.7,18.8,0.1,.000,Jordan Scurry,-1.4,6.5,0.0,9.5,1.0,15.4,13.1,.455,23.1,0.1,.040,.455
.479,20.6,0.8,9.5,1.7,13.1,1.9,.326,Carsen Edwards,7.8,1.7,3.8,25.9,2.3,10.3,7.9,.603,30.1,5.7,.228,.564
.651,23.1,0.9,11.1,3.2,13.6,2.0,.185,Dakota Mathias,8.0,0.6,3.4,20.7,2.4,13.1,7.7,.653,18.3,5.4,.204,.634
.349,17.5,1.9,9.0,3.2,18.1,1.9,.323,Vince Edwards,5.8,8.6,3.3,22.0,0.9,12.9,13.8,.585,23.5,5.1,.203,.539
.000,6.8,5.9,6.9,2.7,18.2,1.6,.631,Isaac Haas,4.2,9.2,3.4,28.9,0.4,12.4,14.1,.663,28.2,5.0,.250,.621
.781,9.8,0.2,8.6,2.7,5.3,1.5,.394,P.J. Thompson,5.8,1.8,1.9,12.7,2.5,14.0,3.7,.655,11.8,3.3,.142,.610
.062,5.8,13.3,10.5,9.7,14.5,1.4,.434,Matt Haarms,0.9,7.0,0.8,17.9,1.2,16.5,11.1,.602,15.2,2.2,.157,.606
.792,16.4,0.3,5.2,1.7,10.7,0.9,.017,Ryan Cline,3.5,0.7,0.9,11.1,1.3,13.0,6.1,.558,12.3,1.8,.121,.558
.113,14.3,1.2,5.0,4.6,13.0,0.9,.588,Nojel Eastern,0.4,10.6,0.2,11.3,2.7,26.6,11.9,.494,16.7,1.1,.100,.506
.161,11.1,0.4,6.0,2.8,15.3,0.4,.677,Grady Eifert,3.2,7.8,0.6,12.9,0.9,16.3,11.9,.635,9.4,1.0,.150,.645
.192,5.9,7.0,2.8,6.1,20.9,0.2,.231,Jacquil Taylor,-3.4,7.5,0.0,13.4,2.7,19.5,14.8,.468,21.2,0.2,.091,.462
.333,0.0,0.0,-9.4,-4.4,12.0,0.0,.444,Eden Ewing,-5.1,0.0,0.0,3.7,0.0,8.4,6.6,.459,22.9,0.0,.028,.500
.125,39.7,0.0,-5.6,0.9,3.3,0.1,1.000,Tommy Luce,-6.4,8.0,-0.1,4.0,3.6,37.2,5.4,.381,29.7,0.0,-.028,.375
.354,10.8,5.9,9.7,4.6,25.0,2.5,.277,Keita Bates-Diop,5.1,6.0,3.5,27.8,1.7,9.4,16.0,.576,29.4,6.0,.222,.543
.114,18.6,2.3,8.0,4.8,18.8,2.0,.367,Jae'Sean Tate,3.2,5.4,1.9,19.8,2.1,17.5,12.4,.583,22.4,3.9,.160,.576
.068,10.4,3.7,9.3,3.2,14.6,1.2,.652,Kaleb Wesson,6.1,13.9,2.7,26.0,1.4,10.6,14.3,.618,23.4,3.9,.236,.575
.492,23.0,0.8,6.6,2.3,12.5,1.7,.277,C.J. Jackson,4.3,2.1,2.0,17.2,2.0,16.2,7.6,.551,22.8,3.6,.144,.514
.440,5.8,0.8,4.9,1.2,8.9,1.0,.145,Kam Williams,3.8,1.3,1.5,15.5,1.4,7.4,5.3,.606,17.1,2.5,.141,.588
.514,17.9,0.2,5.4,3.4,8.6,1.0,.243,Andrew Dakich,2.0,2.4,0.6,10.8,2.8,29.8,5.7,.600,9.7,1.6,.103,.574
.216,6.5,4.6,5.4,2.5,15.8,0.5,.341,Micah Potter,2.9,13.1,0.8,20.1,1.0,10.5,14.6,.562,20.8,1.3,.180,.517
.640,9.6,0.8,2.7,2.4,7.2,0.8,.233,Andre Wesson,0.3,3.9,0.1,4.9,1.1,27.4,5.6,.508,11.2,0.8,.055,.477
.557,9.4,1.0,2.9,3.1,8.1,0.7,.177,Musa Jallow,-0.2,4.1,-0.1,6.3,2.1,25.3,6.2,.479,12.9,0.6,.055,.462
.233,3.1,1.6,2.1,2.4,10.9,0.4,.256,Kyle Young,-0.4,10.9,0.1,9.8,1.9,15.7,10.9,.456,13.7,0.4,.082,.453
1.000,0.0,0.0,-16.5,-3.9,12.5,0.0,1.000,Connor Fulton,-12.6,0.0,-0.1,-11.8,0.0,25.3,6.6,.169,22.7,0.0,-.196,.000
.636,13.4,0.0,-2.3,-0.4,17.3,0.0,.364,Joey Lane,-1.8,0.0,0.0,8.5,2.3,13.4,9.1,.426,29.6,0.0,.058,.364
1.000,15.2,0.0,-1.5,-1.7,10.2,0.0,.000,Matt Lehmann,0.2,11.3,0.0,4.4,0.0,20.0,10.7,.375,23.5,0.0,.010,.375
.431,27.2,0.9,7.6,2.5,12.3,1.9,.560,Anthony Cowan,5.2,0.8,3.3,19.9,2.4,17.1,7.1,.584,23.2,5.2,.176,.501
.543,20.3,2.1,8.7,2.3,12.9,1.6,.307,Kevin Huerter,6.4,3.8,3.0,19.5,1.1,17.8,8.8,.640,21.5,4.5,.166,.616
.015,6.9,6.0,4.6,4.1,24.5,1.4,.471,Bruno Fernando,0.5,8.9,1.5,21.9,1.0,17.5,17.5,.617,23.7,2.9,.172,.581
.009,4.9,6.2,5.6,3.7,12.7,0.7,.420,Michal Cekovsky,1.9,8.4,1.0,18.6,0.8,17.2,10.8,.670,18.1,1.8,.150,.670
.105,13.5,1.8,1.8,2.7,10.5,1.2,.416,Darryl Morsell,-0.8,7.5,0.5,11.5,1.2,19.7,9.2,.486,20.3,1.8,.076,.431
.770,3.7,0.8,2.1,-0.6,7.2,0.5,.096,Jared Nickens,2.8,2.6,0.7,10.8,0.6,10.2,5.1,.577,16.1,1.2,.096,.574
.695,5.9,0.7,2.9,1.0,7.9,0.7,.064,Dion Wiley,1.9,1.5,0.5,9.5,1.3,13.2,5.0,.554,14.5,1.2,.082,.546
.484,6.4,2.8,5.3,1.7,14.2,0.3,.548,Joshua Tomaic,3.6,9.8,0.5,14.3,0.0,20.4,12.3,.729,11.2,0.8,.135,.758
.396,12.6,3.0,3.2,3.7,20.9,0.6,.287,Justin Jackson,-0.5,11.1,0.0,14.1,1.7,21.8,16.5,.470,23.9,0.7,.083,.416
.091,21.6,1.2,2.5,2.2,17.8,0.3,.545,Ivan Bender,0.3,10.1,0.2,12.6,0.3,33.6,14.3,.614,17.9,0.4,.097,.591
.000,2.9,1.7,1.0,1.3,22.7,0.2,.632,Sean Obi,-0.3,14.9,0.2,12.6,1.0,22.1,19.2,.587,13.4,0.4,.126,.579
.167,0.0,0.0,4.0,0.4,4.8,0.1,1.500,Reese Mona,3.6,8.9,0.1,17.8,4.0,16.3,6.7,.730,14.4,0.2,.180,.667
.333,11.0,0.0,-6.2,-4.7,0.0,0.0,1.000,Alex Tostado,-1.5,0.0,0.0,7.6,0.0,0.0,0.0,.452,14.6,0.0,.082,.333
.286,0.0,0.0,-6.3,-3.1,21.8,0.0,.143,Travis Valmon,-3.2,6.7,0.0,17.3,3.0,21.1,15.0,.602,24.9,0.0,.081,.643
.667,12.2,0.0,-11.9,-1.7,8.4,0.0,.667,Andrew Terrell,-10.2,0.0,-0.1,-11.3,0.0,0.0,4.6,.000,16.0,-0.1,-.160,.000
.473,17.4,0.5,8.3,3.4,11.3,2.2,.313,Muhammad-Ali Abdur-Rahkman,4.9,2.4,3.5,18.1,1.6,6.1,6.8,.562,18.6,5.7,.181,.528
.386,6.2,2.2,7.6,3.5,25.2,2.2,.257,Moritz Wagner,4.1,6.3,2.7,24.4,2.0,10.3,15.8,.617,25.5,5.0,.213,.603
.723,7.9,1.6,8.6,3.2,9.6,1.7,.225,Duncan Robinson,5.4,2.5,2.4,16.7,1.6,7.1,6.1,.620,17.3,4.1,.175,.586
.256,17.2,2.2,6.3,4.6,17.2,2.1,.393,Charles Matthews,1.7,5.6,1.9,18.7,1.3,15.4,11.4,.547,25.2,4.0,.149,.537
.344,25.7,0.1,6.5,4.3,13.1,1.9,.388,Zavier Simpson,2.2,1.7,1.6,16.2,2.7,16.2,7.4,.539,17.4,3.5,.150,.538
.011,5.5,5.6,8.8,7.5,18.6,1.2,.564,Jon Teske,1.3,14.2,1.1,20.3,2.9,9.8,16.4,.541,15.7,2.3,.197,.532
.500,5.3,2.2,5.5,4.0,11.2,0.9,.094,Isaiah Livers,1.6,7.4,0.7,12.6,1.1,16.6,9.3,.600,13.5,1.7,.125,.599
.616,9.2,1.5,5.1,2.1,12.4,0.9,.283,Jordan Poole,2.9,0.9,0.8,18.5,2.4,12.2,6.7,.582,25.8,1.7,.157,.544
.651,16.5,1.1,3.2,4.1,9.7,0.6,.206,Eli Brooks,-0.9,3.2,0.0,9.0,2.4,15.8,6.5,.405,14.7,0.6,.082,.381
.574,12.8,0.9,6.9,2.3,7.9,0.2,.234,Ibi Watson,4.6,10.0,0.3,20.3,3.0,7.1,9.0,.507,24.8,0.5,.170,.500
.381,22.5,0.0,-1.4,1.2,8.9,0.3,.333,Jaaron Simmons,-2.6,2.1,0.0,6.8,0.5,27.0,5.5,.483,15.4,0.4,.066,.464
.000,0.0,13.1,0.3,4.7,34.8,0.2,.231,Austin Davis,-4.4,17.6,0.1,22.1,1.2,17.2,26.2,.589,19.3,0.2,.201,.615
.200,14.4,7.1,13.1,4.0,8.1,0.0,.400,Brent Hibbitts,9.0,16.4,0.1,33.3,0.0,14.4,12.2,.756,25.1,0.1,.314,.700
.500,27.5,0.0,-12.9,-5.9,0.0,0.0,.000,C.J. Baird,-7.0,0.0,0.0,4.9,0.0,33.3,0.0,.500,23.2,0.0,-.015,.500
.000,0.0,0.0,4.1,6.3,17.4,0.0,.000,Naji Ozeir,-2.2,0.0,0.0,17.5,8.7,0.0,8.7,.500,15.5,0.0,.163,.500
1.000,0.0,0.0,-20.3,-3.9,40.7,0.0,.000,Rico Ozuna-Harrison,-16.4,0.0,0.0,-10.0,0.0,0.0,20.4,.000,18.1,0.0,-.166,.000
1.000,0.0,0.0,-15.7,0.2,0.0,0.0,1.000,Luke Wilson,-15.9,0.0,-0.1,-22.1,0.0,40.4,0.0,.000,19.2,0.0,-.281,.000
.079,9.4,4.7,8.3,4.0,18.3,1.6,.456,Tyler Davis,4.3,13.2,2.7,24.5,0.7,14.3,15.9,.604,23.3,4.3,.187,.587
.060,10.6,10.1,11.6,9.3,25.5,1.8,.320,Robert Williams,2.3,10.4,1.3,25.0,1.8,16.6,18.3,.603,19.1,3.2,.182,.620
.449,14.4,0.5,7.2,3.0,11.3,1.4,.318,Admon Gilder,4.2,2.2,1.8,16.6,2.4,14.0,7.0,.585,18.4,3.1,.147,.543
.591,14.7,2.9,7.9,3.8,13.1,1.5,.254,DJ Hogg,4.0,3.9,1.6,16.1,1.5,13.7,8.7,.554,18.3,3.1,.137,.530
.393,8.9,4.6,5.7,4.4,13.1,1.2,.356,Tonny Trocha-Morelos,1.2,7.8,0.8,13.9,1.2,12.9,10.6,.495,17.2,2.0,.112,.474
.389,29.9,1.0,2.5,1.7,8.3,0.8,.297,Duane Wilson,0.8,0.4,0.4,13.8,2.7,20.3,4.5,.493,22.8,1.3,.095,.446
.380,7.8,0.5,3.0,2.0,14.1,0.6,.320,Savion Flagg,1.0,9.4,0.4,12.0,1.1,15.4,11.9,.503,15.2,1.1,.099,.490
.167,25.4,0.8,1.9,3.2,8.9,0.4,.429,JJ Caldwell,-1.2,3.4,0.1,10.3,2.7,29.4,6.3,.465,13.4,0.5,.074,.405
.371,11.2,0.3,-1.0,0.2,5.0,0.4,.324,Jay Jay Chandler,-1.2,4.8,0.1,8.0,1.3,16.0,4.9,.454,20.4,0.5,.055,.400
.350,19.1,0.4,-2.3,-0.3,8.6,0.7,.229,TJ Starks,-2.0,1.5,-0.2,9.4,1.2,19.0,5.2,.470,29.6,0.5,.034,.447
.643,2.7,0.9,1.2,2.1,11.0,0.2,.143,Chris Collins,-1.0,2.8,0.0,7.1,2.4,9.1,7.1,.435,13.4,0.2,.073,.411
,100.0,0.0,40.1,27.1,0.0,0.0,,Cameron Alo,13.0,0.0,0.0,99.2,56.6,,0.0,,0.0,0.0,.831,
1.000,0.0,0.0,-5.3,-2.6,0.0,0.0,.000,Frank Byers,-2.6,21.9,0.0,0.0,0.0,0.0,10.4,.000,9.6,0.0,-.038,.000
.667,0.0,0.0,-25.0,-6.4,0.0,0.0,.000,Mark French,-18.6,0.0,0.0,-33.0,0.0,0.0,0.0,.000,28.7,0.0,-.346,.000
.167,0.0,8.6,0.7,5.6,10.4,0.1,.000,Isiah Jasey,-4.9,4.6,0.0,6.7,1.2,33.3,7.6,.500,9.0,0.0,.038,.500
.206,14.9,5.2,15.8,8.8,22.0,3.3,.529,Gary Clark,7.0,12.2,4.0,29.7,3.1,8.5,17.2,.607,20.9,7.3,.307,.564
.444,20.5,3.9,11.0,6.4,11.5,3.0,.309,Jacob Evans,4.6,5.1,2.7,20.6,2.6,13.0,8.4,.548,22.1,5.7,.217,.513
.518,19.1,1.6,7.2,4.3,10.6,2.5,.340,Jarron Cumberland,2.9,4.1,1.7,15.7,2.1,15.2,7.4,.526,21.4,4.2,.173,.500
.173,3.1,6.9,4.4,4.4,18.0,2.3,.256,Kyle Washington,0.0,8.2,1.7,21.3,0.7,11.5,13.2,.569,24.5,4.0,.203,.543
.403,27.3,0.4,6.3,2.4,5.7,1.6,.316,Cane Broome,3.8,2.8,1.6,18.3,2.7,17.3,4.3,.583,20.7,3.2,.195,.561
.605,21.8,0.0,3.3,1.4,4.7,1.4,.395,Justin Jenifer,2.0,1.2,1.3,12.1,1.5,13.1,3.0,.538,13.4,2.7,.166,.481
.014,13.4,1.9,7.9,6.4,19.2,1.3,.662,Tre Scott,1.5,13.0,0.8,17.7,2.1,19.1,16.2,.557,13.7,2.1,.195,.535
.778,5.8,0.6,5.1,3.5,12.1,1.1,.343,Trevor Moore,1.5,4.2,0.5,11.8,2.8,10.8,8.3,.504,16.6,1.6,.161,.470
.000,3.9,7.0,4.7,7.4,16.2,1.1,.377,Nysier Brooks,-2.7,10.9,0.2,13.7,2.2,19.5,13.6,.507,17.0,1.2,.147,.494
.262,8.1,1.8,-0.1,4.0,8.5,0.9,.311,Keith Williams,-4.1,5.4,-0.2,8.4,2.8,18.6,7.0,.427,22.5,0.6,.076,.408
.000,5.4,8.1,4.4,8.3,19.5,0.5,.952,Eliel Nsoseme,-3.8,14.0,-0.1,10.5,1.1,26.5,16.8,.426,13.1,0.4,.107,.524
.100,8.6,12.8,3.4,8.4,19.3,0.2,.300,Mamoudou Diarra,-5.0,12.7,0.0,18.8,1.3,14.9,16.1,.438,29.3,0.2,.151,.375
.833,0.0,0.0,-2.1,-4.1,7.4,0.0,.000,Jackson Bart,2.0,7.8,0.0,13.6,0.0,0.0,7.6,.500,20.1,0.1,.167,.500
.000,20.4,0.0,4.2,2.3,12.3,0.0,.000,John Koz,1.9,13.0,0.0,15.9,0.0,50.0,12.6,1.000,11.2,0.0,.139,1.000
.400,16.9,0.0,-13.3,-0.4,6.2,0.0,.400,Sam Martin,-12.9,0.0,-0.1,-13.2,0.0,25.2,3.2,.168,22.2,0.0,-.098,.000
.561,32.3,0.1,6.0,-0.3,7.1,1.1,.678,Jared Harper,6.4,1.4,3.2,19.3,2.1,15.3,4.3,.573,21.2,4.4,.177,.476
.657,10.9,0.8,5.3,-0.6,5.1,1.0,.244,Bryce Brown,5.9,1.9,2.5,17.3,1.7,8.7,3.5,.566,23.4,3.5,.146,.535
.335,6.5,0.3,2.9,0.1,15.8,1.3,.439,Mustapha Heron,2.8,5.2,2.1,20.0,2.2,12.1,10.5,.561,27.5,3.4,.158,.501
.216,14.1,2.9,8.3,4.1,19.4,1.3,.498,DeSean Murray,4.2,12.4,2.1,21.4,2.0,17.4,15.8,.579,21.3,3.4,.177,.504
.426,9.1,3.5,8.5,3.8,18.4,1.1,.271,Chuma Okeke,4.7,10.5,1.7,19.3,1.8,10.9,14.4,.580,16.3,2.9,.168,.561
.331,5.0,15.9,13.8,10.6,19.5,1.2,.345,Anfernee McLemore,3.2,10.1,1.3,23.9,2.1,12.9,14.8,.621,16.5,2.5,.194,.597
.010,7.7,8.5,10.5,9.4,21.9,1.3,.526,Horace Spencer,1.2,9.5,0.8,17.9,3.6,21.4,15.6,.590,13.3,2.1,.155,.546
.463,3.3,2.0,-0.6,0.3,14.7,0.6,.169,Malik Dunbar,-0.9,4.1,0.2,10.2,1.3,13.5,9.4,.503,20.4,0.9,.075,.494
.505,18.7,0.2,1.1,0.5,5.9,0.6,.299,Davion Mitchell,0.7,1.8,0.4,7.7,1.6,25.5,3.8,.542,12.8,0.9,.068,.510
,0.0,6.7,2.6,1.5,25.9,0.0,,Cole Blackstock,1.1,0.0,0.1,13.6,0.0,0.0,12.9,1.053,5.2,0.1,.212,
.000,0.0,0.0,-10.8,-2.1,22.0,0.0,.000,Thomas Collier,-8.6,0.0,0.0,-2.2,0.0,33.3,10.9,.500,14.0,0.0,-.017,.500
.500,0.0,0.0,-5.8,-1.2,7.9,0.0,.000,Brett Easterling,-4.6,0.0,0.0,-0.4,0.0,33.3,3.9,.500,10.0,0.0,-.021,.500
.600,0.0,0.0,-16.7,-6.2,14.7,0.0,.800,Will Macoy,-10.5,7.2,-0.1,-7.4,0.0,0.0,10.9,.145,21.5,0.0,-.109,.000
.000,14.7,0.0,-12.7,0.1,11.0,0.0,2.000,Devontae Williams,-12.8,0.0,0.0,-9.2,0.0,50.6,5.5,.256,18.4,0.0,-.159,.000
1.000,0.0,0.0,-11.5,-2.5,11.6,0.0,2.000,Patrick Keim,-9.0,0.0,-0.1,-10.6,0.0,50.6,5.8,.513,19.4,-0.1,-.141,.750
.348,28.6,0.5,8.5,1.8,10.0,1.9,.414,Robert Gray Jr.,6.8,2.3,4.0,24.8,2.1,12.0,6.2,.567,30.2,5.9,.227,.512
.720,15.2,0.1,8.7,1.5,9.0,1.8,.222,Corey Davis Jr.,7.2,2.5,3.1,18.7,1.7,11.9,5.8,.626,20.1,4.9,.191,.602
.762,4.6,2.0,8.3,2.1,15.6,1.5,.105,Armoni Brooks,6.3,4.8,2.2,20.9,2.2,4.6,10.3,.599,20.1,3.7,.210,.586
.023,9.9,3.0,4.6,4.3,20.0,2.0,.274,Devin Davis,0.3,7.2,1.7,18.5,1.5,9.6,13.7,.519,22.1,3.7,.169,.495
.159,25.3,0.4,4.1,4.1,8.9,1.7,.326,Galen Robinson Jr.,0.0,1.6,0.6,11.5,3.3,26.7,5.3,.502,13.1,2.3,.113,.464
.000,8.4,6.8,7.6,6.8,15.6,1.3,.414,Fabian White Jr.,0.8,11.0,1.0,17.4,1.6,20.1,13.3,.591,17.7,2.3,.162,.556
.736,11.3,0.5,6.8,2.2,12.1,0.9,.397,Wes VanBeck,4.5,6.6,1.0,15.5,1.8,17.7,9.4,.602,18.3,1.9,.162,.562
.000,2.0,0.7,1.7,2.6,16.8,1.0,.682,Nura Zanna,-0.9,13.2,0.3,8.4,1.2,24.9,15.1,.532,11.6,1.3,.104,.545
.000,3.2,2.9,-0.3,2.6,23.8,0.9,.308,Breaon Brady,-2.9,13.4,0.2,12.2,0.9,26.5,18.7,.566,19.9,1.1,.111,.548
.659,5.6,2.9,3.4,1.3,16.0,0.3,.500,Gabe Grant,2.1,7.4,0.3,17.1,1.9,5.2,11.8,.478,22.9,0.5,.167,.432
.000,1.1,8.0,1.2,5.1,21.8,0.4,.680,Chris Harris,-4.0,7.1,0.0,10.3,0.4,25.0,14.6,.574,13.5,0.4,.094,.680
.875,8.1,0.0,-1.6,3.3,15.4,0.1,.500,Mike Adewunmi,-4.9,3.2,-0.1,0.0,3.2,0.0,9.5,.101,13.7,0.0,-.008,.000
1.000,11.2,0.0,-4.1,1.1,8.5,0.0,.000,Cedrick Alley Jr,-5.2,0.0,0.0,-5.2,0.0,0.0,4.4,.000,7.7,0.0,-.016,.000
.000,5.3,2.1,-6.0,2.8,22.9,0.1,.600,Valentine Sangoyomi,-8.8,8.0,-0.1,0.5,0.0,31.8,15.6,.311,16.2,0.0,-.009,.200
.384,11.2,1.0,4.5,1.0,18.9,1.4,.600,Junior Etou,3.5,9.5,2.5,21.0,1.0,15.7,14.4,.584,25.5,3.8,.163,.535
.382,34.7,0.6,4.2,1.3,13.5,1.2,.309,Sterling Taplin,2.9,0.7,1.7,18.1,1.9,18.6,7.4,.561,23.3,2.9,.137,.531
.731,8.9,0.0,2.6,-0.5,7.1,0.8,.261,Corey Henderson,3.1,1.3,1.8,13.4,1.3,6.5,4.3,.541,18.7,2.6,.118,.506
.367,8.3,7.7,8.6,5.1,15.1,1.0,.289,DaQuan Jeffries,3.4,9.5,1.5,22.4,1.6,15.6,12.4,.641,20.7,2.4,.178,.614
.037,4.7,0.8,-0.1,0.1,15.4,0.9,.668,Martins Igbanu,-0.2,9.5,1.5,17.6,0.8,15.7,12.6,.589,21.3,2.3,.135,.535
.383,9.4,0.3,-0.7,-0.1,11.3,0.5,.519,Curran Scott,-0.6,4.3,0.6,13.3,1.3,17.4,7.9,.549,22.1,1.1,.100,.466
.129,7.9,1.2,-0.6,2.3,14.6,0.8,.526,Jaleel Wheeler,-2.9,6.9,0.1,9.6,1.3,19.4,10.9,.476,16.1,0.9,.065,.431
.534,6.2,2.8,1.0,2.9,15.9,0.5,.205,Geno Artison,-1.9,5.9,0.2,10.0,1.6,8.0,11.1,.412,13.2,0.7,.080,.377
.620,8.8,0.0,0.5,0.8,9.0,0.4,.127,Lawson Korita,-0.3,3.0,0.3,8.5,1.1,14.7,6.1,.531,11.5,0.7,.074,.514
.624,22.4,0.0,-2.1,0.2,11.2,0.6,.450,Elijah Joiner,-2.3,2.0,-0.1,6.3,1.0,24.5,6.8,.446,17.1,0.5,.038,.404
.500,0.0,0.0,-14.4,-10.3,35.5,0.0,.000,Alex Foree,-4.1,0.0,0.0,24.5,0.0,0.0,18.5,.500,33.9,0.0,.127,.500
.238,6.3,0.0,-4.8,1.9,4.7,0.1,.143,Darien Jackson,-6.8,5.1,-0.2,-0.6,3.2,23.8,4.9,.312,16.4,-0.1,-.037,.333
.333,15.6,1.3,6.6,4.3,19.6,2.3,.593,A.J. Davis,2.3,7.1,1.7,18.2,1.7,15.7,13.5,.543,21.8,4.0,.157,.491
.000,1.9,6.2,3.1,5.2,17.2,1.5,.845,Chad Brown,-2.0,11.5,0.7,16.4,1.7,14.4,14.4,.535,16.2,2.2,.147,.509
.192,19.4,0.0,2.8,4.3,8.9,1.9,.365,Terrell Allen,-1.5,2.6,0.1,9.1,2.8,23.1,5.9,.478,13.3,2.0,.085,.436
.642,10.1,1.1,2.6,2.7,14.1,1.8,.196,Dayon Griffin,-0.1,3.0,0.2,11.2,1.8,12.4,8.7,.468,20.7,2.0,.090,.454
.199,15.4,0.0,0.3,2.0,7.7,1.5,.412,Ceasar DeJesus,-1.7,1.9,0.3,10.5,1.7,18.4,4.9,.507,20.3,1.8,.082,.454
.333,27.4,0.0,2.3,-0.8,6.7,0.7,.502,B.J. Taylor,3.1,0.7,1.0,17.8,1.0,10.1,3.8,.510,30.1,1.7,.140,.463
.000,4.6,9.6,6.6,6.1,25.1,1.0,.485,Tacko Fall,0.4,13.7,0.6,28.2,0.9,24.9,19.5,.714,25.8,1.6,.179,.767
.893,3.2,0.0,-0.2,-0.1,5.8,0.4,.053,Djordjije Mumin,-0.1,1.8,0.3,6.9,0.4,10.5,3.8,.540,13.7,0.7,.084,.533
.000,0.8,8.6,-0.9,5.1,17.7,0.6,.652,Rokas Ulvydas,-6.1,7.4,0.0,10.3,0.4,21.0,12.7,.506,14.8,0.6,.093,.478
.351,7.8,0.7,-1.8,2.7,14.7,0.7,.266,Chance McSpadden,-4.5,5.6,-0.4,9.4,2.6,22.1,10.2,.453,24.1,0.3,.041,.410
.500,7.3,0.0,-8.0,2.9,11.2,0.1,.000,Nathan Laing,-10.9,0.0,-0.2,-8.0,0.0,50.0,5.7,.000,8.4,-0.1,-.069,.000
.426,7.0,0.4,-8.2,0.2,12.0,0.4,.500,Myles Douglas,-8.4,1.7,-0.7,-1.0,0.2,22.9,7.0,.362,21.2,-0.3,-.039,.331
.455,18.6,0.1,2.8,-0.4,8.5,0.9,.151,Levan Shawn Alston,3.2,2.2,1.9,15.1,1.4,11.0,5.2,.523,21.8,2.7,.098,.492
.570,7.4,5.3,4.9,2.8,15.9,1.2,.304,Obi Enechionyia,2.1,6.0,1.4,16.0,1.0,11.4,10.8,.525,19.8,2.6,.110,.481
.324,15.2,0.6,2.5,1.2,12.7,1.4,.224,Quinton Rose,1.3,2.5,0.8,16.5,2.7,14.2,7.5,.509,27.3,2.2,.082,.490
.297,19.0,1.1,2.4,1.7,10.9,1.1,.248,Josh Brown,0.7,2.3,1.1,12.3,1.5,15.8,6.5,.506,16.6,2.1,.078,.476
.000,5.6,1.7,2.1,2.4,16.2,0.8,.402,Ernest Aflakpui,-0.3,8.4,0.7,11.9,1.3,21.4,12.2,.613,12.5,1.5,.094,.627
.350,7.0,1.9,3.8,1.3,12.8,0.7,.362,Nate Pierre-Louis,2.5,7.2,0.8,20.1,3.2,9.5,9.9,.531,23.7,1.5,.129,.518
.476,11.2,1.4,5.1,3.1,23.3,0.6,.305,J.P. Moorman,2.0,8.5,0.5,17.7,3.1,14.6,15.7,.543,17.6,1.1,.142,.506
.000,1.7,2.7,-1.6,-0.5,12.1,0.3,.493,Damion Moore,-1.1,10.6,0.4,16.7,1.2,11.7,11.4,.550,19.6,0.6,.103,.567
.575,6.5,3.6,1.9,2.6,13.2,0.5,.218,De'Vondre Perry,-0.7,4.2,0.1,9.6,2.1,14.3,8.5,.489,15.7,0.6,.070,.471
.648,13.4,0.3,2.1,1.8,6.2,0.5,.198,Alani Moore,0.3,3.4,0.0,10.4,4.2,12.3,4.8,.417,16.7,0.5,.055,.401
.000,11.9,7.9,-2.3,6.8,12.3,0.1,.222,Justyn Hamilton,-9.1,3.9,-0.1,2.8,4.2,0.0,8.0,.151,18.3,0.0,-.043,.111
.750,0.0,11.1,0.3,-1.8,23.0,0.0,.500,Steve Leonard,2.1,0.0,0.0,28.7,0.0,16.8,11.2,.707,30.6,0.0,.153,.750
1.000,0.0,0.0,-22.9,-4.9,12.8,0.0,.000,Ayan Nunez de Carvalho,-18.0,0.0,-0.1,-20.5,0.0,25.0,6.2,.000,22.8,-0.1,-.333,.000
.441,25.5,2.1,7.9,1.4,11.7,1.3,.523,Jeremiah Martin,6.5,2.7,3.0,25.3,4.0,14.0,7.3,.577,28.3,4.3,.184,.516
.367,6.1,5.1,3.9,0.7,16.4,1.1,.510,Kyvon Davenport,3.2,8.9,2.7,21.4,1.3,13.1,12.7,.605,22.2,3.8,.153,.575
.033,6.5,3.7,0.0,0.1,13.6,0.6,.287,Mike Parks Jr.,0.0,11.0,1.3,17.0,0.7,16.8,12.4,.581,19.5,1.9,.100,.560
.705,7.4,2.0,0.6,0.0,11.3,0.7,.330,Jamal Johnson,0.7,3.5,0.9,10.4,1.5,12.2,7.5,.504,15.1,1.6,.072,.468
.411,11.0,0.7,0.8,0.3,16.0,0.7,.651,Raynere Thornton,0.5,6.5,0.8,12.9,1.8,18.4,11.4,.545,15.2,1.5,.086,.535
.091,15.9,2.7,0.6,1.1,10.9,0.6,.461,Jimario Rivers,-0.5,7.3,0.8,13.1,1.5,22.4,9.1,.547,17.5,1.4,.076,.500
.305,20.8,0.3,-1.8,-1.3,8.4,0.6,.338,Kareem Brewton Jr.,-0.5,4.8,0.6,12.7,2.2,18.4,6.6,.489,24.0,1.2,.057,.458
.352,17.3,1.7,-2.8,0.3,14.1,0.4,.176,David Nickelberry,-3.1,4.5,-0.1,9.3,2.0,23.9,9.4,.461,18.6,0.3,.028,.451
.000,4.3,0.8,-5.0,-1.5,13.3,0.2,1.083,Victor Enoh,-3.6,9.1,0.1,6.3,0.2,23.8,11.3,.495,12.2,0.2,.033,.444
.685,22.8,0.0,-6.9,-4.8,4.0,0.1,.444,Malik Rhodes,-2.0,0.5,0.1,6.8,0.9,24.3,2.3,.497,16.9,0.2,.029,.426
,0.0,0.0,-4.5,-0.2,0.0,0.0,,Jesse Johnson,-4.3,0.0,0.0,0.0,0.0,,0.0,,0.0,0.0,-.006,
.000,0.0,0.0,-18.7,-2.2,0.0,0.0,.000,Alex Moffatt,-16.5,0.0,0.0,-18.4,0.0,50.0,0.0,.000,14.7,0.0,-.248,.000
,0.0,0.0,-4.5,-0.2,0.0,0.0,,Evin Olds,-4.3,0.0,0.0,0.0,0.0,,0.0,,0.0,0.0,-.006,
.000,11.5,2.9,-7.9,-0.2,14.1,0.1,.143,Karim Sameh Azab,-7.7,1.5,-0.1,3.0,0.7,15.1,7.9,.334,16.2,0.0,-.018,.333
.054,9.3,6.2,9.8,6.6,21.2,2.3,.356,Raymond Spalding,3.2,13.4,2.2,25.3,3.1,13.2,17.5,.561,23.0,4.5,.193,.543
.491,22.4,0.0,4.1,-0.3,7.3,1.1,.295,Quentin Snider,4.4,1.6,2.6,15.6,0.9,12.4,4.6,.558,19.2,3.7,.133,.508
.360,16.7,1.0,4.6,1.3,14.4,1.5,.334,Deng Adel,3.2,2.3,2.1,17.7,1.0,13.7,8.7,.554,24.3,3.6,.134,.512
.000,8.4,12.1,9.8,9.8,14.9,1.8,.301,Anas Mahmoud,0.1,8.6,0.8,19.2,2.0,17.6,11.9,.542,16.4,2.6,.128,.549
.414,6.9,2.5,7.3,4.4,19.8,1.1,.378,Dwayne Sutton,2.9,8.4,1.0,17.2,3.0,11.5,14.5,.565,14.5,2.1,.163,.536
.293,6.6,0.5,0.1,0.9,11.0,1.1,.369,V.J. King,-0.8,2.6,0.4,10.5,1.4,14.1,7.1,.497,20.1,1.5,.072,.450
.795,17.1,0.5,5.9,1.1,6.0,0.6,.256,Ryan McMahon,4.8,1.1,0.8,15.6,3.6,18.1,3.7,.606,19.5,1.4,.136,.568
.479,6.5,1.0,4.7,1.5,15.0,0.6,.344,Jordan Nwora,3.2,5.1,0.6,18.8,3.1,15.2,10.4,.604,22.4,1.2,.155,.573
.564,2.8,3.9,3.2,1.6,16.6,0.6,.145,Malik Williams,1.6,7.7,0.5,16.7,2.0,8.6,12.4,.523,19.3,1.1,.133,.509
.606,18.2,0.6,1.5,1.0,7.3,0.6,.346,Darius Perry,0.6,1.5,0.3,9.5,2.2,23.4,4.6,.528,17.1,0.9,.078,.457
.500,0.0,4.1,1.6,-1.4,25.4,0.1,.571,Lance Thomas,3.0,7.2,0.2,25.2,2.3,14.4,16.9,.730,21.4,0.3,.233,.714
.750,0.0,0.0,19.3,-5.5,0.0,0.0,.500,Jacob Redding,24.8,0.0,0.1,52.8,0.0,0.0,0.0,1.313,19.2,0.1,.319,1.375
1.000,15.8,0.0,-5.5,-0.1,0.0,0.0,.000,Jo Griffin,-5.4,0.0,0.0,0.1,3.0,50.0,0.0,.000,5.3,0.0,-.006,.000
.135,3.9,7.6,7.0,2.9,19.4,1.2,.245,Omer Yurtseven,4.1,12.8,2.6,27.0,1.1,9.4,16.0,.610,24.4,3.8,.194,.606
.221,9.0,1.4,6.1,1.9,15.7,1.2,.322,Torin Dorn,4.2,9.3,2.3,20.7,1.9,14.6,12.4,.593,22.7,3.5,.149,.566
.428,12.8,0.0,2.9,0.6,12.0,1.2,.400,Allerik Freeman,2.3,1.9,1.7,15.0,2.0,14.0,6.8,.524,24.6,2.9,.103,.468
.629,19.1,0.0,4.9,0.5,6.6,0.8,.194,Braxton Beverly,4.4,2.0,2.0,12.6,1.7,12.0,4.2,.543,14.6,2.8,.110,.512
.000,1.3,4.6,6.0,2.7,18.4,1.0,.678,Lennard Freeman,3.4,10.1,1.8,24.6,2.8,10.5,14.1,.663,18.4,2.8,.196,.651
.375,40.5,0.8,4.7,1.7,11.2,1.0,.392,Markell Johnson,2.9,2.2,1.2,16.8,3.2,28.7,6.6,.553,18.4,2.2,.115,.537
.904,2.7,0.0,4.2,-0.7,5.3,0.4,.133,Sam Hunt,4.9,0.6,1.1,11.9,1.5,6.5,2.9,.634,13.8,1.5,.111,.611
.082,5.1,3.2,0.1,1.9,16.5,0.5,.377,Abdul-Malik Abu,-1.7,9.3,0.2,11.9,1.4,16.3,12.8,.490,20.3,0.7,.074,.471
.440,17.8,0.8,2.1,1.8,8.2,0.5,.514,Lavar Batts Jr.,0.2,2.5,0.2,10.6,3.5,12.3,5.3,.413,18.6,0.7,.070,.362
.000,5.6,0.0,11.0,-0.9,10.3,0.0,.400,Darius Hicks,11.9,29.2,0.2,34.1,1.6,0.0,20.0,.714,16.6,0.3,.295,.700
.200,8.6,1.8,-0.1,2.8,21.2,0.1,.133,Shaun Kirk,-2.8,8.0,0.0,8.5,2.0,11.1,14.4,.345,15.5,0.1,.047,.333
.667,0.0,0.0,-19.5,-4.6,31.7,0.0,.000,Spencer Newman,-14.8,10.0,-0.1,-10.4,0.0,25.0,20.6,.000,17.3,0.0,-.172,.000
.157,11.1,4.6,9.8,5.6,15.7,1.3,.369,Mitchell Solomon,4.2,14.3,2.1,20.8,2.2,18.8,15.0,.617,16.9,3.4,.166,.563
.484,11.4,0.8,4.2,1.1,17.1,1.3,.326,Jeffrey Carroll,3.1,5.7,1.9,18.2,1.6,12.4,11.3,.529,25.6,3.2,.132,.484
.280,7.0,2.5,6.5,3.3,15.6,1.2,.538,Cameron McGriff,3.2,9.7,1.9,18.1,1.8,17.1,12.6,.623,16.7,3.1,.152,.551
.580,12.5,1.6,6.0,2.8,12.3,1.1,.237,Lindy Waters,3.2,2.8,1.6,14.0,1.8,14.4,7.5,.587,15.4,2.7,.120,.562
.522,12.6,2.9,6.4,3.0,10.1,1.0,.335,Tavarius Shine,3.4,5.4,1.5,16.4,2.1,11.3,7.7,.531,19.4,2.4,.130,.487
.295,22.3,0.0,1.7,0.8,10.9,1.0,.258,Kendall Smith,0.9,2.1,1.0,15.1,2.2,14.4,6.4,.492,27.1,2.1,.093,.464
.184,25.8,0.2,-0.5,0.5,9.1,0.7,.284,Brandon Averette,-1.1,0.8,0.5,11.3,1.8,17.4,4.9,.474,19.3,1.3,.073,.433
.839,9.0,0.3,1.6,-1.6,10.7,0.4,.121,Thomas Dziagwa,3.1,1.6,0.6,13.8,1.6,12.7,6.0,.546,24.8,0.9,.107,.520
.013,4.4,8.1,3.8,6.3,13.2,0.6,.462,Yankuba Sima,-2.5,10.6,0.0,12.1,1.8,24.0,11.9,.510,16.3,0.6,.069,.513
.087,6.0,4.8,3.8,5.5,16.2,0.4,.957,Lucas N'Guessan,-1.7,5.8,0.1,9.2,1.6,26.4,10.9,.553,8.9,0.5,.079,.522
.200,0.0,0.0,-3.5,-4.7,6.9,0.0,.400,Davon Dillard,1.2,9.9,0.1,18.7,0.0,20.1,8.4,.714,21.7,0.1,.134,.650
.412,30.7,0.0,-5.9,-3.1,9.1,0.0,.529,Zack Dawson,-2.8,0.0,0.0,8.2,0.0,27.3,4.4,.517,28.1,0.0,.022,.471
.400,0.0,0.0,-13.6,-1.8,10.3,0.0,.000,Trey Reeves,-11.8,0.0,-0.1,-9.8,0.0,28.6,5.1,.200,15.3,-0.1,-.129,.200
.370,7.2,3.3,4.1,2.7,15.2,1.4,.403,Rodney Bullock,1.4,5.2,1.5,16.2,1.4,13.3,10.1,.537,23.0,2.9,.106,.492
.201,15.6,1.0,5.6,3.0,16.5,1.3,.355,Alpha Diallo,2.6,8.0,1.7,18.2,1.9,13.7,12.2,.531,23.2,2.9,.124,.491
.822,4.9,2.2,7.3,3.2,8.7,1.1,.205,Jalen Lindsey,4.1,3.7,1.7,12.7,1.7,8.4,6.2,.593,12.5,2.9,.109,.573
.318,36.7,0.1,3.7,0.9,9.6,1.2,.360,Kyron Cartwright,2.8,1.2,1.6,16.6,2.4,19.6,5.3,.535,22.2,2.8,.109,.489
.366,10.5,0.9,3.3,2.4,18.8,1.0,.500,Isaiah Jackson,0.9,5.3,0.9,15.2,2.1,13.2,12.0,.516,20.7,1.9,.112,.443
.000,2.0,6.1,2.4,1.9,9.4,0.5,.524,Nate Watson,0.5,7.0,1.1,20.2,0.9,13.6,8.1,.632,22.8,1.7,.142,.605
.000,6.8,4.1,3.4,4.4,18.3,0.8,.555,Kalif Young,-1.0,9.7,0.5,13.7,1.3,17.8,14.0,.532,15.0,1.3,.095,.536
.495,11.2,1.0,2.9,1.7,7.8,0.4,.326,Maliek White,1.3,1.4,0.3,13.9,3.0,14.1,4.6,.542,19.8,0.7,.089,.526
.394,7.5,0.7,1.2,3.1,12.1,0.5,.348,Drew Edwards,-2.0,4.7,-0.1,7.7,2.8,18.1,8.4,.435,14.2,0.4,.049,.364
.202,24.9,1.3,-1.5,2.5,13.3,0.6,.508,Makai Ashton-Langford,-4.1,1.1,-0.5,8.8,2.8,21.8,7.1,.422,24.3,0.1,.012,.391
.000,0.0,10.9,-4.2,-0.2,34.5,0.0,.000,Dajour Dickens,-4.0,0.0,0.0,28.6,0.0,0.0,17.0,.600,25.0,0.0,.173,.600
.333,0.0,0.0,-0.8,2.9,0.0,0.0,.000,Andrew Fonts,-3.7,0.0,0.0,6.8,7.2,0.0,0.0,.333,18.8,0.0,.021,.333
.000,0.0,0.0,-4.2,6.6,12.1,0.1,.143,Tom Planek,-10.8,5.9,-0.1,4.5,12.1,21.1,8.9,.268,25.0,0.0,-.053,.286
.341,21.9,1.4,6.4,0.8,10.5,1.4,.542,James Palmer,5.7,4.5,2.9,22.4,1.8,12.3,7.6,.554,29.0,4.3,.167,.496
.329,8.1,3.0,5.6,2.2,15.1,1.6,.273,Isaac Copeland,3.3,6.1,2.3,19.8,1.6,8.0,10.8,.556,20.8,3.9,.154,.533
.250,13.9,7.6,9.9,6.4,20.0,1.6,.595,Isaiah Roby,3.5,7.7,1.9,22.3,1.5,18.2,14.1,.650,17.4,3.5,.184,.616
.226,16.1,1.6,3.9,3.0,10.7,1.3,.509,Evan Taylor,0.9,3.4,1.0,13.0,2.2,16.8,7.2,.532,14.2,2.3,.107,.478
.338,21.8,0.7,2.3,1.6,9.2,1.5,.263,Glynn Watson Jr.,0.7,2.7,0.8,13.4,2.8,11.0,6.1,.443,22.6,2.2,.090,.396
.704,8.7,0.2,2.3,-0.5,7.3,0.8,.202,Anton Gill,2.8,0.9,1.2,11.7,1.1,9.4,4.2,.562,16.4,1.9,.102,.532
.000,7.1,3.1,-0.5,2.2,20.6,0.8,.348,Jordy Tshimanga,-2.7,15.9,0.1,13.1,1.1,22.1,18.3,.475,20.1,0.9,.083,.455
.558,10.4,0.0,-1.2,-0.9,8.6,0.3,.233,Thomas Allen,-0.3,1.8,0.2,10.3,1.3,17.3,5.3,.529,18.5,0.5,.066,.494
.000,3.0,3.1,1.6,2.2,16.9,0.2,1.077,Tanner Borchardt,-0.5,16.1,0.2,11.9,1.0,9.2,16.5,.458,9.3,0.4,.124,.462
.000,1.8,12.7,3.6,8.5,13.8,0.4,.500,Duby Okeke,-4.9,13.6,-0.2,9.7,1.5,40.7,13.7,.444,10.8,0.3,.051,.450
.621,3.6,1.8,-0.1,1.4,11.0,0.2,.034,Jack McVeigh,-1.5,4.3,0.0,8.7,2.8,14.5,7.7,.458,16.7,0.2,.059,.448
.714,34.3,0.0,8.7,1.1,16.5,0.0,.000,Thorir Thorbjarnarson,7.6,5.9,0.1,20.6,3.1,12.5,11.4,.571,21.4,0.1,.201,.571
.889,0.0,0.0,-9.4,-7.3,5.0,0.0,.222,Nana Akenten,-2.1,5.3,0.0,4.7,0.0,0.0,5.2,.352,24.1,0.0,.005,.333
.429,0.0,0.0,-21.8,-5.7,0.0,0.0,.000,Malcolm Laws,-16.2,0.0,-0.1,-15.7,0.0,12.5,0.0,.143,27.1,-0.1,-.260,.143
.000,14.7,0.0,-24.3,0.3,28.6,0.0,2.000,Johnny Trueblood,-24.6,0.0,-0.1,-20.0,0.0,43.5,14.8,.128,31.9,-0.1,-.354,.000
.336,28.3,0.8,5.9,0.8,13.2,1.7,.285,Tony Carr,5.0,2.8,3.3,21.4,1.3,11.4,8.0,.526,30.1,5.0,.174,.484
.388,18.8,1.9,11.4,5.6,13.0,2.0,.275,Josh Reaves,5.9,7.0,2.3,20.7,4.4,13.4,10.0,.573,17.2,4.3,.188,.550
.005,5.5,9.6,9.6,7.3,30.6,2.1,.446,Mike Watkins,2.3,8.9,2.1,28.3,2.1,16.0,19.7,.678,20.3,4.2,.222,.685
.847,7.5,0.3,5.6,0.5,6.5,1.4,.128,Shep Garner,5.1,0.8,2.1,12.9,1.5,12.6,3.7,.632,15.7,3.6,.128,.616
.195,10.7,3.7,2.8,2.7,16.6,2.0,.343,Lamar Stevens,0.1,5.4,1.5,17.2,1.2,13.2,11.0,.512,25.7,3.5,.124,.477
.214,7.0,1.1,1.5,2.2,9.7,0.9,.481,Nazeer Bostick,-0.7,5.9,0.4,10.8,2.2,19.1,7.8,.513,16.9,1.3,.088,.454
.000,4.7,7.2,5.4,5.5,9.6,0.6,.596,Julian Moore,-0.1,8.7,0.5,12.0,0.9,16.6,9.2,.564,9.4,1.1,.116,.532
.306,17.3,0.6,5.3,5.6,9.2,1.2,.318,Jamari Wheeler,-0.3,6.3,-0.1,10.3,5.3,24.6,7.8,.388,12.6,1.1,.082,.376
.000,0.0,2.0,-2.0,-1.2,8.6,0.2,.238,John Harrar,-0.8,16.1,0.1,11.3,1.1,14.6,12.4,.535,12.7,0.3,.107,.571
.778,5.4,0.9,2.9,1.5,6.9,0.2,.111,Deividas Zemgulis,1.4,8.8,0.1,8.3,1.5,13.7,7.9,.475,9.3,0.3,.091,.444
,0.0,36.0,18.1,23.1,0.0,0.0,,Grant Hazle,-5.1,0.0,0.0,15.2,0.0,,0.0,,0.0,0.0,.104,
,0.0,0.0,-1.1,2.1,0.0,0.0,,Taylor Nussbaum,-3.2,0.0,0.0,0.0,0.0,,0.0,,0.0,0.0,.028,
.029,2.9,3.2,-5.3,1.5,15.8,0.3,.824,Satchel Pierce,-6.9,10.9,-0.3,3.7,1.0,27.6,13.4,.402,19.3,0.0,.010,.324
.500,0.0,3.1,-20.1,-3.1,23.5,0.1,.200,Trent Buttrick,-17.0,10.0,-0.2,-11.5,0.0,39.0,16.7,.228,25.9,-0.2,-.194,.250
.066,14.3,4.9,7.5,4.9,15.0,1.8,.550,Grant Williams,2.7,9.3,2.5,22.0,1.3,13.3,12.2,.544,28.5,4.3,.179,.475
.399,12.1,1.8,7.8,3.7,19.4,2.0,.233,Admiral Schofield,4.2,6.8,2.0,19.8,2.1,12.5,13.2,.550,25.9,4.0,.166,.523
.596,18.5,0.3,7.5,1.8,11.7,1.4,.298,Lamonte Turner,5.7,2.4,2.2,17.2,1.6,11.7,7.1,.570,21.8,3.5,.166,.519
.009,3.1,9.5,12.0,8.4,17.1,1.6,.460,Kyle Alexander,3.6,14.1,1.7,21.3,1.6,15.4,15.6,.697,11.9,3.3,.191,.686
.521,12.6,1.3,7.8,3.9,10.6,1.6,.401,Jordan Bowden,3.9,3.9,1.7,14.3,2.3,11.9,7.3,.542,17.5,3.3,.140,.496
.304,29.6,0.3,3.3,1.7,9.1,1.2,.250,Jordan Bone,1.6,1.2,1.1,13.6,1.8,14.9,5.2,.487,19.2,2.3,.118,.442
.745,25.8,0.7,4.8,1.7,6.0,1.0,.280,James Daniel,3.1,2.0,0.8,11.9,2.4,21.6,4.0,.540,16.9,1.9,.110,.510
.000,10.5,3.8,6.3,7.4,12.0,0.6,.524,John Fulkerson,-1.2,7.6,0.0,10.9,3.5,27.6,9.8,.496,13.5,0.6,.092,.429
.000,5.4,2.9,2.6,3.9,18.0,0.5,.556,Derrick Walker,-1.3,11.5,0.1,10.3,0.6,27.0,14.8,.563,14.0,0.6,.087,.600
.365,16.9,0.5,1.1,1.4,6.5,0.3,.500,Chris Darrington,-0.3,1.7,0.2,10.1,2.0,17.9,4.1,.497,19.0,0.5,.088,.423
.545,14.1,3.5,8.6,4.7,11.9,0.1,.182,Jalen Johnson,3.8,5.3,0.1,17.2,1.8,14.3,8.6,.669,10.7,0.3,.155,.682
.231,7.5,1.9,4.2,4.3,9.5,0.2,.154,Yves Pons,-0.1,2.9,0.1,7.0,1.5,22.3,6.3,.609,7.7,0.3,.089,.615
1.000,58.9,0.0,11.0,-4.9,16.1,0.0,.000,Lucas Campbell,16.0,0.0,0.1,37.1,0.0,0.0,8.1,1.500,7.2,0.1,.416,1.500
,0.0,0.0,0.9,3.6,0.0,0.0,,Jacob Fleschman,-2.7,0.0,0.0,0.0,0.0,,0.0,,0.0,0.0,.028,
.167,0.0,0.0,-12.4,-5.1,17.3,0.0,.000,Zach Kent,-7.3,8.9,0.0,6.0,0.0,0.0,13.1,.333,23.3,0.0,.032,.333
1.000,0.0,0.0,-12.8,-2.4,0.0,0.0,.000,Brad Woodson,-10.4,0.0,0.0,-18.3,0.0,0.0,0.0,.000,16.9,0.0,-.191,.000
.627,6.8,1.9,7.4,2.1,13.7,1.5,.259,Jordan Barnett,5.3,5.7,2.7,18.1,1.3,12.3,10.0,.618,19.3,4.3,.157,.579
.645,14.2,0.2,5.9,0.6,8.0,1.3,.399,Kassius Robertson,5.3,1.0,2.8,16.7,1.7,14.5,4.8,.603,22.7,4.1,.144,.558
.459,18.8,7.2,11.4,7.4,23.1,1.8,.442,Jontay Porter,4.0,8.0,1.9,22.5,2.1,17.9,16.1,.580,22.7,3.6,.186,.532
.534,21.6,0.0,5.6,2.5,13.8,1.2,.540,Jordan Geist,3.1,2.9,1.4,14.2,1.9,21.4,8.8,.588,16.2,2.6,.128,.547
.243,6.9,1.1,1.8,1.2,11.6,0.9,.485,Kevin Puryear,0.7,7.8,1.2,13.2,0.7,15.6,9.8,.546,19.5,2.2,.110,.473
.000,5.7,5.4,0.9,2.9,12.7,0.9,.368,Jeremiah Tilmon,-2.0,12.4,0.3,14.7,0.8,22.6,12.5,.563,25.3,1.3,.082,.567
.000,4.7,8.7,3.6,5.6,18.3,0.5,.784,Reed Nikko,-2.0,10.2,0.3,15.8,0.9,18.6,14.6,.550,17.3,0.8,.118,.549
.606,32.8,0.0,1.7,0.3,11.1,0.3,.485,Terrence Phillips,1.3,4.1,0.3,10.6,1.4,35.1,7.9,.616,15.3,0.6,.107,.561
.865,12.5,0.0,1.5,1.8,10.0,0.6,.095,Cullen VanLeer,-0.3,0.6,0.0,5.9,1.7,21.4,5.6,.472,11.5,0.5,.050,.493
.130,46.0,0.0,2.7,3.7,15.4,0.4,.241,Blake Harris,-1.0,3.8,0.0,14.1,4.3,28.5,10.1,.440,22.4,0.4,.089,.407
.333,11.0,4.3,-3.4,-1.4,30.1,0.0,.000,Michael Porter Jr.,-2.0,15.0,0.0,19.6,0.0,0.0,23.1,.389,37.4,0.1,.111,.389
.750,0.0,0.0,21.9,-0.1,0.0,0.0,.000,Adam Wolf,22.0,0.0,0.1,50.7,5.9,0.0,0.0,1.125,20.8,0.1,.285,1.125
.333,10.4,0.0,-0.9,0.5,2.9,0.0,.333,Brett Rau,-1.5,3.4,0.0,6.2,1.6,22.3,3.1,.504,12.6,0.0,.036,.583
.349,21.5,1.3,8.1,3.3,15.0,2.0,.391,Quinndary Weatherspoon,4.8,5.7,2.6,21.4,2.7,17.7,10.5,.579,24.4,4.6,.173,.539
.349,5.9,8.9,10.1,5.4,22.2,1.8,.410,Aric Holman,4.8,11.0,2.6,27.1,1.3,13.9,16.8,.665,20.7,4.4,.225,.648
.301,13.6,0.6,3.7,1.3,10.3,1.4,.311,Nick Weatherspoon,2.4,1.0,2.0,16.5,1.9,9.0,5.8,.552,19.5,3.4,.145,.521
.000,2.5,7.9,6.0,6.0,15.3,1.8,.618,Abdul Ado,0.0,12.7,0.9,17.2,1.8,23.9,14.0,.607,16.0,2.8,.125,.624
.620,10.2,0.1,2.0,-0.1,8.2,1.1,.172,Tyson Carter,2.0,0.9,1.1,13.1,1.7,10.9,4.7,.531,19.6,2.2,.111,.502
.543,29.0,1.2,2.2,1.5,8.2,1.4,.215,Lamar Peters,0.7,1.4,0.3,13.2,3.1,20.4,4.9,.471,24.1,1.8,.083,.449
.483,5.0,2.0,0.9,1.6,10.8,0.9,.167,Xavian Stapleton,-0.7,3.7,0.3,10.1,2.0,11.7,7.4,.477,18.8,1.2,.087,.451
.286,10.4,2.0,1.0,2.1,11.3,0.6,.224,Eli Wright,-1.1,6.6,0.2,9.5,0.9,16.2,9.1,.461,14.6,0.9,.077,.439
.000,3.0,3.9,1.6,2.2,16.0,0.4,.585,E.J. Datcher,-0.6,8.6,0.4,13.5,0.7,18.6,12.4,.639,13.8,0.8,.137,.610
.243,1.2,1.5,-4.5,-0.3,18.2,0.3,.108,KeyShawn Feazell,-4.1,7.1,0.0,8.7,0.8,18.8,12.8,.488,15.9,0.2,.060,.500
.538,14.1,0.0,11.4,-3.7,13.8,0.0,.077,Nick Singleton,15.0,9.9,0.1,42.3,0.0,12.9,11.9,.816,32.4,0.1,.227,.846
,0.0,0.0,-1.3,2.2,0.0,0.0,,Tate Clayton,-3.4,0.0,0.0,0.0,0.0,,0.0,,0.0,0.0,.025,
1.000,0.0,0.0,-7.3,-3.8,0.0,0.0,.000,T.J. Gray,-3.5,0.0,0.0,-4.0,0.0,25.0,0.0,.500,20.1,0.0,-.025,.500
.500,0.0,0.0,-15.3,-3.4,23.2,0.0,.000,Mitchell Storm,-11.9,12.5,-0.1,-5.4,0.0,20.0,18.0,.000,13.2,0.0,-.092,.000
.444,19.2,0.0,-20.3,-3.5,12.9,0.0,.222,Drew Davis,-16.8,0.0,-0.1,-15.0,0.0,16.7,6.7,.151,35.3,-0.1,-.269,.111
.000,0.0,10.3,-7.7,3.1,15.0,0.2,.467,Schnider Herard,-10.8,14.8,-0.3,1.8,0.0,37.5,14.9,.300,16.8,-0.1,-.043,.267
