3PAr,AST%,BLK%,BPM,DBPM,DRB%,DWS,FTr,Name,OBPM,ORB%,OWS,PER,STL%,TOV%,TRB%,TS%,USG%,VORP,WS,WS/48
.297,25.5,0.4,1.1,-1.9,9.9,1.7,.253,Joe Johnson,3.1,2.9,5.3,17.3,1.3,11.8,6.4,.535,25.6,2.7,7.0,.100
.087,16.6,5.9,3.1,3.8,20.4,4.6,.414,Josh Smith,-0.7,6.6,1.2,19.0,2.3,15.5,13.5,.520,25.0,3.7,5.8,.097
.011,8.3,0.9,-1.6,-0.6,14.2,2.1,.446,Marvin Williams,-1.0,5.0,3.6,14.5,1.5,10.4,9.6,.540,20.1,0.3,5.7,.099
.007,7.9,2.2,-0.2,1.1,24.5,3.0,.317,Al Horford,-1.3,11.4,2.4,14.7,1.2,15.3,18.0,.539,16.0,1.2,5.5,.103
.105,8.5,1.4,2.4,0.0,10.2,1.5,.480,Josh Childress,2.5,9.0,6.0,17.8,1.6,12.4,9.6,.647,15.8,2.5,7.6,.160
.236,27.9,0.5,-2.3,-1.5,8.4,0.7,.120,Anthony Johnson,-0.8,1.8,1.1,12.0,2.0,15.1,5.1,.503,13.4,-0.1,1.8,.077
.455,32.9,0.1,-0.8,-2.6,10.4,0.6,.168,Mike Bibby,1.7,0.5,1.1,14.9,1.7,15.5,5.5,.526,21.5,0.3,1.7,.076
.012,6.0,1.0,-4.8,-1.2,19.5,0.9,.624,Zaza Pachulia,-3.6,11.0,0.2,11.0,1.3,18.1,15.3,.515,18.3,-0.7,1.1,.054
.143,20.4,0.0,-6.7,-2.6,6.0,0.4,.203,Acie Law,-4.1,1.6,-0.5,7.7,1.8,17.8,3.8,.455,16.5,-1.0,-0.1,-0.007
.352,17.5,0.0,-3.7,-3.8,6.6,0.2,.143,Tyronn Lue,0.1,1.9,0.8,12.7,1.0,9.6,4.2,.542,18.5,-0.2,1.0,.081
.010,4.0,2.0,-5.1,-0.5,20.5,0.5,.510,Shelden Williams,-4.6,9.6,0.0,9.8,1.7,10.3,15.1,.445,14.9,-0.3,0.5,.060
.472,11.9,0.9,-6.2,-5.0,5.8,0.1,.278,Salim Stoudamire,-1.2,1.2,0.1,11.1,0.9,9.4,3.5,.495,25.2,-0.4,0.3,.031
.082,7.2,1.1,-1.9,0.0,9.5,0.2,.531,Mario West,-1.9,11.3,0.2,8.6,2.4,13.0,10.4,.488,11.7,0.0,0.5,.082
.000,2.8,1.5,-6.1,0.4,23.5,0.2,.353,Lorenzen Wright,-6.5,5.5,-0.1,3.7,1.1,9.2,14.6,.331,6.6,-0.2,0.1,.028
.067,0.0,2.6,-11.5,-4.3,18.4,0.1,.667,Solomon Jones,-7.3,15.3,-0.1,6.8,1.1,22.1,16.9,.451,15.6,-0.3,0.0,.000
.387,0.0,0.0,-11.0,-5.4,7.9,0.0,.000,Jeremy Richardson,-5.6,1.3,-0.1,5.8,1.2,13.9,4.6,.500,18.6,-0.2,-0.1,-0.037
.160,15.0,0.5,0.0,-2.0,9.0,1.5,.511,Richard Jefferson,2.0,3.4,6.1,17.4,1.2,10.9,6.2,.571,26.1,1.6,7.6,.114
.212,25.2,0.9,3.0,-0.3,13.4,2.2,.333,Vince Carter,3.3,4.4,5.5,18.8,1.6,10.9,8.9,.550,25.6,3.8,7.7,.126
.430,45.5,0.6,1.5,1.0,21.7,2.1,.202,Jason Kidd,0.5,3.5,0.4,15.7,2.0,23.6,12.6,.483,18.9,1.7,2.5,.064
.000,5.3,2.7,-1.2,0.6,20.8,1.8,.500,Josh Boone,-1.8,12.5,1.9,14.8,1.1,11.4,16.6,.543,15.4,0.3,3.7,.100
.430,9.3,1.0,-2.4,-1.7,14.3,1.2,.322,Bostjan Nachbar,-0.7,3.9,1.0,12.4,1.4,10.9,9.1,.531,21.5,-0.2,2.2,.064
.000,3.7,6.5,-1.6,2.1,18.8,1.7,.436,Sean Williams,-3.6,10.4,0.8,13.9,1.1,16.1,14.6,.563,15.5,0.1,2.5,.093
.352,10.4,1.3,-2.8,-0.4,9.9,0.6,.202,Antoine Wright,-2.4,3.8,-0.1,8.3,1.3,11.1,6.9,.477,15.2,-0.2,0.5,.025
.485,27.8,0.3,-3.9,-2.3,11.8,0.5,.160,Marcus Williams,-1.6,1.9,-0.4,11.0,1.5,19.3,6.9,.499,20.8,-0.4,0.2,.009
.317,34.7,0.7,0.1,-1.6,9.8,0.6,.343,Devin Harris,1.7,1.5,1.1,16.7,2.1,16.2,5.7,.548,23.0,0.5,1.7,.096
.007,5.8,1.6,-8.5,-1.7,23.6,0.7,.230,Nenad Krstic,-6.9,5.0,-0.9,8.5,0.6,11.0,14.3,.451,20.9,-1.3,-0.1,-0.007
.008,6.8,2.1,-5.1,-0.9,13.1,0.5,.050,Malik Allen,-4.3,6.4,-0.2,10.1,1.0,10.7,9.7,.489,17.9,-0.6,0.4,.023
.000,4.0,0.9,-4.8,0.5,9.2,0.3,.667,Jason Collins,-5.3,5.9,-0.3,2.0,0.8,24.8,7.5,.430,6.2,-0.5,0.0,-0.002
.627,20.5,0.3,-3.0,-0.4,10.6,0.5,.273,Darrell Armstrong,-2.6,3.6,-0.2,8.7,2.7,25.0,7.1,.499,13.7,-0.1,0.3,.024
.000,5.3,4.9,-2.4,2.1,21.1,0.5,.462,DeSagana Diop,-4.6,14.1,0.0,10.4,0.8,17.0,17.6,.435,10.8,0.0,0.5,.058
.091,7.4,0.5,-6.6,-0.8,11.2,0.1,.145,Trenton Hassell,-5.9,3.4,-0.2,3.5,0.7,12.0,7.3,.402,9.8,-0.4,-0.1,-0.009
.000,2.3,4.7,-5.7,-0.4,20.5,0.3,.318,Stromile Swift,-5.3,7.1,0.1,12.7,0.9,10.7,13.7,.523,17.4,-0.3,0.5,.074
.000,4.1,3.0,-11.2,-0.3,28.2,0.3,.633,Jamaal Magloire,-10.9,8.0,-0.8,1.7,0.0,26.9,18.1,.351,15.1,-0.6,-0.5,-0.096
.483,22.0,1.0,-1.6,0.3,16.4,0.2,.310,Eddie Gill,-1.9,0.8,0.1,11.9,2.5,19.5,8.6,.576,12.6,0.0,0.3,.101
.289,8.4,0.0,-9.8,-5.4,7.9,0.0,.158,Maurice Ager,-4.4,3.9,-0.1,7.1,0.0,6.9,5.9,.443,22.7,-0.2,-0.1,-0.056
1.000,0.0,0.0,-20.8,-8.3,0.0,0.0,.667,Billy Thomas,-12.6,0.0,-0.1,-10.3,0.0,20.5,0.0,.258,27.9,0.0,-0.1,-0.389
.332,21.8,1.0,4.7,1.5,14.0,5.7,.442,Paul Pierce,3.3,2.3,6.7,19.6,1.9,14.4,8.5,.599,24.8,4.9,12.4,.207
.458,14.6,0.5,3.1,-0.1,8.3,4.1,.240,Ray Allen,3.2,3.6,5.6,16.4,1.3,10.4,6.1,.584,21.6,3.4,9.7,.177
.011,19.9,3.1,7.4,4.7,25.1,6.2,.339,Kevin Garnett,2.7,7.3,6.6,25.3,2.3,10.8,16.8,.588,25.5,5.5,12.9,.265
.027,28.2,0.5,2.6,2.7,11.9,4.9,.245,Rajon Rondo,-0.1,4.3,2.3,15.6,3.0,15.7,8.3,.515,18.9,2.7,7.2,.150
.003,6.8,4.9,2.6,4.3,19.3,4.3,.526,Kendrick Perkins,-1.7,9.6,1.9,13.3,0.9,22.6,14.8,.632,13.5,2.2,6.2,.156
.674,9.5,0.9,2.9,2.4,18.0,4.0,.278,James Posey,0.5,2.1,2.2,12.0,2.1,12.3,10.5,.587,13.5,2.3,6.2,.164
.561,16.9,0.6,0.8,0.3,11.2,2.8,.068,Eddie House,0.5,1.6,1.1,13.0,2.1,12.2,6.7,.534,19.6,1.1,3.9,.127
.147,13.1,1.3,-1.4,1.8,11.0,2.8,.465,Tony Allen,-3.2,3.1,-0.1,10.7,2.4,18.9,7.3,.527,19.6,0.2,2.7,.093
.000,4.6,1.7,-1.6,1.1,13.5,1.9,.679,Glen Davis,-2.7,12.8,0.6,11.3,1.7,18.5,13.2,.545,17.4,0.1,2.5,.128
.004,3.3,1.6,-0.9,-1.5,18.3,1.6,.717,Leon Powe,0.6,14.9,2.7,20.9,1.0,10.8,16.7,.629,22.8,0.2,4.3,.256
.489,11.2,1.3,-2.4,1.4,12.5,0.9,.213,Brian Scalabrine,-3.8,5.4,-0.3,5.1,0.9,20.2,9.2,.428,11.7,-0.1,0.6,.057
.169,19.9,0.8,-4.0,-0.6,9.8,0.5,.192,Sam Cassell,-3.4,2.1,-0.1,11.0,1.6,11.9,6.2,.461,24.9,-0.1,0.4,.061
.024,6.9,3.1,-0.5,3.0,21.0,0.5,.390,P.J. Brown,-3.5,17.6,0.0,10.2,1.3,17.2,19.4,.406,12.9,0.1,0.5,.116
.000,2.5,2.9,-1.0,1.5,14.9,0.3,.957,Scot Pollard,-2.5,10.2,0.3,8.7,0.9,13.3,12.7,.597,10.1,0.0,0.6,.171
.308,22.5,0.0,-4.8,-0.8,8.3,0.2,.051,Gabe Pruitt,-4.1,1.3,-0.1,8.3,2.8,11.1,5.0,.401,22.0,-0.1,0.1,.028
.408,15.2,1.4,2.8,-0.7,13.3,2.6,.225,Jason Richardson,3.5,2.9,4.8,18.4,1.9,9.3,8.0,.554,25.9,3.8,7.4,.113
.201,32.4,0.3,-2.1,-1.9,7.7,1.4,.326,Raymond Felton,-0.2,1.4,2.0,13.8,1.7,15.7,4.6,.500,20.8,-0.1,3.4,.054
.000,4.5,3.9,-1.3,0.9,26.4,3.6,.435,Emeka Okafor,-2.3,10.7,2.2,17.4,1.2,13.8,18.5,.553,20.0,0.4,5.8,.103
.243,15.9,1.9,2.3,1.4,15.3,2.8,.471,Gerald Wallace,0.9,2.8,1.8,17.5,2.9,14.1,9.0,.547,24.6,2.6,4.6,.094
.409,5.8,0.7,-2.2,-1.5,11.1,1.0,.234,Matt Carroll,-0.7,1.9,1.9,10.7,1.2,8.2,6.4,.554,16.1,-0.1,3.0,.071
.000,8.1,2.8,-0.7,0.7,20.8,1.6,.284,Nazr Mohammed,-1.3,13.3,1.3,16.2,1.4,14.6,17.0,.540,19.9,0.5,2.8,.096
.076,23.4,0.2,-6.1,-1.9,6.6,0.3,.120,Jeff McInnis,-4.1,1.3,-0.2,6.5,0.9,22.5,3.9,.461,11.0,-1.4,0.1,.002
.118,9.3,0.5,-0.3,0.2,13.8,1.1,.339,Jared Dudley,-0.5,10.0,1.8,13.6,2.1,11.1,11.9,.528,14.9,0.6,2.9,.100
.256,26.0,0.0,-7.1,-3.9,5.0,0.1,.343,Earl Boykins,-3.2,1.8,-0.1,10.0,1.2,17.2,3.4,.467,19.0,-0.7,0.0,.001
.000,4.0,4.3,-2.2,0.6,11.7,0.4,.872,Ryan Hollins,-2.7,11.4,0.6,11.4,1.0,16.1,11.6,.565,13.3,0.0,1.1,.096
.416,17.8,0.2,-3.7,-1.8,12.6,0.3,.304,Derek Anderson,-1.9,2.6,0.0,10.0,1.6,15.0,7.5,.497,19.3,-0.2,0.3,.032
.000,6.9,3.5,-7.0,-0.9,14.7,0.3,.224,Jermareo Davidson,-6.0,7.5,-0.4,9.8,1.1,11.0,11.1,.437,21.9,-0.4,-0.1,-0.012
.000,3.3,0.9,-8.2,-1.1,13.0,0.1,.116,Primoz Brezec,-7.1,6.0,-0.4,1.5,0.0,24.9,9.5,.409,10.3,-0.4,-0.3,-0.054
.400,3.8,0.0,-5.8,-3.7,17.3,0.1,.154,Walter Herrmann,-2.1,6.6,0.1,12.1,1.2,5.4,11.9,.490,19.3,-0.2,0.2,.061
.000,3.8,1.8,-9.0,-1.8,21.6,0.1,.381,Othella Harrington,-7.2,7.6,-0.2,5.8,0.3,18.3,14.5,.469,16.6,-0.3,0.0,-0.010
.301,30.9,0.6,-0.8,-0.9,10.6,2.1,.178,Kirk Hinrich,0.1,1.3,1.5,13.1,1.9,15.4,5.8,.501,18.9,0.7,3.6,.072
.324,16.9,0.3,-0.1,-2.5,9.2,1.4,.274,Ben Gordon,2.4,1.9,3.6,16.4,1.2,11.1,5.4,.558,26.0,1.1,5.1,.106
.025,13.2,1.1,0.1,-0.1,14.2,1.9,.296,Luol Deng,0.2,7.0,2.4,17.0,1.4,10.6,10.4,.528,23.6,1.1,4.4,.098
.395,8.3,1.7,-2.4,-2.1,17.0,1.8,.277,Andres Nocioni,-0.3,2.6,1.5,13.6,0.6,11.9,9.5,.549,24.5,-0.2,3.3,.077
.015,8.2,3.8,2.1,4.7,19.1,2.5,.461,Ben Wallace,-2.5,11.7,0.0,11.8,2.2,13.1,15.3,.391,10.2,1.7,2.4,.072
.003,8.6,3.3,1.6,2.8,18.4,2.3,.529,Joakim Noah,-1.2,12.4,1.5,15.5,2.3,16.4,15.3,.539,15.6,1.4,3.8,.120
.451,26.5,0.1,-2.9,-1.9,7.6,1.0,.233,Chris Duhon,-0.9,1.4,1.3,11.1,1.7,15.8,4.4,.508,13.4,-0.3,2.3,.075
.209,14.3,1.6,-1.3,1.3,16.7,1.8,.247,Thabo Sefolosha,-2.6,3.8,-0.3,11.4,2.2,16.6,10.0,.497,17.3,0.3,1.5,.050
.014,11.0,4.2,-0.7,2.4,21.1,2.1,.395,Tyrus Thomas,-3.1,8.4,0.4,14.6,1.9,13.0,14.5,.486,19.7,0.5,2.4,.088
.002,7.4,2.1,-2.0,-0.9,16.0,1.1,.280,Joe Smith,-1.1,10.3,1.5,16.8,1.1,8.3,13.0,.515,22.8,0.0,2.6,.109
.211,17.9,0.6,-1.9,-0.3,10.8,0.8,.248,Larry Hughes,-1.5,1.6,-0.1,12.4,2.5,10.9,6.1,.469,22.0,0.0,0.7,.043
.005,11.4,2.0,-2.0,0.4,18.7,0.8,.485,Aaron Gray,-2.4,12.5,0.1,13.9,1.8,18.7,15.5,.529,22.0,0.0,0.8,.066
.014,9.7,3.2,0.0,1.1,22.8,0.8,.295,Drew Gooden,-1.2,11.3,0.6,17.4,1.2,11.2,16.9,.514,21.9,0.3,1.3,.114
.000,15.3,0.4,-3.4,0.8,9.5,0.2,.117,Adrian Griffin,-4.3,9.3,-0.3,8.5,2.8,20.2,9.4,.404,15.8,-0.1,0.0,-0.009
.032,11.9,0.0,-4.2,0.3,15.6,0.1,.452,Viktor Khryapa,-4.5,6.2,-0.1,9.7,2.9,13.9,10.7,.431,18.2,-0.1,0.0,.020
.522,4.0,0.0,-10.7,-6.6,2.6,0.0,.087,Thomas Gardner,-4.1,7.3,-0.1,4.4,0.0,14.3,5.0,.440,27.4,-0.1,-0.1,-0.128
.667,5.7,7.8,-6.8,-1.2,15.6,0.0,.000,Demetris Nichols,-5.6,0.0,-0.1,7.0,0.0,11.8,7.5,.433,25.1,0.0,0.0,-0.056
.067,0.0,7.1,-29.0,-4.7,5.3,0.0,.400,Shannon Brown,-24.3,5.0,-0.3,-11.8,2.3,22.1,5.1,.255,45.5,-0.2,-0.3,-0.592
.000,0.0,0.0,-24.7,-7.1,12.3,0.0,.250,Cedric Simmons,-17.6,5.7,-0.2,-8.7,0.0,18.4,8.9,.225,25.3,-0.1,-0.1,-0.362
.219,37.3,2.1,11.2,2.3,17.8,4.6,.470,LeBron James,9.0,4.9,10.7,29.1,2.4,11.4,11.1,.568,33.5,10.1,15.2,.242
.001,8.5,4.3,-0.1,1.2,22.2,3.2,.276,Zydrunas Ilgauskas,-1.3,13.1,2.9,18.7,0.8,12.0,17.5,.522,22.9,1.1,6.1,.131
.576,13.1,0.6,0.0,-1.1,6.9,1.4,.226,Daniel Gibson,1.0,1.9,2.7,11.7,1.4,12.9,4.3,.592,15.1,0.9,4.1,.111
.275,16.1,0.3,-2.2,-0.4,13.2,1.7,.267,Devin Brown,-1.8,4.1,0.6,11.3,1.6,14.3,8.5,.494,17.8,-0.1,2.4,.064
.006,5.4,1.5,-4.2,0.0,23.0,2.1,.289,Drew Gooden,-4.2,8.3,-0.1,12.5,1.2,13.4,15.4,.487,19.7,-0.9,2.0,.060
.760,15.1,0.1,-2.2,-3.1,5.9,0.7,.077,Damon Jones,0.9,0.4,2.4,11.3,0.8,8.8,3.1,.582,14.0,-0.1,3.0,.108
.007,6.3,1.6,-1.6,1.6,23.6,1.9,.278,Anderson Varejao,-3.2,11.2,0.5,12.0,1.5,15.1,17.2,.485,13.4,0.1,2.4,.086
.264,13.1,0.7,-2.3,-0.1,11.3,1.5,.226,Larry Hughes,-2.2,2.5,-0.4,11.6,2.6,12.0,6.7,.467,22.4,-0.1,1.1,.042
.283,11.2,0.4,-5.1,-1.4,9.2,0.9,.191,Sasha Pavlovic,-3.6,3.3,-0.8,7.2,1.3,11.2,6.1,.434,18.8,-0.9,0.2,.006
.351,23.3,1.9,0.3,0.6,11.5,0.9,.231,Delonte West,-0.3,2.5,0.8,14.1,1.9,17.1,6.9,.541,16.8,0.5,1.7,.104
.285,3.4,0.8,-3.1,-0.1,13.2,0.8,.165,Ira Newble,-3.0,7.0,0.1,10.0,2.2,15.5,10.0,.522,14.0,-0.2,0.9,.067
.012,5.6,2.2,-2.1,-0.5,16.4,0.6,.406,Joe Smith,-1.7,10.5,0.9,14.9,0.8,9.9,13.4,.547,17.4,0.0,1.5,.128
.000,3.3,5.0,-0.1,3.8,21.2,1.0,.543,Ben Wallace,-3.8,11.3,0.2,12.4,1.8,15.2,16.1,.463,9.3,0.3,1.2,.097
.249,10.4,1.0,-4.7,-1.5,13.3,0.5,.196,Wally Szczerbiak,-3.2,3.6,0.0,10.3,0.9,8.1,8.3,.451,20.2,-0.4,0.5,.044
.021,3.1,4.2,-1.2,1.6,17.7,0.7,1.234,Dwayne Jones,-2.9,16.2,0.5,11.1,1.1,19.0,16.9,.538,8.6,0.1,1.2,.121
.053,19.1,1.0,-7.4,-0.2,6.2,0.3,.579,Eric Snow,-7.2,1.4,-0.4,3.1,1.7,17.3,3.7,.231,8.6,-0.4,-0.1,-0.021
.261,14.1,0.4,-7.6,-2.9,7.0,0.2,.207,Shannon Brown,-4.7,2.5,-0.5,8.1,2.4,13.6,4.7,.433,29.2,-0.3,-0.2,-0.052
.523,4.9,4.5,-4.1,0.2,15.8,0.2,.205,Donyell Marshall,-4.3,6.4,-0.1,8.4,0.7,11.1,11.0,.427,15.7,-0.1,0.1,.039
.000,0.0,5.8,-9.3,1.6,17.3,0.1,1.333,Cedric Simmons,-10.9,8.1,-0.2,2.4,1.6,29.6,12.6,.210,9.0,-0.1,-0.1,-0.070
.929,0.0,0.0,-11.8,-5.6,6.9,0.0,.000,Billy Thomas,-6.2,0.0,-0.1,0.1,1.6,17.6,3.4,.429,22.7,-0.1,-0.1,-0.112
.375,0.0,0.0,-31.6,-8.3,8.4,0.0,.000,Demetris Nichols,-23.3,0.0,-0.2,-20.8,0.0,20.0,4.1,.125,32.4,-0.1,-0.2,-0.615
.000,12.7,6.6,-6.6,1.0,9.8,0.0,.000,Kaniel Dickens,-7.6,0.0,0.0,6.6,0.0,0.0,4.7,.333,11.3,0.0,0.0,.023
.000,0.0,0.0,-19.7,-7.1,11.8,0.0,.500,Lance Allred,-12.6,0.0,0.0,-1.0,0.0,0.0,5.7,.307,22.1,0.0,0.0,-0.125
.167,17.8,1.9,5.2,0.9,22.8,4.0,.414,Dirk Nowitzki,4.2,4.1,8.9,24.6,1.0,9.3,13.8,.585,28.8,5.0,12.9,.223
.168,10.6,0.9,0.8,-0.5,16.7,3.2,.308,Josh Howard,1.3,5.2,4.8,18.3,1.1,7.5,11.2,.534,25.9,1.9,8.0,.140
.360,17.5,0.5,2.7,-1.0,7.7,2.5,.221,Jason Terry,3.7,1.4,6.1,17.8,1.8,7.7,4.7,.574,21.7,3.1,8.6,.160
.000,5.4,4.4,3.4,3.1,21.2,2.8,.527,Erick Dampier,0.4,14.1,3.3,15.3,0.7,19.0,17.8,.645,11.2,2.4,6.0,.165
.008,6.1,2.3,-1.0,0.0,16.3,1.9,.400,Brandon Bass,-1.0,9.2,2.4,15.9,0.8,12.4,12.9,.564,19.8,0.4,4.3,.132
.350,16.7,0.5,-1.3,-1.7,7.9,1.1,.281,Jerry Stackhouse,0.4,2.8,1.2,13.3,1.1,12.7,5.4,.523,22.4,0.2,2.3,.077
.181,28.6,0.1,1.7,-0.9,7.0,1.3,.506,Devin Harris,2.5,1.7,2.6,18.0,2.5,16.4,4.4,.592,22.3,1.1,3.9,.158
.311,41.1,0.8,5.1,2.6,16.8,1.7,.221,Jason Kidd,2.4,4.3,1.6,18.4,3.3,23.2,10.7,.536,16.1,1.8,3.3,.157
.644,10.8,0.6,-0.3,1.1,13.8,1.0,.078,Eddie Jones,-1.3,2.3,0.1,7.6,1.5,13.5,8.3,.473,10.9,0.4,1.1,.058
.000,4.2,5.2,2.7,3.8,19.9,1.5,.348,DeSagana Diop,-1.1,14.8,1.0,13.4,1.2,24.1,17.5,.596,9.1,1.1,2.6,.137
.329,6.3,1.2,-2.9,0.3,14.9,1.0,.164,Devean George,-3.2,4.1,-0.3,7.0,1.2,9.8,9.6,.437,14.0,-0.2,0.7,.039
.050,8.2,0.2,-3.4,0.1,8.0,0.4,.025,Trenton Hassell,-3.5,2.8,-0.1,4.7,1.0,14.8,5.5,.470,9.6,-0.2,0.3,.031
.318,20.6,0.2,-3.2,-1.8,10.5,0.5,.206,J.J. Barea,-1.5,1.0,0.0,11.7,1.6,15.9,5.9,.515,22.3,-0.1,0.5,.052
.000,6.9,0.4,-4.9,0.5,19.0,0.4,.219,Juwan Howard,-5.4,7.1,-0.3,4.1,0.8,19.5,13.3,.406,11.5,-0.3,0.1,.016
.000,6.7,2.2,-1.1,1.0,14.8,0.4,.182,Malik Allen,-2.2,8.6,0.3,9.1,0.6,15.4,11.8,.540,11.8,0.1,0.7,.096
.214,11.4,1.7,-2.6,-0.3,10.8,0.2,.214,Antoine Wright,-2.4,3.4,0.0,9.0,0.6,19.3,7.2,.566,15.1,0.0,0.2,.056
.298,14.3,0.4,-4.2,-3.1,8.5,0.1,.070,Tyronn Lue,-1.1,0.0,0.2,9.2,0.0,7.8,4.4,.545,17.3,-0.1,0.3,.078
.296,7.4,1.0,-13.1,-3.5,4.4,0.0,.222,Maurice Ager,-9.6,1.6,-0.3,-4.4,0.0,9.2,3.0,.253,19.8,-0.2,-0.3,-0.181
.000,0.0,0.0,-22.0,-5.3,29.0,0.0,2.167,Jamaal Magloire,-16.8,4.4,-0.2,-1.9,2.0,37.4,17.1,.512,32.3,-0.1,-0.1,-0.234
.000,0.0,0.0,-17.5,-9.4,24.9,0.0,.000,Nick Fazekas,-8.1,13.3,0.0,13.8,0.0,0.0,19.3,.400,25.9,0.0,0.0,.021
.177,27.4,0.2,1.6,-1.9,6.1,2.8,.512,Allen Iverson,3.5,1.5,8.9,20.9,2.2,11.4,3.8,.567,26.7,3.1,11.6,.163
.111,16.1,1.0,1.6,-0.6,14.9,3.0,.398,Carmelo Anthony,2.2,7.0,5.2,21.1,1.7,12.7,11.0,.568,30.2,2.6,8.2,.140
.031,12.9,7.3,4.8,6.6,31.1,5.9,.318,Marcus Camby,-1.8,9.2,2.6,17.2,1.5,14.0,20.3,.498,13.0,4.7,8.5,.148
.016,6.3,2.8,0.1,1.6,17.5,3.0,.303,Kenyon Martin,-1.5,5.4,2.0,14.7,2.0,10.3,11.6,.553,17.4,1.1,5.0,.111
.271,27.4,1.0,-0.6,0.1,9.4,2.2,.179,Anthony Carter,-0.7,1.5,1.6,12.8,2.6,19.5,5.5,.531,13.8,0.7,3.8,.092
.420,7.5,0.7,-0.6,-1.7,13.5,1.6,.323,Linas Kleiza,1.1,5.4,3.1,14.4,1.1,10.6,9.5,.585,18.9,0.7,4.7,.119
.399,7.8,1.7,1.4,1.3,14.3,2.0,.242,Eduardo Najera,0.2,7.5,2.1,12.1,2.0,12.7,11.0,.570,11.9,1.4,4.1,.118
.579,14.7,0.6,1.2,-2.7,8.1,1.3,.264,J.R. Smith,3.9,3.3,2.5,18.1,2.1,13.0,5.8,.603,25.8,1.2,3.7,.126
.493,9.3,0.4,-3.4,-2.1,7.6,0.3,.231,Yakhouba Diawara,-1.3,4.7,0.5,8.1,0.7,9.8,6.2,.518,12.8,-0.2,0.7,.065
.648,18.7,0.2,-4.0,-2.9,8.4,0.2,.074,Chucky Atkins,-1.1,0.9,0.1,8.9,1.2,7.4,4.8,.449,16.4,-0.2,0.3,.040
.014,7.8,3.7,-3.0,1.6,22.8,0.4,.690,Nene Hilario,-4.6,12.4,-0.1,11.1,1.6,18.5,17.7,.459,18.1,-0.1,0.3,.052
.359,6.9,0.3,-4.4,-2.2,12.9,0.2,.438,Bobby Jones,-2.2,5.5,0.1,8.5,1.1,15.5,9.3,.550,17.3,-0.1,0.3,.071
.217,6.6,0.0,-3.6,-0.3,7.0,0.1,.087,Mike Wilks,-3.3,3.6,0.0,6.4,2.0,17.3,5.3,.503,10.1,0.0,0.1,.032
.000,0.0,3.6,-10.4,-3.8,16.8,0.1,.714,Steven Hunter,-6.6,9.2,0.0,8.6,0.0,16.0,13.1,.530,15.5,-0.3,0.1,.043
.395,7.7,0.8,-14.5,-3.3,10.6,0.1,.211,Von Wafer,-11.2,1.2,-0.5,-1.6,1.1,20.9,6.0,.325,24.8,-0.3,-0.4,-0.231
.000,0.0,10.8,-6.9,3.1,19.3,0.1,2.000,Jelani McCoy,-10.0,3.3,-0.1,2.6,0.0,68.0,11.5,.798,7.6,0.0,0.0,-0.036
.333,13.6,0.0,-6.5,-1.3,21.2,0.0,.444,Taurean Green,-5.2,0.0,0.0,8.8,1.6,15.7,10.8,.465,18.1,0.0,0.0,.020
.155,16.5,1.0,1.6,0.6,12.9,3.2,.256,Tayshaun Prince,1.0,4.8,4.3,15.6,0.9,8.0,8.8,.516,19.9,2.5,7.5,.133
.390,34.7,0.5,6.1,-0.7,8.1,3.4,.498,Chauncey Billups,6.8,2.0,10.2,23.6,2.2,13.0,5.0,.619,23.0,5.2,13.5,.257
.137,22.3,0.3,2.5,-0.4,7.9,2.9,.215,Richard Hamilton,2.9,3.7,4.8,18.2,1.7,10.5,5.8,.552,24.5,2.8,7.7,.152
.362,9.7,4.3,4.0,3.4,21.8,5.1,.172,Rasheed Wallace,0.6,4.3,2.5,17.2,2.1,8.4,13.0,.523,20.5,3.6,7.6,.155
.003,6.2,1.8,1.1,2.4,24.3,4.3,.260,Antonio McDyess,-1.3,10.6,2.4,14.1,1.5,10.1,17.4,.511,15.3,1.8,6.7,.141
.002,4.2,4.2,1.0,1.5,17.4,2.9,.605,Jason Maxiell,-0.5,11.9,3.4,16.7,0.7,11.2,14.6,.576,17.0,1.4,6.3,.171
.385,8.1,0.4,-0.8,-0.7,13.3,1.9,.119,Jarvis Hayes,-0.1,3.2,1.0,13.0,2.0,8.1,8.3,.520,21.1,0.4,2.9,.108
.042,23.9,0.4,-1.1,0.5,10.8,1.6,.408,Rodney Stuckey,-1.6,3.5,0.4,13.8,2.5,14.8,7.1,.484,23.1,0.3,2.0,.090
.199,8.1,0.7,-1.6,0.6,12.5,1.4,.361,Arron Afflalo,-2.3,4.4,0.5,10.2,1.8,10.9,8.4,.494,15.2,0.1,1.9,.092
.000,5.9,8.5,4.3,5.7,23.2,1.9,.333,Amir Johnson,-1.4,13.5,1.1,17.5,1.7,17.1,18.4,.584,14.1,1.2,3.0,.190
.194,31.0,0.2,-2.0,-0.9,8.0,0.4,.266,Ronald Murray,-1.0,4.5,-0.2,13.3,2.1,16.6,6.2,.457,25.3,0.0,0.3,.036
.337,23.1,0.0,-2.7,-2.8,10.8,0.2,.071,Juan Dixon,0.1,2.9,0.1,12.4,0.0,15.8,6.9,.544,23.2,0.0,0.3,.068
.017,4.1,2.8,-2.1,1.0,23.2,0.5,.508,Nazr Mohammed,-3.1,15.1,0.1,13.1,1.7,13.2,19.1,.478,17.2,0.0,0.5,.112
.000,4.6,6.4,0.6,3.9,16.7,0.4,.450,Theo Ratliff,-3.4,10.1,0.1,11.6,1.0,15.8,13.4,.501,12.0,0.1,0.5,.115
.406,23.3,0.7,-2.7,-0.3,5.0,0.3,.141,Lindsey Hunter,-2.4,2.2,-0.1,8.8,3.3,16.1,3.6,.427,17.7,0.0,0.2,.048
.481,11.6,0.4,-1.6,-2.0,15.1,0.2,.190,Walter Herrmann,0.5,7.2,0.2,14.0,0.8,8.5,11.1,.496,22.2,0.0,0.4,.108
.000,6.2,1.6,0.0,0.9,14.7,0.1,1.077,Primoz Brezec,-1.0,8.5,0.2,10.8,1.1,20.7,11.6,.705,11.6,0.0,0.3,.148
.000,0.0,5.1,-1.2,0.9,15.5,0.1,.500,Cheikh Samb,-2.1,11.5,0.1,12.0,1.8,17.0,13.5,.717,8.9,0.0,0.1,.178
,0.0,0.0,-4.6,1.1,0.0,0.0,,Ronald Dupree,-5.8,0.0,0.0,0.0,0.0,,0.0,,0.0,0.0,0.0,.019
.344,29.7,1.0,3.6,-0.1,10.1,2.8,.278,Baron Davis,3.7,3.1,5.9,19.8,2.9,11.9,6.4,.523,25.6,4.5,8.7,.131
.042,15.8,0.6,1.7,-0.4,9.8,1.8,.340,Monta Ellis,2.1,4.5,7.1,19.0,2.0,10.9,7.0,.580,21.7,2.9,9.0,.140
.416,15.2,0.7,0.1,-1.4,9.8,1.4,.307,Stephen Jackson,1.5,2.4,3.2,14.9,1.6,12.6,6.0,.536,23.1,1.5,4.6,.077
.442,8.9,0.5,-0.1,-1.6,16.9,1.7,.206,Al Harrington,1.6,5.0,3.7,15.6,1.6,8.2,10.7,.547,21.1,1.1,5.4,.118
.000,5.2,3.3,1.8,1.2,26.2,2.6,.344,Andris Biedrins,0.6,12.7,5.4,19.2,1.3,12.0,19.1,.637,14.4,2.0,8.0,.185
.332,6.1,1.4,-1.5,-1.2,14.0,1.1,.235,Kelenna Azubuike,-0.3,6.4,2.3,13.5,1.3,8.2,10.0,.534,17.2,0.2,3.4,.094
.410,13.5,1.9,-0.2,0.5,18.1,1.3,.179,Matt Barnes,-0.7,6.8,1.0,12.9,1.6,15.1,12.3,.510,16.7,0.6,2.3,.077
.473,5.1,2.4,0.3,0.5,14.8,1.4,.253,Mickael Pietrus,-0.2,5.2,1.4,12.7,2.4,10.0,9.8,.549,15.3,0.8,2.8,.104
.445,9.0,1.0,-1.7,-1.6,17.3,0.3,.234,Austin Croshere,-0.1,7.4,0.8,13.2,0.9,12.7,12.2,.573,16.0,0.0,1.1,.112
.000,3.4,4.3,-2.4,-0.6,18.1,0.3,.357,Brandan Wright,-1.8,10.4,0.8,17.2,0.8,9.1,14.1,.583,16.0,0.0,1.1,.142
.257,12.8,0.0,-3.6,-1.9,5.8,0.1,.287,C.J. Watson,-1.8,3.6,0.3,11.0,2.0,13.7,4.7,.519,15.1,-0.2,0.4,.056
.441,8.8,0.0,-7.2,-4.3,5.1,0.0,.097,Marco Belinelli,-2.8,1.3,0.0,8.2,1.0,11.0,3.1,.490,19.1,-0.3,0.0,-0.002
.000,3.9,5.6,-2.4,2.3,15.4,0.1,.087,Didier Ilunga-Mbenga,-4.7,10.3,0.0,6.7,1.1,14.3,12.8,.398,9.0,0.0,0.1,.048
.000,19.3,3.5,-3.5,2.3,26.5,0.2,.387,Chris Webber,-5.8,1.6,-0.1,10.7,1.5,23.3,13.6,.482,15.8,0.0,0.1,.025
.000,5.8,6.6,-1.0,2.6,21.4,0.2,.172,Patrick O'Bryant,-3.5,10.4,0.1,14.0,2.0,18.3,15.7,.561,16.3,0.0,0.2,.105
.387,12.7,0.0,-8.7,-2.9,8.4,0.0,.194,Troy Hudson,-5.7,0.0,-0.2,5.2,1.6,17.2,4.0,.416,18.4,-0.2,-0.1,-0.062
.000,3.4,3.8,-6.7,-1.7,20.5,0.0,.600,Kosta Perovic,-4.9,16.2,0.0,10.3,0.0,7.3,18.3,.396,15.1,0.0,0.0,.060
,,,-6.4,-0.4,,0.0,,Stephane Lasme,-6.0,,0.0,,,,,,,0.0,0.0,
.596,8.0,2.3,3.8,3.0,10.5,4.6,.163,Shane Battier,0.8,5.2,3.6,11.7,1.4,10.5,7.9,.561,11.7,4.3,8.2,.135
.440,25.2,0.5,1.0,0.7,10.2,4.0,.148,Rafer Alston,0.2,1.3,1.0,13.2,2.1,14.0,5.8,.492,20.7,1.9,5.0,.095
.226,29.6,0.9,2.4,0.7,13.5,3.8,.274,Tracy McGrady,1.7,2.0,2.0,18.4,1.5,9.8,7.8,.487,30.4,2.7,5.8,.115
.002,11.5,4.0,2.9,2.6,22.9,4.1,.477,Yao Ming,0.4,9.6,4.2,22.5,0.6,15.1,16.4,.587,27.1,2.6,8.3,.196
.004,8.9,0.7,0.4,1.4,19.3,3.7,.351,Luis Scola,-0.9,9.9,2.8,16.1,1.6,12.0,14.6,.548,19.8,1.3,6.5,.154
.014,8.4,2.0,2.8,5.4,20.8,3.7,.109,Chuck Hayes,-2.5,9.6,0.8,11.2,2.9,21.1,15.3,.512,8.5,1.9,4.4,.136
.472,16.4,0.5,-0.2,-0.3,9.4,2.0,.170,Luther Head,0.1,1.5,1.5,13.6,1.7,12.0,5.5,.543,19.3,0.6,3.5,.121
.092,11.8,1.6,-0.9,2.3,19.5,2.4,.422,Bonzi Wells,-3.2,6.4,-0.2,14.1,2.4,13.5,13.0,.480,22.9,0.3,2.1,.091
.005,5.2,0.7,1.8,-0.3,17.3,1.2,.498,Carl Landry,2.1,15.5,2.5,21.4,1.3,8.9,16.4,.641,18.8,0.7,3.7,.251
.000,1.2,5.7,-0.4,3.1,23.5,1.4,.563,Dikembe Mutombo,-3.5,12.6,0.9,14.5,0.9,14.6,18.1,.591,8.6,0.3,2.3,.178
.484,23.5,0.6,-1.8,-1.8,7.9,0.8,.218,Aaron Brooks,0.0,2.5,0.6,13.1,1.1,15.1,5.2,.535,21.8,0.0,1.4,.112
.327,16.4,0.3,-4.0,-1.1,8.5,0.7,.186,Mike James,-3.0,2.3,-0.3,9.6,1.7,10.6,5.5,.440,23.3,-0.3,0.4,.037
.390,21.7,0.3,-0.3,-0.5,13.6,0.8,.152,Bobby Jackson,0.2,2.3,0.4,14.6,1.4,11.1,8.0,.509,23.1,0.2,1.2,.114
.696,3.9,0.8,-0.2,-2.8,13.0,0.3,.039,Steve Novak,2.6,1.7,0.7,17.3,0.4,3.7,7.5,.651,18.7,0.1,1.1,.196
.298,22.7,1.8,-2.0,1.5,8.4,0.3,.404,Steve Francis,-3.5,4.6,-0.2,9.1,2.4,17.3,6.5,.410,18.6,0.0,0.2,.039
.037,3.2,1.4,-2.8,-0.3,21.0,0.3,.241,Mike Harris,-2.5,17.3,0.1,17.1,2.0,13.1,19.2,.519,19.7,0.0,0.5,.143
.321,16.4,0.9,-1.5,-1.2,9.6,0.1,.393,Kirk Snyder,-0.3,7.1,0.1,14.4,0.7,10.9,8.4,.518,20.8,0.0,0.2,.117
.000,20.1,0.0,-4.5,-3.2,6.5,0.0,.000,Loren Woods,-1.3,0.0,0.0,13.4,0.0,0.0,3.3,.600,13.4,0.0,0.1,.179
.000,0.0,0.0,-9.3,-0.1,12.3,0.0,.000,Bobby Jones,-9.2,0.0,0.0,5.9,5.9,20.0,6.3,.500,25.4,0.0,0.0,-0.018
.000,0.0,0.0,-28.2,-10.8,0.0,0.0,1.333,Justin Williams,-17.4,19.1,-0.1,-13.0,0.0,17.4,9.4,.315,43.9,0.0,-0.1,-0.425
.000,0.0,0.0,17.7,-14.1,0.0,0.0,.000,Gerald Green,31.9,57.3,0.1,76.3,0.0,0.0,28.2,1.000,34.3,0.0,0.1,.826
.348,16.1,0.8,2.1,-0.4,13.7,2.6,.361,Mike Dunleavy,2.5,2.1,5.9,17.3,1.4,12.8,7.8,.605,21.8,3.1,8.5,.138
.351,9.6,2.2,1.4,0.2,15.2,3.2,.314,Danny Granger,1.3,3.4,4.1,16.7,1.6,11.1,9.2,.571,23.2,2.5,7.3,.122
.341,12.3,1.1,1.1,0.4,22.9,2.5,.348,Troy Murphy,0.7,5.5,3.7,16.0,1.1,10.7,14.0,.573,18.4,1.6,6.2,.141
.008,10.1,1.3,2.5,2.2,23.8,2.4,.389,Jeff Foster,0.3,14.9,4.0,15.7,1.5,12.4,19.3,.568,11.5,2.1,6.5,.165
.182,14.1,0.9,-2.5,0.2,10.5,1.6,.248,Marquis Daniels,-2.7,4.6,-0.7,11.6,2.5,15.3,7.5,.487,20.6,-0.2,0.9,.028
.460,9.3,1.0,-3.1,-1.3,11.0,1.2,.074,Kareem Rush,-1.9,1.3,-0.2,10.0,1.4,9.5,6.1,.500,18.7,-0.4,1.0,.033
.542,27.7,0.2,-2.5,-2.7,7.3,0.8,.165,Travis Diener,0.2,2.0,1.7,12.2,1.3,10.7,4.6,.494,16.5,-0.2,2.5,.088
.305,38.8,0.6,-2.0,-0.7,10.0,1.3,.216,Jamaal Tinsley,-1.3,2.0,-0.6,12.8,2.5,20.4,5.9,.458,21.3,0.0,0.8,.028
.010,12.9,5.4,-2.0,2.1,18.5,1.6,.318,Jermaine O'Neal,-4.0,7.3,-0.7,14.4,0.8,15.4,12.8,.489,24.8,0.0,0.9,.035
.368,9.8,2.0,-2.3,-0.9,14.0,1.0,.285,Shawne Williams,-1.4,6.0,0.4,12.8,1.3,12.2,9.9,.522,21.3,-0.1,1.4,.069
.000,3.0,6.3,-3.6,2.2,11.9,0.9,.565,David Harrison,-5.7,6.5,-0.5,8.6,1.4,21.5,9.1,.539,16.7,-0.3,0.4,.030
.158,25.3,0.4,-4.1,-1.7,7.8,0.5,.268,Ronald Murray,-2.4,2.0,-0.3,13.1,2.3,17.2,4.8,.498,25.3,-0.3,0.2,.016
.374,17.6,0.6,-3.4,-1.1,9.6,0.3,.318,Andre Owens,-2.3,3.5,0.1,10.0,1.6,16.4,6.5,.504,16.1,-0.1,0.4,.053
.000,5.7,0.7,-5.0,-3.0,17.1,0.3,.351,Ike Diogu,-2.1,13.3,0.4,17.2,1.1,11.4,15.2,.543,24.8,-0.2,0.7,.115
.241,13.5,0.6,-0.4,-2.4,15.6,0.1,.276,Stephen Graham,2.0,3.3,0.3,21.9,1.5,13.3,9.3,.669,25.4,0.1,0.4,.167
.000,11.6,0.0,-5.7,0.1,10.1,0.0,.000,Courtney Sims,-5.8,9.7,0.0,1.1,0.0,0.0,9.9,.000,3.9,0.0,0.0,.008
.221,13.1,0.9,-1.5,-0.2,9.7,1.7,.229,Cuttino Mobley,-1.3,2.1,0.4,11.5,1.5,11.4,5.9,.514,18.5,0.4,2.1,.037
.203,14.3,0.2,1.4,-1.3,14.7,1.8,.681,Corey Maggette,2.7,3.6,5.1,19.3,1.5,13.0,9.1,.595,27.6,2.1,6.9,.133
.149,8.4,1.5,-3.8,-1.3,14.0,1.6,.331,Al Thornton,-2.5,5.2,-0.5,12.7,1.1,11.4,9.6,.504,24.1,-1.0,1.1,.025
.006,9.3,5.6,0.4,3.2,30.0,3.2,.379,Chris Kaman,-2.9,9.5,0.4,17.5,0.8,16.7,19.7,.538,21.7,1.2,3.6,.083
.384,15.7,1.1,-0.6,-0.4,15.6,1.4,.217,Tim Thomas,-0.3,3.7,0.3,12.2,1.1,11.3,9.6,.505,20.7,0.7,1.7,.042
.018,31.1,0.5,-3.0,-0.1,8.8,1.6,.208,Brevin Knight,-3.0,1.0,0.5,11.4,3.1,16.0,4.9,.453,12.2,-0.4,2.1,.060
.063,9.4,1.6,-3.2,0.7,9.1,1.0,.179,Quinton Ross,-3.9,4.1,-0.3,7.6,1.5,7.4,6.6,.430,12.0,-0.5,0.7,.022
.010,6.4,1.4,-4.1,-0.3,20.4,1.0,.276,Josh Powell,-3.9,10.7,0.1,10.7,0.6,15.5,15.6,.500,15.7,-0.7,1.1,.042
.365,27.9,0.2,-2.9,-2.3,9.4,0.6,.277,Dan Dickau,-0.6,1.4,0.9,12.5,1.6,14.2,5.4,.530,17.2,-0.2,1.5,.071
.134,35.0,0.2,-1.3,-2.0,11.1,0.6,.296,Sam Cassell,0.8,1.4,0.8,16.8,1.5,14.7,6.2,.535,25.2,0.2,1.4,.069
.415,28.3,0.6,-5.3,-1.6,8.5,0.3,.185,Smush Parker,-3.7,0.6,-0.7,7.6,2.4,20.4,4.5,.434,19.9,-0.3,-0.4,-0.048
.023,8.8,1.6,-2.6,1.8,14.2,0.4,.500,Ruben Patterson,-4.3,8.4,-0.4,10.9,3.3,20.5,11.3,.486,18.6,0.0,0.1,.010
.000,4.9,3.8,-2.3,2.4,18.0,0.4,.327,Aaron Williams,-4.7,5.8,0.0,10.3,2.1,17.1,11.9,.540,11.8,0.0,0.4,.072
.000,11.2,4.1,-1.5,0.3,18.2,0.3,.412,Elton Brand,-1.8,8.8,0.2,18.0,0.6,11.2,13.5,.523,25.5,0.0,0.5,.080
.026,7.8,3.2,0.5,1.0,23.7,0.3,.286,Nick Fazekas,-0.5,14.5,0.5,19.8,1.6,13.0,19.1,.594,17.7,0.2,0.8,.153
.000,8.8,2.3,-4.4,0.1,13.2,0.2,.154,Paul Davis,-4.5,14.8,-0.2,9.0,1.6,11.5,14.0,.389,18.6,-0.1,0.0,-0.007
.463,8.3,0.0,-7.1,-3.1,7.1,0.0,.037,Richie Frahm,-4.0,2.8,-0.2,5.5,0.6,9.9,5.0,.428,17.2,-0.2,-0.2,-0.054
.000,15.6,0.0,-9.0,-1.5,27.4,0.0,.000,Marcus Williams,-7.5,13.5,-0.1,7.2,1.5,0.0,20.4,.263,25.8,-0.1,-0.1,-0.121
.600,44.3,0.0,-10.5,-8.4,4.7,0.0,.400,Andre Barrett,-2.1,0.0,0.0,12.5,0.0,14.5,2.3,.510,12.7,-0.1,0.0,.078
.250,8.5,0.0,-5.9,-4.3,0.0,0.0,1.250,Guillermo Diaz,-1.7,12.7,0.0,9.9,0.0,0.0,6.4,.403,15.9,0.0,0.0,.033
.246,23.9,0.9,5.4,0.3,14.1,4.3,.439,Kobe Bryant,5.1,3.4,9.5,24.2,2.4,11.3,9.0,.576,31.4,6.0,13.8,.208
.142,13.8,1.8,3.8,2.5,22.7,4.3,.413,Lamar Odom,1.3,7.8,5.3,16.9,1.3,14.2,15.6,.582,16.5,4.3,9.7,.159
.355,15.9,0.1,-0.3,-1.5,6.9,2.0,.242,Derek Fisher,1.1,1.2,3.7,13.8,1.9,9.5,4.2,.556,18.6,1.0,5.7,.121
.176,18.1,0.8,-0.2,0.7,12.7,2.0,.228,Luke Walton,-0.9,5.7,1.2,12.3,1.7,16.0,9.3,.509,16.0,0.8,3.2,.088
.487,20.5,0.2,0.7,-1.2,9.1,1.8,.124,Jordan Farmar,1.9,2.7,2.1,15.4,2.3,14.0,6.0,.563,20.2,1.2,3.9,.111
.535,12.1,0.6,1.0,-0.4,11.4,1.5,.149,Vladimir Radmanovic,1.4,4.4,2.0,12.6,1.6,13.6,8.0,.583,16.0,1.1,3.5,.113
.003,12.7,5.3,1.1,2.6,15.4,2.1,.469,Ronny Turiaf,-1.5,7.5,2.0,15.0,1.0,13.1,11.6,.539,16.7,1.1,4.2,.137
.560,8.7,0.3,-0.2,-2.3,11.3,1.2,.189,Sasha Vujacic,2.1,1.7,2.4,15.1,1.4,9.1,6.7,.605,19.8,0.6,3.6,.136
.000,9.6,5.1,4.5,2.7,26.6,1.8,.397,Andrew Bynum,1.7,12.1,3.0,22.6,0.6,13.0,19.6,.659,17.5,1.6,4.8,.230
.003,17.0,3.3,5.1,1.6,17.4,1.2,.441,Pau Gasol,3.5,7.7,3.4,24.0,0.8,10.0,12.8,.639,21.2,1.6,4.6,.239
.000,7.7,2.7,-1.9,2.3,20.9,0.8,.621,Kwame Brown,-4.2,7.0,-0.3,9.7,1.6,22.0,14.3,.503,14.6,0.0,0.5,.047
.143,12.0,1.3,2.7,1.8,14.6,0.7,.571,Trevor Ariza,0.9,6.7,0.9,17.1,3.0,12.0,10.8,.594,15.3,0.5,1.6,.176
.000,6.6,3.6,-6.4,0.1,18.8,0.4,.284,Chris Mihm,-6.5,11.7,-0.4,7.7,0.7,13.7,15.4,.384,19.6,-0.3,0.0,-0.004
.000,4.6,5.9,-2.7,1.3,14.1,0.3,.164,Didier Ilunga-Mbenga,-4.1,8.9,0.0,11.2,1.0,10.9,11.6,.489,16.5,0.0,0.3,.078
.057,15.7,0.0,-5.5,-1.4,8.7,0.2,.528,Javaris Crittenton,-4.1,4.7,-0.1,11.0,2.1,25.2,6.8,.551,22.5,-0.2,0.0,.013
.250,17.2,0.8,-1.0,-0.9,5.6,0.1,.536,Maurice Evans,-0.1,4.8,0.2,13.3,2.6,0.0,5.2,.448,15.9,0.0,0.3,.140
.500,18.3,2.0,-0.1,0.4,16.5,0.1,.385,Coby Karl,-0.5,4.9,0.0,15.8,2.8,14.1,10.9,.493,22.0,0.0,0.2,.106
.476,5.6,0.0,-8.3,-2.0,9.1,0.1,.190,Brian Cook,-6.3,6.6,-0.2,1.2,1.4,14.9,7.9,.308,16.9,-0.1,-0.1,-0.087
.222,13.4,2.3,-1.0,1.3,17.2,0.0,.000,Ira Newble,-2.3,22.4,0.0,10.0,1.6,25.0,19.7,.389,17.1,0.0,0.0,.037
.286,9.3,1.9,0.8,-0.5,13.5,2.1,.233,Rudy Gay,1.3,5.2,2.9,17.4,1.9,11.3,9.3,.546,25.0,2.1,5.0,.080
.436,16.0,0.5,1.4,-0.8,19.0,1.1,.257,Mike Miller,2.2,2.3,3.9,16.1,0.7,16.6,10.6,.625,19.8,2.1,5.0,.098
.564,13.3,0.0,-2.3,-2.7,9.4,0.4,.191,Juan Carlos Navarro,0.4,1.8,1.0,11.9,1.1,13.9,5.6,.540,20.2,-0.1,1.4,.031
.236,21.8,0.8,-0.6,-0.4,11.3,1.3,.588,Kyle Lowry,-0.2,2.2,2.1,14.3,2.2,14.6,6.7,.531,18.6,0.8,3.4,.078
.074,5.2,1.2,-3.1,-2.1,15.0,0.8,.398,Hakim Warrick,-0.9,7.8,2.5,16.2,1.0,10.0,11.4,.555,21.6,-0.5,3.3,.090
.002,5.4,5.0,-3.5,1.6,20.2,1.6,.242,Darko Milicic,-5.1,8.5,-1.4,11.0,1.0,15.4,14.3,.456,17.5,-0.6,0.2,.006
.027,14.0,2.8,1.5,0.5,19.6,0.9,.386,Pau Gasol,1.0,7.3,3.0,20.1,0.6,10.9,13.4,.566,22.7,1.3,3.9,.129
.206,25.3,0.1,-3.0,-1.8,9.7,0.5,.278,Mike Conley,-1.1,1.7,0.6,12.6,1.6,15.2,5.6,.502,18.8,-0.3,1.1,.038
.485,27.7,0.0,-2.7,-2.3,10.3,0.2,.134,Damon Stoudamire,-0.4,2.5,0.2,11.8,1.5,19.6,6.4,.514,18.2,-0.1,0.4,.033
.011,6.6,4.8,-2.2,0.4,17.1,0.5,.458,Stromile Swift,-2.6,9.3,0.4,15.9,0.9,15.5,13.2,.560,20.4,0.0,0.9,.079
.626,5.2,0.1,-6.1,-2.2,11.0,0.0,.148,Casey Jacobsen,-3.8,2.4,-0.3,4.5,0.5,11.6,6.7,.437,11.3,-0.6,-0.3,-0.023
.189,10.3,0.3,-5.4,-2.0,15.4,0.2,.422,Javaris Crittenton,-3.4,4.4,-0.2,11.0,1.2,13.4,9.8,.483,21.6,-0.4,0.0,.001
.017,1.7,2.5,-4.2,0.6,13.9,0.3,.644,Jason Collins,-4.8,6.6,-0.2,5.4,1.2,24.8,10.2,.528,9.2,-0.3,0.1,.015
.643,7.4,0.3,-4.3,-1.8,18.0,0.2,.151,Brian Cardinal,-2.4,6.6,-0.2,7.3,1.1,14.6,12.2,.461,15.9,-0.3,0.0,.003
.000,4.4,1.0,-5.1,-2.0,21.8,0.2,.628,Andre Brown,-3.1,14.4,0.2,13.5,1.2,12.3,18.0,.502,17.7,-0.2,0.4,.068
.000,12.3,1.4,-2.4,0.9,20.5,0.2,.872,Kwame Brown,-3.3,10.9,0.0,11.1,1.5,20.6,15.7,.482,14.8,0.0,0.1,.034
.361,12.0,1.1,-0.9,-0.2,14.0,0.1,.278,Bobby Jones,-0.6,8.1,0.1,12.1,1.8,11.0,11.0,.495,14.7,0.0,0.2,.079
.184,3.4,0.0,-7.2,-3.7,10.6,0.0,.158,Tarence Kinsey,-3.5,3.5,0.0,10.3,1.6,6.9,7.0,.492,20.2,-0.1,0.0,.020
.333,8.6,0.0,-22.7,-4.7,7.5,0.0,.000,Jeremy Richardson,-18.1,0.0,-0.2,-18.1,0.0,14.3,3.7,.000,20.7,-0.1,-0.2,-0.505
.343,16.4,0.4,-1.2,-0.6,12.2,1.6,.203,Ricky Davis,-0.6,2.2,0.3,12.0,1.6,15.3,7.1,.534,20.0,0.6,1.9,.030
.082,37.5,1.5,3.0,0.0,10.5,1.5,.498,Dwyane Wade,3.0,2.7,1.8,21.5,2.4,16.4,6.6,.549,33.1,2.5,3.3,.082
.500,27.3,0.2,-2.2,-2.0,7.6,1.1,.145,Jason Williams,-0.2,0.8,1.0,12.7,2.3,13.5,4.1,.502,17.0,-0.1,2.1,.052
.000,6.5,0.8,-2.7,0.2,22.7,1.5,.280,Udonis Haslem,-2.8,7.0,1.0,12.7,1.1,10.5,14.7,.517,16.7,-0.3,2.5,.067
.085,4.8,1.8,-5.4,-1.3,15.3,1.0,.268,Mark Blount,-4.1,5.3,-0.3,11.4,1.1,10.8,10.2,.505,19.8,-1.3,0.7,.021
.463,9.1,0.5,-5.1,-2.3,13.3,0.6,.111,Daequan Cook,-2.8,1.6,-1.0,7.9,0.8,10.5,7.4,.480,19.8,-1.1,-0.4,-0.013
.426,22.5,0.2,-1.6,-1.9,9.7,0.7,.263,Chris Quinn,0.3,1.0,1.9,13.8,1.8,11.7,5.3,.559,16.6,0.1,2.6,.092
.038,9.4,3.0,-0.8,1.4,19.0,1.1,.235,Dorell Wright,-2.3,5.1,1.2,14.4,1.4,8.2,11.9,.537,15.1,0.3,2.2,.096
.000,9.4,4.6,-0.7,1.1,20.5,1.0,.541,Shaquille O'Neal,-1.9,12.4,0.1,17.7,1.1,19.4,16.4,.577,25.3,0.3,1.2,.059
.040,5.8,0.7,-7.7,-2.2,17.9,0.6,.266,Earl Barron,-5.5,8.9,-1.0,9.4,1.1,11.6,13.3,.446,22.0,-1.3,-0.4,-0.019
.148,12.1,2.0,1.1,2.4,26.1,0.9,.201,Shawn Marion,-1.3,9.8,0.0,17.1,2.7,14.0,17.8,.503,20.8,0.5,0.9,.072
.000,4.0,1.5,-6.4,-1.2,13.7,0.4,.664,Alexander Johnson,-5.2,6.9,-0.1,8.9,1.3,20.6,10.3,.554,17.6,-0.6,0.2,.019
.000,0.9,5.0,-3.4,1.4,13.4,0.4,.817,Joel Anthony,-4.8,9.0,0.1,8.8,1.0,17.2,11.2,.521,9.4,-0.2,0.6,.054
.000,3.1,8.6,-2.5,1.7,18.5,0.5,.800,Alonzo Mourning,-4.2,10.3,0.3,16.2,0.5,16.3,14.3,.580,18.7,0.0,0.8,.098
.317,16.8,0.2,-2.7,0.8,12.0,0.3,.150,Anfernee Hardaway,-3.5,1.1,-0.1,9.0,3.1,16.9,6.5,.469,11.2,-0.1,0.2,.036
.347,10.0,0.5,-3.9,-0.8,14.4,0.2,.095,Kasib Powell,-3.1,3.1,-0.2,9.0,1.6,4.8,8.7,.424,16.2,-0.1,0.0,.006
.000,1.6,5.8,-2.8,1.9,10.8,0.3,.451,Stephane Lasme,-4.8,10.1,-0.1,11.7,2.3,15.0,10.5,.488,15.6,-0.1,0.3,.041
.451,25.5,1.5,-1.5,-2.2,11.3,0.1,.232,Marcus Banks,0.7,0.5,0.4,15.5,1.2,18.9,5.8,.631,20.4,0.0,0.5,.093
.375,12.6,0.0,-5.0,-1.9,13.9,0.2,.288,Luke Jackson,-3.1,3.6,-0.2,9.1,1.9,9.1,8.7,.438,20.6,-0.2,0.0,-0.004
.444,13.3,1.3,-6.3,-1.0,11.3,0.1,.074,Smush Parker,-5.2,1.3,-0.3,5.5,1.5,12.5,6.2,.386,16.5,-0.2,-0.2,-0.060
.596,17.2,0.0,-5.6,-2.8,12.4,0.1,.544,Blake Ahearn,-2.8,0.7,-0.1,9.0,1.8,18.5,6.4,.495,23.2,-0.2,0.0,-0.006
.469,5.9,0.0,-2.9,-2.3,13.6,0.1,.406,Bobby Jones,-0.6,6.6,0.2,11.2,0.7,15.7,10.1,.636,14.8,0.0,0.2,.080
.008,12.4,3.9,1.2,1.7,23.4,2.3,.354,Andrew Bogut,-0.5,10.2,2.6,17.5,1.2,14.1,16.5,.532,20.2,2.2,4.8,.085
.289,16.4,0.4,0.5,-2.9,10.2,0.2,.394,Michael Redd,3.4,3.5,5.6,18.8,1.3,11.0,6.7,.559,27.3,1.7,5.8,.104
.251,30.0,0.3,0.2,-2.3,9.8,0.5,.211,Mo Williams,2.6,1.7,4.1,17.0,1.7,15.3,5.6,.566,22.1,1.4,4.5,.091
.227,7.5,1.5,-4.0,-2.6,21.5,0.9,.193,Charlie Villanueva,-1.4,8.9,0.9,14.9,0.9,10.8,15.0,.502,24.4,-0.9,1.7,.045
.000,11.3,1.4,-2.6,-0.6,13.1,0.5,.363,Desmond Mason,-2.0,5.0,1.0,12.3,1.2,13.0,8.8,.519,16.8,-0.2,1.5,.041
.040,5.3,2.7,-4.6,-0.7,17.7,0.9,.279,Yi Jianlian,-3.9,7.3,-0.1,11.3,1.1,13.4,12.3,.485,18.4,-1.1,0.7,.022
.447,19.9,0.1,-2.7,-2.2,10.3,0.3,.179,Charlie Bell,-0.5,2.1,1.0,10.9,1.7,12.7,6.0,.490,16.6,-0.3,1.3,.038
.345,8.4,0.3,-3.4,-1.9,12.8,0.5,.141,Bobby Simmons,-1.5,5.0,0.2,10.3,1.7,12.9,8.7,.504,17.9,-0.5,0.7,.022
.283,16.9,0.4,-4.4,-2.4,6.8,0.2,.310,Royal Ivey,-2.0,3.0,0.4,8.8,1.6,14.9,4.8,.487,15.8,-0.9,0.5,.018
.000,5.4,2.4,0.8,2.0,18.6,0.6,1.016,Michael Ruffin,-1.2,16.1,0.7,12.1,2.6,17.5,17.3,.507,7.7,0.4,1.2,.095
.006,3.2,3.5,-5.6,-0.7,17.7,0.4,.409,Dan Gadzuric,-4.9,14.2,-0.4,10.7,2.0,15.8,15.9,.443,18.2,-0.5,0.1,.006
.060,43.5,0.5,-3.1,-2.1,13.6,0.2,.350,Ramon Sessions,-0.9,2.0,0.5,16.2,2.0,21.0,7.6,.507,17.1,-0.1,0.7,.077
.000,5.1,4.3,-4.7,0.6,21.3,0.3,.363,Jake Voskuhl,-5.3,8.8,-0.1,8.7,1.2,23.8,14.8,.528,14.2,-0.3,0.2,.025
.079,10.1,0.3,-4.0,-2.6,10.9,0.0,.326,Awvee Storey,-1.4,13.5,0.1,11.5,1.4,8.9,12.3,.452,19.4,-0.1,0.2,.031
.003,7.5,3.2,0.3,-0.3,24.7,2.9,.273,Al Jefferson,0.6,11.9,4.8,22.7,1.3,9.4,18.1,.535,27.5,1.7,7.7,.127
.209,9.6,0.3,-0.3,-1.0,16.8,1.2,.267,Ryan Gomes,0.7,6.1,3.6,15.7,1.4,9.1,11.3,.539,19.5,1.1,4.8,.096
.241,21.0,1.2,-0.6,0.3,10.1,1.3,.309,Marko Jaric,-0.9,2.0,1.1,12.1,2.3,17.6,5.9,.518,15.0,0.8,2.4,.053
.370,14.1,0.7,-1.1,-2.4,9.2,0.8,.164,Rashad McCants,1.4,2.8,0.9,14.6,1.7,14.5,5.9,.550,26.4,0.5,1.7,.040
.205,27.7,0.5,-3.7,-2.0,7.4,0.5,.189,Sebastian Telfair,-1.7,0.9,0.2,10.4,1.6,15.6,4.0,.462,16.6,-0.8,0.7,.018
.074,9.1,1.1,-3.2,0.8,13.9,1.2,.226,Corey Brewer,-3.9,5.1,-1.4,8.3,2.2,14.3,9.4,.429,15.6,-0.5,-0.2,-0.005
.017,6.6,0.9,-1.8,-1.6,17.8,0.9,.379,Craig Smith,-0.2,8.9,2.7,16.7,1.2,12.6,13.2,.590,20.6,0.1,3.5,.109
.320,20.9,0.2,-1.4,-1.7,10.9,0.4,.141,Randy Foye,0.2,1.2,0.7,12.7,1.5,13.9,5.9,.520,20.4,0.2,1.1,.042
.501,8.0,0.7,-2.9,-2.1,15.0,0.5,.176,Antoine Walker,-0.8,7.1,-0.5,11.4,1.9,10.2,10.9,.455,22.8,-0.2,0.1,.004
.087,12.5,1.6,-1.2,0.6,15.7,0.4,.478,Kirk Snyder,-1.7,4.1,0.5,13.2,1.5,19.8,9.7,.582,16.1,0.1,0.9,.063
.000,4.6,1.7,-3.7,0.1,17.9,0.3,.310,Chris Richard,-3.8,10.5,0.1,7.9,0.9,19.5,14.1,.496,10.0,-0.2,0.4,.037
.427,10.8,0.3,-3.2,-0.3,12.7,0.3,.188,Greg Buckner,-2.9,2.2,-0.2,7.2,2.1,18.6,7.2,.489,13.5,-0.2,0.1,.008
.264,12.6,0.9,-7.1,-2.2,17.0,0.2,.277,Gerald Green,-4.9,3.5,-0.6,7.9,1.2,16.2,10.0,.443,24.9,-0.5,-0.4,-0.058
.000,4.1,3.1,-4.1,1.1,15.4,0.2,.032,Michael Doleac,-5.2,7.0,-0.2,7.5,2.0,15.8,11.1,.446,13.3,-0.1,0.0,.005
.022,4.9,7.1,-1.1,2.4,14.5,0.2,.556,Theo Ratliff,-3.4,6.8,0.1,12.3,0.7,17.6,10.6,.563,14.3,0.1,0.3,.067
.000,3.5,1.1,-7.9,-0.1,15.8,0.1,.632,Mark Madsen,-7.8,13.4,-0.4,0.2,1.0,27.0,14.6,.185,9.9,-0.2,-0.3,-0.102
.193,52.2,0.1,9.2,0.9,10.3,4.6,.302,Chris Paul,8.3,2.4,13.2,28.3,3.9,12.1,6.2,.576,25.7,8.5,17.8,.284
.019,10.6,2.7,1.1,1.4,20.6,4.0,.270,David West,-0.2,7.2,4.3,19.9,1.2,10.2,13.7,.535,26.3,2.3,8.4,.140
.002,4.4,2.4,2.4,1.9,26.1,4.1,.488,Tyson Chandler,0.5,13.2,5.9,17.5,0.9,15.6,19.5,.632,14.5,3.1,10.0,.172
.511,5.6,0.3,1.8,-1.2,11.8,2.4,.136,Peja Stojakovic,3.0,2.7,5.8,15.7,1.1,5.3,7.1,.581,19.7,2.6,8.1,.144
.556,5.5,0.3,-0.1,-0.6,11.3,1.7,.165,Morris Peterson,0.5,2.3,2.1,11.2,1.4,6.9,6.7,.549,15.4,0.9,3.8,.101
.285,20.4,0.3,-3.1,-1.5,8.3,1.4,.124,Jannero Pargo,-1.6,2.0,-0.3,11.9,1.8,11.9,5.1,.468,24.2,-0.4,1.1,.037
.486,12.8,0.3,0.1,-0.3,11.7,1.0,.166,Bobby Jackson,0.4,2.9,0.9,12.9,1.9,8.9,7.2,.512,18.2,0.5,1.9,.100
.512,5.9,1.9,-2.2,-0.3,11.5,0.8,.119,Rasual Butler,-1.9,2.1,0.3,8.8,0.9,3.5,6.7,.460,15.1,0.0,1.2,.063
.000,4.4,3.6,-3.3,1.8,16.0,1.0,.473,Hilton Armstrong,-5.1,10.1,-0.5,7.7,1.1,24.8,13.0,.498,15.1,-0.2,0.5,.032
.010,5.2,1.3,1.2,2.5,8.2,0.8,.290,Ryan Bowen,-1.3,9.5,0.6,9.9,2.6,11.7,8.9,.505,9.0,0.5,1.5,.107
.142,9.5,1.5,0.6,1.6,15.7,0.9,.308,Julian Wright,-1.0,5.9,0.7,15.4,2.4,15.1,10.7,.581,16.4,0.4,1.7,.126
.000,5.4,2.3,-6.0,0.1,22.6,0.8,.322,Melvin Ely,-6.2,5.1,-0.5,9.0,0.6,17.0,13.6,.491,18.5,-0.6,0.3,.022
.076,6.2,1.4,-1.2,0.8,13.7,0.7,.338,Bonzi Wells,-2.1,5.5,0.2,15.1,2.9,13.0,9.5,.535,22.0,0.1,0.8,.093
.359,4.8,0.0,-7.1,-2.3,9.2,0.1,.094,Mike James,-4.8,1.9,-0.2,5.7,1.2,9.5,5.4,.428,18.7,-0.2,-0.1,-0.018
.600,4.3,1.1,-3.7,-2.5,12.1,0.1,.550,Marcus Vinicius,-1.2,1.7,0.0,11.6,0.8,10.8,6.8,.564,18.8,0.0,0.1,.073
.000,0.0,9.2,-9.6,0.8,24.6,0.1,.571,Chris Andersen,-10.4,6.7,-0.1,6.1,0.0,10.2,15.5,.342,13.3,-0.1,0.0,.012
.355,22.0,0.4,-0.2,-2.7,6.3,0.4,.274,Jamal Crawford,2.5,1.3,4.6,16.0,1.3,11.0,3.7,.528,24.6,1.5,5.0,.076
.003,6.7,1.0,0.8,0.2,24.1,1.8,.383,David Lee,0.6,11.3,5.6,18.0,1.2,11.8,17.5,.606,15.6,1.7,7.4,.151
.076,11.8,0.6,-1.5,-0.5,27.6,2.0,.273,Zach Randolph,-1.0,9.1,0.9,18.0,1.4,13.6,18.0,.513,27.4,0.3,3.0,.063
.373,19.7,0.0,0.0,-2.1,10.7,0.7,.251,Nate Robinson,2.0,3.0,2.5,15.3,1.7,10.6,6.7,.526,23.1,0.9,3.2,.082
.386,9.9,0.6,-2.7,-0.3,16.5,0.9,.159,Quentin Richardson,-2.4,3.4,-0.6,8.5,1.3,10.4,9.7,.444,16.1,-0.3,0.3,.008
.444,14.7,0.8,-1.2,-0.9,9.4,0.6,.292,Fred Jones,-0.3,1.9,1.7,10.9,1.4,13.8,5.5,.546,14.4,0.4,2.2,.061
.000,3.8,1.5,-4.5,-2.6,12.6,0.4,.551,Eddy Curry,-1.9,8.0,1.3,15.0,0.5,15.7,10.2,.578,23.5,-1.0,1.7,.053
.093,7.5,1.3,-2.8,0.4,11.1,0.6,.344,Jared Jeffries,-3.3,9.8,-0.5,7.9,1.4,17.1,10.4,.433,12.7,-0.3,0.1,.002
.065,6.5,2.4,-0.6,1.8,16.4,0.9,.511,Renaldo Balkman,-2.4,9.6,0.4,11.5,2.4,14.0,12.9,.492,12.5,0.3,1.3,.065
.279,23.1,0.2,-1.7,-2.5,6.1,0.1,.438,Stephon Marbury,0.8,2.3,1.0,13.8,1.4,13.2,4.2,.527,20.3,0.1,1.1,.066
.124,8.1,1.8,-3.5,-0.9,15.3,0.4,.223,Wilson Chandler,-2.6,6.1,0.2,11.7,1.1,9.2,10.6,.480,19.2,-0.3,0.5,.038
.183,21.4,1.0,-6.2,-0.5,10.4,0.3,.217,Mardy Collins,-5.7,3.3,-1.4,5.9,2.0,22.6,6.7,.378,17.5,-0.7,-1.0,-0.079
.039,9.3,1.1,-7.2,-1.0,17.1,0.4,.283,Malik Rose,-6.2,6.9,-0.9,7.3,1.7,16.5,11.9,.422,22.0,-0.6,-0.5,-0.052
.000,1.8,0.9,-10.8,-3.1,16.2,0.1,.500,Randolph Morris,-7.7,7.3,-0.3,4.3,1.2,11.3,11.6,.396,19.8,-0.4,-0.2,-0.061
.000,0.0,0.0,-7.6,-9.5,70.6,0.0,2.000,Jerome James,1.9,0.0,0.1,45.3,0.0,0.0,34.2,1.064,16.9,0.0,0.1,.613
.150,12.0,1.9,-1.4,-0.7,10.9,1.9,.328,Kevin Durant,-0.6,2.8,0.4,15.8,1.4,12.9,6.9,.519,28.1,0.4,2.3,.040
.177,36.6,0.3,-1.6,-1.8,8.7,1.1,.194,Earl Watson,0.2,2.1,1.7,14.6,1.5,17.8,5.4,.517,18.8,0.3,2.9,.061
.101,8.2,1.6,-3.2,0.1,13.4,1.5,.318,Jeff Green,-3.3,4.9,-1.3,9.8,1.0,15.6,9.2,.491,19.4,-0.7,0.2,.003
.003,7.9,1.9,0.6,1.5,23.3,2.3,.261,Nick Collison,-0.9,12.5,2.2,15.0,1.1,14.2,17.9,.537,16.2,1.4,4.5,.098
.230,12.7,0.7,-1.9,-0.4,10.2,1.2,.214,Damien Wilkins,-1.4,4.3,-0.1,11.3,1.7,10.8,7.2,.474,19.4,0.1,1.0,.027
.005,7.1,1.5,-0.9,0.0,19.2,1.6,.389,Chris Wilcox,-0.9,7.9,1.7,16.3,1.3,12.1,13.6,.554,21.2,0.5,3.4,.093
.002,3.8,2.3,-5.5,0.0,22.6,1.5,.198,Johan Petro,-5.5,8.2,-1.1,10.0,1.3,13.3,15.4,.453,18.2,-1.1,0.4,.014
.193,29.5,0.8,-4.0,-2.0,7.2,0.6,.247,Luke Ridnour,-2.0,1.2,0.3,11.3,1.5,16.4,4.2,.482,17.3,-0.6,0.9,.035
.324,9.9,0.3,-1.6,-2.9,11.1,0.4,.261,Wally Szczerbiak,1.2,1.5,1.9,15.7,0.6,8.9,6.3,.573,23.0,0.1,2.3,.095
.000,7.6,2.9,1.4,2.8,28.2,1.6,.207,Kurt Thomas,-1.4,9.7,1.4,15.8,1.6,8.7,19.0,.536,13.2,0.9,3.0,.134
.224,23.7,1.0,-3.3,0.2,12.4,0.6,.156,Delonte West,-3.4,2.0,-1.0,9.8,2.1,19.8,7.2,.447,19.8,-0.2,-0.4,-0.028
.236,11.1,1.4,-3.6,-1.0,9.8,0.2,.115,Mickael Gelabale,-2.6,3.8,0.0,10.5,1.1,14.1,6.8,.509,17.9,-0.2,0.2,.021
.011,4.2,1.5,-8.8,-0.5,18.7,0.2,.148,Francisco Elson,-8.3,6.7,-0.7,3.8,1.1,15.4,12.7,.352,17.2,-0.5,-0.5,-0.085
.556,4.0,2.7,-3.0,-0.6,18.3,0.2,.241,Donyell Marshall,-2.5,8.9,0.0,10.9,1.1,13.1,13.6,.477,16.2,0.0,0.2,.045
.000,1.4,4.4,-5.7,3.1,13.3,0.1,.118,Robert Swift,-8.7,6.7,-0.3,2.9,2.5,35.9,10.0,.391,12.3,-0.1,-0.2,-0.074
.000,8.2,0.8,-1.9,2.2,16.6,0.1,.125,Adrian Griffin,-4.1,11.6,-0.1,9.3,2.9,22.9,14.1,.415,11.1,0.0,0.0,.027
.000,2.6,8.1,-3.7,-0.8,15.8,0.1,.708,Mouhamed Sene,-2.9,12.3,0.1,18.2,0.0,0.0,14.1,.476,22.0,0.0,0.2,.121
.111,40.5,0.0,-5.6,-4.9,4.9,0.0,.222,Mike Wilks,-0.6,0.0,0.0,17.7,2.3,23.3,2.5,.607,25.3,0.0,0.0,.074
.000,7.6,0.0,-1.7,2.0,42.3,0.0,.667,Ronald Dupree,-3.7,6.1,0.0,17.5,2.8,0.0,24.2,.515,9.3,0.0,0.1,.183
.286,8.8,0.0,-15.0,-6.7,0.0,0.0,.000,Ira Newble,-8.2,0.0,0.0,0.5,0.0,0.0,0.0,.286,17.8,-0.1,-0.1,-0.144
.500,25.4,0.0,-30.9,-9.2,0.0,0.0,.000,Eddie Gill,-21.7,0.0,-0.1,-18.9,0.0,33.3,0.0,.000,26.0,0.0,-0.1,-0.634
.004,6.1,4.2,2.2,2.5,31.6,6.4,.921,Dwight Howard,-0.2,10.9,6.4,22.9,1.2,16.1,21.7,.619,24.2,3.3,12.9,.200
.487,10.5,0.9,4.0,0.6,12.2,3.7,.229,Rashard Lewis,3.4,3.8,6.1,16.7,1.7,10.1,8.2,.591,20.7,4.6,9.8,.153
.340,22.9,0.6,3.3,0.5,14.2,3.5,.321,Hedo Turkoglu,2.9,3.3,5.6,17.8,1.3,15.0,9.0,.576,24.8,4.1,9.0,.143
.696,7.1,0.3,1.3,0.1,11.3,2.3,.187,Keith Bogans,1.2,2.3,2.6,10.9,1.4,7.7,7.0,.559,14.4,1.8,4.9,.106
.255,31.1,0.1,1.1,0.0,12.1,2.2,.250,Jameer Nelson,1.1,1.7,3.4,15.5,1.7,17.4,7.1,.564,19.0,1.5,5.6,.136
.391,6.9,0.4,1.4,-0.6,8.2,1.5,.132,Maurice Evans,2.0,6.5,3.1,14.0,1.3,6.8,7.4,.579,16.6,1.4,4.6,.135
.154,16.0,0.3,-1.8,-1.3,7.8,1.2,.456,Keyon Dooling,-0.5,0.6,2.4,14.1,1.4,10.7,4.4,.572,19.6,0.1,3.7,.132
.241,26.6,0.1,-2.2,-1.4,9.0,1.1,.293,Carlos Arroyo,-0.8,0.9,1.7,12.8,1.1,16.4,5.1,.547,17.0,-0.1,2.8,.107
.000,3.4,4.2,-2.0,2.4,19.6,1.3,.222,Adonal Foyle,-4.4,11.0,0.0,9.9,1.1,16.0,15.5,.464,11.8,0.0,1.3,.080
.493,6.9,1.6,-3.1,-1.0,14.8,0.7,.080,Brian Cook,-2.1,5.2,-0.2,9.5,1.0,13.7,10.2,.508,21.0,-0.2,0.5,.044
.463,6.8,0.3,-6.0,-0.6,13.6,0.3,.063,Pat Garrity,-5.4,3.8,-0.5,3.2,1.1,17.1,8.9,.401,16.0,-0.3,-0.2,-0.038
.398,9.7,0.0,-4.3,-3.4,8.8,0.2,.315,J.J. Redick,-0.9,0.4,0.3,12.7,0.7,10.9,4.8,.569,22.9,-0.2,0.5,.091
.000,2.1,1.0,-2.6,-0.3,10.4,0.2,.235,James Augustine,-2.2,12.9,0.1,10.8,1.7,13.8,11.6,.533,13.4,0.0,0.3,.098
.097,10.7,1.9,-1.5,1.9,18.3,0.2,.484,Trevor Ariza,-3.4,5.2,0.0,12.7,2.2,11.7,12.0,.479,17.0,0.0,0.2,.085
.000,8.4,1.8,-0.8,-0.6,21.6,0.1,.176,Marcin Gortat,-0.3,23.5,0.1,19.8,1.3,9.8,22.5,.491,22.7,0.0,0.1,.158
.000,0.0,0.0,-11.6,-5.3,0.0,0.0,.000,Bo Outlaw,-6.3,0.0,0.0,8.6,0.0,25.0,0.0,.667,26.2,0.0,0.0,-0.071
.240,20.3,1.2,4.3,1.5,13.4,4.4,.396,Andre Iguodala,2.9,3.1,5.3,19.0,2.8,12.5,8.2,.543,23.8,5.2,9.6,.143
.029,32.0,0.2,1.7,-0.6,9.1,2.6,.288,Andre Miller,2.3,3.7,5.7,18.4,1.8,13.7,6.4,.537,22.6,2.9,8.3,.131
.002,2.5,5.6,0.1,2.2,24.0,4.3,.398,Samuel Dalembert,-2.1,13.1,2.6,15.6,0.8,16.6,18.5,.556,15.4,1.5,6.9,.121
.206,13.2,0.9,-2.8,-1.5,9.1,1.6,.170,Willie Green,-1.3,1.9,0.4,12.8,1.5,10.4,5.5,.492,23.9,-0.4,2.1,.050
.003,5.0,0.3,-1.5,1.4,24.7,3.0,.743,Reggie Evans,-2.9,14.0,-0.3,11.0,2.4,19.0,19.3,.463,13.6,0.2,2.7,.068
.203,22.6,0.6,-0.2,-1.2,8.1,1.8,.386,Lou Williams,1.0,2.6,2.5,16.7,2.3,12.4,5.3,.523,24.3,0.8,4.4,.112
.039,6.2,0.4,0.6,0.3,14.8,2.0,.210,Thaddeus Young,0.3,9.1,2.6,16.5,2.5,10.7,11.9,.570,17.4,1.0,4.5,.140
.045,2.8,3.6,-3.8,0.2,16.6,1.4,.265,Jason Smith,-4.0,8.2,0.2,10.7,1.1,12.2,12.3,.491,16.1,-0.5,1.5,.067
.306,5.0,1.8,-2.6,-1.0,11.4,1.2,.207,Rodney Carney,-1.7,5.7,0.4,12.1,2.0,7.4,8.5,.478,20.0,-0.2,1.6,.075
.476,7.9,0.7,-1.5,-1.0,11.1,0.6,.150,Kyle Korver,-0.5,2.1,0.4,10.5,1.6,10.4,6.6,.515,18.5,0.1,1.0,.075
.014,18.7,0.0,-4.6,-1.7,6.0,0.2,.217,Kevin Ollie,-2.8,1.6,0.3,9.7,1.8,6.2,3.8,.463,12.1,-0.2,0.5,.084
.000,5.4,7.0,-1.2,4.9,18.8,0.4,.370,Calvin Booth,-6.0,3.5,-0.1,7.1,1.6,11.3,11.1,.382,7.8,0.0,0.3,.065
.366,15.3,0.7,-6.6,-1.7,14.2,0.1,.195,Gordan Giricek,-4.9,1.1,-0.2,6.7,1.4,15.2,7.6,.416,21.5,-0.1,-0.1,-0.028
.000,0.0,1.2,-8.8,-4.3,9.4,0.0,.438,Lou Amundson,-4.5,12.9,0.0,7.4,0.8,9.5,11.1,.472,14.9,-0.1,0.1,.043
.000,17.8,8.9,3.9,4.4,8.9,0.0,.000,Shavlik Randolph,-0.5,39.2,-0.1,15.6,2.0,12.5,24.2,.286,26.7,0.0,0.0,-0.012
.396,47.3,0.1,1.6,-3.2,9.6,1.4,.255,Steve Nash,4.8,1.2,9.0,21.1,0.9,21.6,5.7,.641,22.0,2.6,10.5,.181
.026,7.5,4.0,3.9,0.4,21.1,3.8,.571,Amar'e Stoudemire,3.5,8.2,10.9,27.6,1.2,10.3,15.2,.656,28.2,4.0,14.6,.262
.583,8.6,0.7,1.3,-0.4,9.0,1.5,.121,Raja Bell,1.7,2.2,3.0,10.5,1.0,7.6,5.9,.561,14.5,2.2,4.5,.082
.413,13.5,0.5,0.6,-1.8,8.2,1.6,.209,Leandro Barbosa,2.4,2.0,3.9,15.8,1.5,9.5,5.4,.575,22.8,1.6,5.5,.109
.063,19.0,1.1,-0.4,0.9,12.7,1.9,.200,Boris Diaw,-1.3,5.2,1.1,12.0,1.3,18.1,9.3,.516,16.6,1.0,3.0,.063
.146,13.1,1.6,1.9,0.9,13.1,2.1,.275,Grant Hill,0.9,4.1,3.8,15.7,1.5,10.7,9.0,.576,18.0,2.2,5.9,.127
.289,8.4,2.7,5.7,3.1,23.1,3.0,.187,Shawn Marion,2.6,6.2,3.5,20.0,2.8,7.3,15.3,.594,17.6,3.3,6.5,.181
.015,2.4,6.0,-2.6,2.1,21.7,1.4,.318,Brian Skinner,-4.8,9.2,-0.2,11.4,1.2,14.7,15.9,.485,14.0,-0.1,1.2,.069
.000,8.8,2.8,-0.7,1.4,29.8,1.2,.699,Shaquille O'Neal,-2.1,10.3,0.4,16.5,0.8,21.7,20.8,.605,21.3,0.3,1.7,.100
.314,11.7,0.3,-2.0,-2.0,9.9,0.2,.107,Gordan Giricek,0.0,2.5,0.5,12.3,0.9,12.1,6.5,.580,19.2,0.0,0.7,.076
.596,11.3,1.7,-2.6,-2.2,5.7,0.2,.147,Marcus Banks,-0.4,1.2,0.1,10.1,1.3,12.1,3.6,.539,19.1,0.0,0.3,.046
.272,14.8,1.5,-5.1,-0.6,7.4,0.2,.207,D.J. Strawberry,-4.5,4.1,-0.4,6.2,2.2,9.9,5.9,.364,18.5,-0.2,-0.2,-0.031
.093,4.5,5.0,-2.6,0.2,21.7,0.2,.442,Sean Marks,-2.9,8.5,0.1,16.1,1.1,13.5,15.6,.574,20.4,0.0,0.3,.121
.788,11.8,0.6,-3.8,-3.2,10.2,0.0,.121,Eric Piatkowski,-0.6,1.1,0.1,8.3,0.0,14.7,6.0,.561,16.1,-0.1,0.1,.045
.143,7.8,1.2,-2.6,-1.3,15.8,0.0,.000,Linton Johnson,-1.3,11.6,0.1,9.5,0.0,12.5,13.9,.536,13.5,0.0,0.1,.087
.182,0.0,1.4,-11.8,-7.4,8.7,0.0,.273,Alando Tucker,-4.5,10.2,0.0,11.8,0.0,0.0,9.4,.446,23.0,-0.1,0.0,.042
.184,28.2,0.4,3.5,-0.2,11.2,2.1,.319,Brandon Roy,3.6,3.4,5.9,19.4,1.5,9.3,7.3,.531,24.9,3.9,8.0,.138
.006,8.8,2.8,0.8,0.7,15.8,2.8,.257,LaMarcus Aldridge,0.1,9.8,3.5,18.5,1.1,8.9,12.8,.523,25.3,1.8,6.2,.113
.466,27.1,0.1,-0.8,-1.4,7.9,1.3,.100,Steve Blake,0.6,1.5,2.5,12.0,1.2,14.5,4.7,.518,15.3,0.7,3.8,.075
.306,22.7,0.0,-0.8,-0.6,10.7,1.5,.400,Jarrett Jack,-0.2,1.6,1.6,13.0,1.5,19.6,6.2,.558,19.3,0.7,3.2,.069
.105,8.9,2.2,-1.8,-0.1,15.0,2.3,.305,Travis Outlaw,-1.6,5.2,0.9,15.7,1.5,8.9,10.1,.499,26.0,0.1,3.2,.071
.483,7.0,1.0,0.0,-0.3,13.3,1.7,.253,Martell Webster,0.4,3.0,1.8,12.0,1.1,10.2,8.2,.548,18.0,1.1,3.5,.079
.004,2.3,4.0,-1.3,1.9,29.3,2.7,.488,Joel Przybilla,-3.2,12.7,1.6,12.3,0.4,23.8,21.0,.611,10.4,0.3,4.3,.113
.022,7.4,1.6,-1.4,0.2,21.6,1.6,.241,Channing Frye,-1.6,9.4,1.6,14.8,1.2,9.9,15.5,.529,19.6,0.2,3.2,.114
.627,4.3,0.9,1.2,-1.0,10.8,0.8,.300,James Jones,2.2,4.0,2.9,13.6,1.0,7.0,7.4,.625,14.8,1.0,3.7,.139
.296,31.2,0.0,-5.2,-1.8,8.4,0.5,.194,Sergio Rodriguez,-3.4,2.4,-0.7,9.0,2.1,19.9,5.4,.423,20.0,-0.5,-0.2,-0.017
.066,3.2,4.5,-0.7,2.7,15.7,0.4,.311,Raef LaFrentz,-3.4,11.4,0.1,10.4,2.3,12.6,13.6,.469,12.9,0.1,0.5,.085
.478,5.0,2.4,-8.8,-2.2,16.5,0.0,.174,Von Wafer,-6.5,0.0,-0.1,4.7,0.0,7.5,8.3,.384,19.8,-0.1,-0.1,-0.067
.500,28.1,0.0,-9.4,-3.3,10.7,0.0,.500,Taurean Green,-6.1,0.0,-0.1,5.8,1.2,26.4,5.4,.435,28.5,-0.1,-0.1,-0.125
.100,13.7,0.0,-0.3,0.8,33.5,0.0,.000,Josh McRoberts,-1.0,8.4,0.0,20.3,2.0,16.7,21.0,.600,20.3,0.0,0.1,.131
.150,13.4,1.0,-0.6,-0.1,12.6,1.7,.325,John Salmons,-0.5,3.6,2.0,13.9,1.9,15.7,8.2,.556,19.2,0.9,3.7,.071
.124,16.6,2.3,2.6,1.9,23.7,2.7,.424,Brad Miller,0.7,8.0,3.8,16.8,1.4,16.0,16.0,.558,18.3,2.9,6.5,.125
.004,5.4,1.5,-0.8,-0.1,16.2,1.4,.372,Mikki Moore,-0.7,8.1,3.2,11.5,0.7,16.2,12.2,.613,12.7,0.7,4.6,.092
.291,10.1,0.2,1.1,-2.8,11.8,1.1,.632,Kevin Martin,3.9,2.6,7.4,21.0,1.4,10.1,7.3,.618,26.2,1.7,8.4,.183
.230,16.2,1.4,2.7,0.5,12.1,2.2,.307,Metta World Peace,2.2,5.6,2.4,18.8,3.1,11.9,8.9,.535,25.5,2.6,4.7,.103
.384,10.2,1.8,0.6,-0.5,11.7,1.8,.277,Francisco Garcia,1.1,3.0,2.4,15.1,2.3,13.2,7.4,.576,20.7,1.4,4.2,.097
.194,22.2,0.4,-1.7,-1.6,10.2,0.9,.208,Beno Udrih,-0.2,2.0,1.5,13.3,1.4,16.1,6.2,.540,19.8,0.1,2.4,.056
.066,7.7,3.3,-4.4,-0.5,20.1,0.8,.182,Spencer Hawes,-3.9,8.8,-0.2,11.6,0.8,14.0,14.6,.486,19.2,-0.6,0.6,.033
.364,9.8,1.1,-5.4,-2.6,8.7,0.5,.155,Quincy Douby,-2.8,2.3,-0.5,9.7,1.7,14.2,5.6,.495,21.3,-0.8,0.0,.000
.318,26.3,0.3,-1.6,-1.7,11.0,0.3,.161,Mike Bibby,0.1,2.8,0.0,13.5,2.0,15.6,7.0,.494,23.0,0.1,0.3,.035
.341,21.9,0.2,-5.0,-2.4,9.6,0.1,.125,Anthony Johnson,-2.6,1.5,0.0,8.9,1.2,26.8,5.6,.560,13.8,-0.3,0.2,.020
.009,3.6,2.1,-4.9,-1.9,20.5,0.3,.482,Shelden Williams,-3.0,11.3,0.3,14.2,1.3,13.4,16.0,.538,19.4,-0.3,0.7,.087
.000,6.5,0.3,-5.9,0.1,17.7,0.2,.132,Kenny Thomas,-6.0,7.7,-0.5,2.6,1.1,34.3,12.8,.398,9.7,-0.3,-0.3,-0.047
.113,8.9,2.3,-3.0,-0.5,15.7,0.2,.962,Dahntay Jones,-2.5,4.1,0.2,13.5,2.0,11.7,10.0,.537,18.5,-0.1,0.4,.096
.000,0.0,3.3,-9.4,-4.1,28.7,0.2,.846,Justin Williams,-5.3,19.6,0.1,14.5,2.2,7.8,24.2,.434,14.8,-0.2,0.2,.096
.000,0.0,2.2,-12.8,-2.7,11.4,0.0,.333,Darryl Watkins,-10.1,8.5,-0.2,0.5,1.4,28.9,10.0,.349,15.2,-0.2,-0.2,-0.136
.091,6.8,1.3,-9.8,1.0,11.4,0.1,.000,Orien Greene,-10.8,0.0,-0.3,-3.3,2.5,38.9,5.8,.273,13.2,-0.1,-0.2,-0.180
.000,11.1,0.0,-5.7,-2.1,9.1,0.0,.286,Shareef Abdur-Rahim,-3.6,14.2,0.0,5.5,1.0,6.0,11.6,.317,14.7,0.0,0.0,-0.005
.000,11.1,0.0,-16.5,-4.3,0.0,0.0,.000,Lorenzen Wright,-12.2,9.3,-0.1,-11.7,0.0,33.3,4.5,.250,20.6,0.0,-0.1,-0.304
.003,15.7,4.3,4.7,4.1,28.3,6.2,.393,Tim Duncan,0.7,10.7,4.9,24.4,1.1,11.4,19.6,.546,28.2,4.5,11.1,.201
.502,5.5,0.7,0.4,2.1,9.6,3.4,.161,Bruce Bowen,-1.6,1.6,0.9,7.0,1.2,9.1,5.6,.527,9.9,1.5,4.4,.085
.063,34.1,0.3,1.7,-0.3,9.6,3.2,.333,Tony Parker,2.0,1.6,3.9,20.0,1.3,12.1,5.6,.542,28.2,2.2,7.0,.146
.395,26.4,1.1,8.1,1.9,14.7,4.5,.449,Manu Ginobili,6.1,3.3,6.6,24.3,2.6,14.5,9.1,.612,28.7,5.9,11.1,.232
.469,8.6,0.3,-1.0,-0.4,12.0,2.9,.105,Michael Finley,-0.6,1.5,1.3,11.4,0.7,6.6,6.8,.519,18.5,0.5,4.2,.091
.003,9.1,0.9,2.5,2.8,19.6,2.9,.206,Fabricio Oberto,-0.2,11.1,3.2,13.8,1.2,13.6,15.4,.615,10.9,1.9,6.1,.178
.440,7.7,1.0,0.2,1.9,17.0,2.6,.155,Ime Udoka,-1.8,3.3,0.2,11.5,2.3,12.6,10.2,.528,16.7,0.7,2.8,.102
.035,21.9,0.1,-4.8,-0.9,6.2,1.4,.283,Jacque Vaughn,-3.9,1.4,0.3,9.2,1.1,14.5,3.8,.481,15.6,-0.8,1.6,.069
.471,6.2,1.5,-1.6,-0.2,19.0,1.5,.151,Matt Bonner,-1.4,7.4,0.5,12.4,0.9,11.2,13.3,.525,19.6,0.1,2.0,.110
.588,11.9,2.5,0.9,3.2,14.8,1.1,.235,Robert Horry,-2.3,7.2,-0.1,9.6,1.9,14.3,11.0,.426,12.6,0.4,1.1,.088
.700,16.1,0.4,3.6,-0.1,9.0,0.8,.125,Brent Barry,3.7,2.6,1.5,16.7,1.7,9.6,5.9,.655,16.1,0.8,2.3,.203
.000,4.8,2.0,-5.3,1.3,22.2,1.0,.162,Francisco Elson,-6.6,7.4,-0.5,8.5,0.9,15.9,14.9,.454,16.9,-0.4,0.5,.043
.008,4.2,2.0,-1.6,3.0,22.7,1.2,.192,Kurt Thomas,-4.6,8.2,-0.1,11.1,2.2,11.7,15.5,.465,14.0,0.1,1.1,.100
.385,20.0,0.4,-6.2,-0.1,11.6,0.6,.056,Damon Stoudamire,-6.1,1.7,-1.1,4.6,1.4,17.0,6.7,.362,20.5,-0.4,-0.5,-0.060
.250,17.1,0.0,-4.2,0.1,12.8,0.2,.271,Darius Washington,-4.3,3.3,-0.2,9.0,1.9,20.7,8.1,.493,22.2,-0.1,0.0,.012
.714,5.4,0.0,0.0,-1.3,4.0,0.0,.286,Jeremy Richardson,1.3,0.0,0.1,11.0,1.9,0.0,2.0,.635,13.0,0.0,0.1,.189
.643,7.2,0.0,-0.4,-4.3,4.2,0.0,.143,DerMarr Johnson,3.9,0.0,0.0,17.3,1.9,0.0,2.1,.571,25.5,0.0,0.1,.143
.000,9.0,13.2,2.3,3.3,25.3,0.1,.750,Ian Mahinmi,-0.9,0.0,0.1,35.3,0.0,11.1,12.8,.658,37.4,0.0,0.2,.372
.500,7.2,0.0,-3.2,4.4,11.6,0.0,.000,Bobby Jones,-7.6,0.0,-0.1,3.4,5.4,20.0,5.9,.250,12.0,0.0,0.0,-0.042
.000,0.0,0.0,-19.9,-5.1,23.3,0.0,.000,Keith Langford,-14.9,0.0,0.0,-2.4,0.0,0.0,11.8,.250,19.2,0.0,0.0,-0.142
.000,0.0,37.9,-7.8,16.9,0.0,0.0,.000,Marcus Williams,-24.7,0.0,0.0,0.0,0.0,0.0,0.0,.000,23.9,0.0,0.0,-0.364
.367,10.8,0.5,2.2,0.4,12.9,2.5,.151,Anthony Parker,1.8,2.2,3.8,14.4,1.6,9.0,7.5,.580,17.4,2.8,6.2,.113
.260,42.3,0.2,2.6,-1.5,9.7,2.2,.170,Jose Calderon,4.0,1.6,8.1,20.5,1.9,14.2,5.6,.607,16.8,2.9,10.2,.197
.024,12.1,2.2,3.7,1.0,20.1,3.1,.544,Chris Bosh,2.7,8.4,7.0,23.8,1.4,10.7,14.2,.588,27.7,3.5,10.1,.200
.212,6.2,4.0,2.8,3.5,21.6,3.6,.148,Jamario Moon,-0.8,5.0,2.1,15.0,2.0,7.7,13.2,.540,14.4,2.6,5.7,.126
.497,11.3,0.5,1.3,0.4,18.1,2.3,.247,Carlos Delfino,0.9,4.0,1.7,13.6,1.9,9.7,11.0,.527,19.0,1.6,4.0,.100
.360,7.4,1.6,-3.0,-1.2,15.2,1.6,.233,Andrea Bargnani,-1.9,3.2,-0.3,10.6,0.7,9.9,9.2,.495,22.5,-0.5,1.4,.036
.237,6.7,0.1,-2.3,-1.5,6.9,0.9,.086,Jason Kapono,-0.8,2.4,1.0,10.8,1.2,10.1,4.6,.561,17.7,-0.1,1.9,.060
.006,8.9,2.8,1.1,1.1,17.0,1.6,.105,Rasho Nesterovic,-0.1,10.3,2.3,16.1,0.7,10.9,13.6,.565,17.4,1.2,3.9,.125
.097,44.4,0.0,0.9,-1.7,7.7,1.1,.239,T.J. Ford,2.7,2.3,2.1,20.3,2.4,15.0,4.9,.533,26.8,0.9,3.3,.130
.006,4.9,2.5,-3.2,-0.3,21.8,1.3,.372,Kris Humphries,-2.8,11.4,0.6,15.7,1.4,10.8,16.6,.512,22.1,-0.3,1.8,.096
.244,23.4,0.4,-3.2,-0.3,10.7,0.5,.119,Juan Dixon,-2.8,2.5,-0.5,10.7,2.6,17.2,6.6,.454,22.6,-0.1,0.0,.002
.027,7.0,0.0,-6.6,-2.3,17.7,0.3,.398,Joey Graham,-4.3,6.4,0.0,10.3,0.5,14.8,12.0,.520,22.2,-0.4,0.3,.040
.372,20.6,0.0,-5.9,-2.1,3.4,0.1,.140,Darrick Martin,-3.8,2.5,-0.2,5.8,2.3,2.1,2.9,.296,15.6,-0.1,-0.1,-0.021
.000,1.4,1.5,-7.2,-3.7,9.8,0.1,.553,Primoz Brezec,-3.6,9.6,0.1,10.2,0.5,7.8,9.7,.508,22.0,-0.1,0.2,.072
.000,4.6,3.2,0.8,0.4,19.7,0.1,.400,Maceo Baston,0.4,10.3,0.3,17.6,1.0,12.0,14.9,.697,15.3,0.1,0.4,.201
.640,5.9,0.0,-2.7,-0.8,20.9,0.1,.000,Jorge Garbajosa,-1.9,3.2,0.0,10.4,2.2,3.8,12.0,.440,16.6,0.0,0.1,.047
.200,16.8,0.0,-17.7,-4.9,11.9,0.0,.400,Linton Johnson,-12.8,0.0,-0.1,1.1,0.0,33.8,5.9,.510,41.9,0.0,-0.1,-0.308
.188,43.6,0.6,2.1,-2.2,8.3,2.3,.368,Deron Williams,4.3,1.4,8.9,20.8,1.5,17.7,4.9,.595,23.1,3.2,11.3,.177
.001,14.2,1.2,3.2,1.3,27.7,4.3,.303,Carlos Boozer,1.9,8.6,5.9,21.9,1.8,12.5,18.2,.581,26.6,3.7,10.2,.173
.350,9.0,1.0,1.7,0.0,21.5,2.7,.273,Mehmet Okur,1.7,6.8,4.0,15.2,1.2,9.9,14.2,.556,19.6,2.3,6.7,.134
.213,18.2,4.0,5.4,3.0,11.9,2.8,.472,Andrei Kirilenko,2.4,6.7,4.3,17.2,2.0,17.6,9.3,.603,16.1,4.1,7.1,.154
.079,9.7,0.7,3.9,0.9,7.0,2.4,.405,Ronnie Brewer,3.0,5.7,5.4,18.4,3.2,8.5,6.4,.612,17.5,3.1,7.8,.178
.008,7.0,3.5,1.9,2.1,20.8,2.7,.456,Paul Millsap,-0.2,12.1,2.5,16.1,2.2,12.6,16.5,.548,18.1,1.7,5.2,.148
.021,9.0,0.8,-1.5,-0.7,12.7,1.4,.432,Matt Harpring,-0.8,8.6,1.4,14.1,1.7,14.4,10.7,.551,21.5,0.2,2.8,.096
.540,9.3,1.7,1.1,-1.3,10.1,0.9,.276,Kyle Korver,2.4,1.0,2.3,14.2,1.1,10.7,5.6,.629,18.2,0.8,3.2,.141
.012,6.8,0.7,-2.2,0.1,13.1,0.5,.902,Jarron Collins,-2.3,7.0,0.5,6.1,0.7,16.1,10.1,.515,8.7,0.0,1.0,.070
.326,11.5,0.9,0.4,-0.7,10.9,0.8,.220,C.J. Miles,1.1,2.9,1.1,14.2,2.4,9.4,6.9,.574,18.6,0.4,1.9,.134
.172,19.3,0.4,-4.2,-0.6,10.0,0.7,.250,Jason Hart,-3.6,1.0,-0.2,8.0,2.5,12.3,5.5,.413,16.8,-0.3,0.4,.033
.368,19.4,0.4,-1.3,-1.4,7.8,0.6,.186,Ronnie Price,0.1,1.7,0.5,12.3,2.8,12.0,4.8,.516,19.1,0.1,1.1,.094
.333,8.4,0.3,-4.7,-1.0,10.9,0.3,.010,Gordan Giricek,-3.7,2.7,-0.4,7.0,2.4,17.0,6.8,.464,19.8,-0.2,-0.1,-0.022
.000,3.8,3.5,-6.0,-0.7,19.0,0.1,.250,Kyrylo Fesenko,-5.3,24.6,-0.1,4.0,0.0,31.1,21.8,.394,16.5,-0.1,0.0,-0.031
.267,10.5,0.0,-11.0,-4.0,6.2,0.0,.400,Morris Almond,-6.9,0.0,-0.1,2.0,1.3,10.2,3.1,.368,22.5,-0.1,-0.1,-0.081
.250,7.2,0.9,0.3,-1.4,23.3,3.2,.309,Antawn Jamison,1.8,8.0,6.0,20.3,1.9,6.6,15.4,.525,25.9,1.8,9.2,.144
.529,15.5,0.5,-0.4,-1.7,9.3,0.9,.253,DeShawn Stevenson,1.3,1.6,3.2,12.6,1.4,10.5,5.4,.529,17.4,1.1,4.1,.077
.196,21.9,0.7,4.7,1.0,15.4,2.4,.278,Caron Butler,3.7,4.6,4.8,20.7,3.0,12.4,9.8,.558,24.0,3.9,7.2,.150
.000,5.2,5.0,1.4,0.9,16.4,1.9,.491,Brendan Haywood,0.5,14.0,4.9,18.3,0.7,12.9,15.2,.582,17.3,1.9,6.8,.146
.166,24.0,0.1,-1.2,-1.2,10.0,1.0,.490,Antonio Daniels,0.0,1.2,3.5,13.7,1.7,14.3,5.5,.549,13.5,0.4,4.5,.099
.545,13.2,0.9,-0.8,-2.7,8.0,0.6,.118,Roger Mason,1.9,1.1,2.8,13.8,1.3,9.9,4.5,.573,18.9,0.5,3.4,.096
.024,9.2,5.7,0.5,2.4,18.8,2.1,.287,Andray Blatche,-1.9,11.2,0.8,15.5,1.7,15.6,14.9,.512,19.7,1.0,3.0,.085
.004,14.2,0.9,-2.2,0.0,14.7,1.2,.156,Darius Songaila,-2.2,6.0,0.6,11.8,1.8,14.7,10.2,.496,17.3,-0.1,1.7,.053
.209,9.6,0.5,-5.6,-3.1,9.6,0.6,.259,Nick Young,-2.5,2.3,-0.1,11.6,1.6,15.0,5.8,.527,24.9,-1.1,0.4,.017
.058,8.3,3.1,-3.1,1.8,14.9,0.6,.311,Dominic McGuire,-4.8,8.7,-0.6,6.6,1.5,25.5,11.7,.397,10.4,-0.2,0.0,-0.003
.398,27.4,0.2,0.7,-1.6,12.8,0.4,.490,Gilbert Arenas,2.3,1.6,0.2,18.2,2.9,17.1,7.0,.529,31.1,0.3,0.6,.070
.480,3.6,1.3,-7.3,-4.0,16.9,0.2,.248,Oleksiy Pecherov,-3.3,7.5,-0.2,9.6,1.0,10.9,12.1,.451,22.4,-0.4,0.0,-0.002
.500,9.7,0.0,0.2,1.6,13.7,0.0,.000,Mike Wilks,-1.4,2.6,0.0,10.1,3.7,20.0,8.0,.625,5.2,0.0,0.1,.094
