2P,2PA,2PCT,3P,3PA,3PCT,AST,Age,BLK,DRB,FG,FGA,FGPCT,FT,FTA,FTPCT,GP,GS,MPG,Name,ORB,PF,PTS,STL,TOV,TRB,eFG
4.6,9.6,.477,1.9,6.0,.324,8.1,20,0.2,2.9,6.5,15.5,.418,4.2,5.1,.829,81,81,30.9,Trae Young,0.8,1.7,19.1,0.9,3.8,3.7,.480
6.7,11.0,.609,0.9,2.6,.348,2.0,21,0.6,6.2,7.6,13.6,.560,3.3,4.4,.763,61,59,30.0,John Collins,3.6,3.3,19.5,0.4,2.0,9.8,.593
2.5,5.1,.498,2.2,5.7,.390,2.1,24,0.3,3.2,4.8,10.8,.441,1.7,2.1,.819,55,47,28.2,Taurean Waller-Prince,0.4,2.6,13.5,1.0,1.8,3.6,.545
1.9,4.1,.457,1.8,4.7,.385,2.9,20,0.3,2.5,3.7,8.8,.419,0.5,0.7,.732,75,59,27.3,Kevin Huerter,0.8,2.1,9.7,0.9,1.5,3.3,.522
2.8,4.8,.570,1.3,3.4,.382,1.4,29,1.1,5.9,4.0,8.2,.492,1.4,1.8,.814,64,52,25.1,Dewayne Dedmon,1.6,3.3,10.8,1.1,1.3,7.5,.571
2.7,5.8,.465,1.4,4.5,.320,2.3,29,0.6,3.3,4.1,10.3,.402,1.9,2.6,.726,67,35,24.5,Kent Bazemore,0.6,2.5,11.6,1.3,1.8,3.9,.472
2.7,5.4,.508,0.6,2.1,.289,2.5,24,0.5,3.7,3.4,7.5,.446,1.1,1.7,.640,82,15,23.5,DeAndre' Bembry,0.7,2.3,8.4,1.3,1.7,4.4,.487
3.2,5.8,.554,1.0,2.6,.363,1.1,25,0.9,3.5,4.2,8.4,.494,1.8,2.8,.648,77,31,20.1,Alex Len,2.1,2.6,11.1,0.4,1.3,5.5,.551
2.7,5.0,.535,0.9,2.6,.333,3.5,30,0.1,2.0,3.5,7.6,.466,2.8,3.3,.845,51,1,19.7,Jeremy Lin,0.3,1.9,10.7,0.7,1.9,2.3,.523
1.2,2.5,.466,1.0,2.8,.344,1.0,21,0.5,2.7,2.1,5.3,.402,0.7,1.0,.711,46,11,17.5,Omari Spellman,1.6,1.5,5.9,0.6,0.7,4.2,.492
1.0,2.0,.480,1.6,4.2,.389,1.1,42,0.4,2.1,2.6,6.2,.419,0.6,0.9,.712,76,9,17.5,Vince Carter,0.4,1.9,7.4,0.6,0.6,2.6,.550
1.5,2.8,.534,0.4,1.1,.391,0.8,25,0.5,2.2,1.9,3.9,.494,0.9,1.4,.621,21,1,14.5,Alex Poythress,1.4,2.2,5.1,0.2,0.6,3.6,.549
1.7,2.3,.714,0.0,0.1,.000,0.6,22,0.6,2.9,1.7,2.4,.682,0.7,1.1,.600,9,0,13.1,Deyonta Davis,1.1,1.3,4.0,0.3,0.3,4.0,.682
0.4,1.1,.361,0.7,2.2,.338,1.9,22,0.1,1.4,1.1,3.2,.345,0.2,0.3,.778,34,1,12.6,Jaylen Adams,0.3,1.3,3.2,0.4,0.8,1.8,.459
0.6,2.0,.300,0.6,2.2,.273,0.0,21,0.0,1.4,1.2,4.2,.286,0.0,0.0,,5,1,11.2,Isaac Humphries,0.8,1.4,3.0,0.2,0.0,2.2,.357
0.8,1.9,.405,0.4,1.2,.348,1.2,23,0.1,1.9,1.2,3.2,.383,0.2,0.3,.500,19,3,10.7,Daniel Hamilton,0.5,1.0,3.0,0.3,0.8,2.5,.450
1.8,2.7,.667,0.0,0.0,,0.9,30,0.2,1.3,1.8,2.7,.667,0.9,1.7,.533,18,0,9.6,Miles Plumlee,0.9,0.8,4.4,0.3,0.6,2.2,.667
0.8,1.7,.500,0.5,1.6,.312,0.5,25,0.3,1.3,1.3,3.3,.408,0.5,0.7,.743,48,4,9.6,Justin Anderson,0.5,1.0,3.7,0.5,0.5,1.8,.484
0.8,1.9,.440,0.4,1.4,.256,0.6,22,0.0,1.3,1.2,3.3,.360,0.6,1.0,.615,27,0,9.3,Tyler Dorsey,0.3,0.7,3.3,0.3,0.4,1.6,.416
0.8,1.7,.500,0.5,1.0,.500,0.0,23,0.0,1.0,1.3,2.7,.500,0.3,0.3,1.000,6,0,7.2,B.J. Johnson,0.3,0.5,3.5,0.3,0.3,1.3,.594
0.0,0.5,.000,0.0,0.5,.000,0.5,29,0.0,2.0,0.0,1.0,.000,0.0,0.0,,2,0,5.5,Tyler Zeller,1.0,2.0,0.0,0.0,0.0,3.0,.000
0.0,0.0,,1.0,1.0,1.000,0.0,26,0.0,0.0,1.0,1.0,1.000,0.0,0.0,,1,0,4.0,Jordan Sibert,0.0,0.0,3.0,0.0,0.0,0.0,1.500
2.5,4.8,.528,2.4,5.1,.474,2.4,27,0.2,3.1,4.9,9.8,.500,1.4,1.8,.827,76,76,30.2,Joe Harris,0.7,2.4,13.7,0.5,1.6,3.8,.622
5.2,10.9,.482,2.9,7.8,.369,7.0,22,0.2,3.2,8.1,18.7,.434,2.0,2.5,.780,81,81,30.2,D'Angelo Russell,0.7,1.7,21.1,1.2,3.1,3.9,.512
3.6,6.7,.528,1.8,5.4,.335,4.6,25,0.3,2.1,5.4,12.2,.442,4.2,5.2,.806,68,4,28.1,Spencer Dinwiddie,0.4,2.8,16.8,0.6,2.2,2.4,.517
4.0,8.2,.483,1.2,3.9,.312,3.9,24,0.4,2.9,5.2,12.1,.429,2.1,3.1,.691,40,25,26.6,Caris LeVert,0.9,1.9,13.7,1.1,1.7,3.8,.478
0.9,2.7,.342,2.3,6.0,.378,1.1,26,0.3,3.1,3.2,8.7,.367,1.0,1.3,.732,43,20,26.3,Allen Crabbe,0.4,2.4,9.6,0.5,1.1,3.4,.499
4.1,6.5,.629,0.1,0.6,.133,1.4,20,1.5,6.0,4.2,7.1,.590,2.5,3.5,.709,80,80,26.2,Jarrett Allen,2.4,2.3,10.9,0.5,1.3,8.4,.595
1.8,4.0,.457,1.6,4.6,.342,1.3,32,0.1,4.2,3.4,8.6,.395,2.7,3.6,.760,67,8,25.4,DeMarre Carroll,1.0,1.7,11.1,0.5,1.1,5.2,.487
3.2,7.4,.436,0.2,0.8,.184,1.6,24,0.5,3.8,3.4,8.3,.411,2.0,3.1,.645,59,21,20.9,Rondae Hollis-Jefferson,1.4,1.8,8.9,0.7,1.2,5.3,.420
0.8,1.5,.545,0.9,2.6,.351,1.4,33,0.3,2.1,1.7,4.1,.423,0.5,0.8,.696,59,25,20.7,Jared Dudley,0.6,2.2,4.9,0.6,0.7,2.6,.533
2.3,4.2,.543,0.9,2.9,.315,0.8,20,0.4,3.0,3.2,7.1,.450,1.1,1.5,.783,63,46,20.5,Rodions Kurucs,0.9,2.3,8.5,0.7,1.2,3.9,.514
0.7,1.8,.413,1.1,3.7,.297,1.0,25,0.2,2.4,1.8,5.5,.335,0.5,0.6,.818,35,21,20.4,Treveon Graham,0.7,1.9,5.3,0.4,0.5,3.1,.435
2.3,3.7,.620,0.0,0.0,.000,0.8,29,0.4,5.9,2.3,3.7,.616,1.2,2.0,.617,81,1,17.9,Ed Davis,2.7,2.8,5.8,0.4,0.8,8.6,.616
1.7,3.7,.449,1.4,4.1,.333,2.6,27,0.3,1.5,3.0,7.8,.389,2.1,2.5,.833,56,2,17.6,Shabazz Napier,0.3,1.2,9.4,0.7,1.2,1.8,.476
0.7,1.5,.481,0.7,2.6,.261,1.2,23,0.0,1.8,1.4,4.1,.342,1.1,1.2,.864,18,0,11.7,Theo Pinson,0.2,0.8,4.5,0.3,1.0,2.0,.425
2.0,3.1,.649,0.1,0.4,.200,0.2,29,0.3,2.4,2.1,3.5,.595,0.8,1.3,.625,12,0,9.8,Kenneth Faried,1.3,0.7,5.1,0.2,0.5,3.7,.607
1.3,2.3,.556,0.0,0.3,.000,1.3,26,0.0,1.3,1.3,2.5,.500,1.3,1.8,.714,4,0,9.0,Mitch Creek,1.3,0.8,3.8,0.3,0.0,2.5,.500
2.0,2.0,1.000,0.0,1.0,.000,0.0,24,0.0,1.0,2.0,3.0,.667,0.0,1.0,.000,1,0,8.0,Tahjere McCall,0.0,2.0,4.0,0.0,0.0,1.0,.667
1.6,2.4,.667,0.0,0.2,.000,0.6,26,0.0,3.0,1.6,2.6,.615,0.4,0.8,.500,5,0,5.2,Alan Williams,0.8,0.4,3.6,0.2,0.2,3.8,.615
0.9,1.3,.667,0.1,1.1,.100,0.2,19,0.0,0.4,1.0,2.4,.409,0.0,0.2,.000,9,0,4.3,Džanan Musa,0.1,0.1,2.1,0.2,0.4,0.6,.432
6.4,12.0,.533,2.6,6.5,.401,6.9,26,0.5,3.9,9.0,18.5,.487,3.2,3.7,.873,67,67,33.0,Kyrie Irving,1.1,2.5,23.8,1.5,2.6,5.0,.557
4.4,9.2,.483,1.5,3.9,.373,2.1,20,0.7,5.2,5.9,13.1,.450,2.5,2.9,.855,79,79,31.1,Jayson Tatum,0.9,2.1,15.7,1.1,1.5,6.0,.506
4.6,7.6,.604,1.1,3.0,.360,4.2,32,1.3,5.0,5.7,10.6,.535,1.1,1.4,.821,68,68,29.0,Al Horford,1.8,1.9,13.6,0.9,1.5,6.7,.586
3.1,6.1,.508,1.9,5.2,.375,1.5,29,0.3,5.1,5.0,11.3,.447,1.9,2.3,.844,75,53,27.9,Marcus Morris,1.0,2.4,13.9,0.6,1.2,6.1,.533
1.4,2.8,.511,1.6,4.3,.364,4.0,24,0.4,2.2,3.0,7.1,.422,1.3,1.6,.806,80,60,27.5,Marcus Smart,0.7,2.5,8.9,1.8,1.5,2.9,.533
2.0,3.0,.667,4.0,10.0,.400,3.0,25,0.0,2.0,6.0,13.0,.462,1.0,2.0,.500,1,0,26.0,R.J. Hunter,1.0,3.0,17.0,1.0,0.0,3.0,.615
3.7,7.0,.529,1.3,3.7,.344,1.4,22,0.4,3.4,5.0,10.7,.465,1.8,2.7,.658,74,25,25.9,Jaylen Brown,0.9,2.5,13.0,0.9,1.3,4.2,.525
3.0,5.6,.542,1.1,3.2,.333,3.4,28,0.3,3.8,4.1,8.8,.466,2.2,2.6,.834,72,18,25.9,Gordon Hayward,0.7,1.4,11.5,0.9,1.5,4.5,.527
1.8,4.2,.422,1.5,4.3,.353,2.9,24,0.3,3.5,3.3,8.4,.387,0.9,1.2,.785,79,14,22.7,Terry Rozier,0.4,1.3,9.0,0.9,0.9,3.9,.477
1.6,3.2,.519,0.4,1.2,.344,1.1,32,0.7,3.0,2.1,4.4,.471,1.0,1.2,.855,51,18,16.1,Aron Baynes,1.7,2.5,5.6,0.2,0.8,4.7,.518
1.8,3.0,.603,0.4,1.0,.388,1.0,26,0.6,2.1,2.2,4.0,.549,0.8,1.2,.737,66,2,13.8,Daniel Theis,1.3,2.4,5.7,0.3,0.5,3.4,.598
0.7,1.2,.565,0.5,1.6,.315,0.4,24,0.1,1.1,1.2,2.8,.424,0.4,0.7,.615,56,3,10.6,Semi Ojeleye,0.4,0.8,3.3,0.2,0.3,1.5,.513
0.9,1.8,.515,0.4,1.1,.410,1.6,29,0.1,1.1,1.4,2.9,.476,0.7,0.8,.857,36,0,9.5,Brad Wanamaker,0.1,0.9,3.9,0.3,0.5,1.1,.552
1.1,1.6,.706,0.0,0.0,,0.2,21,1.3,1.7,1.1,1.6,.706,0.3,0.5,.600,32,2,8.8,Robert Williams,0.8,1.1,2.5,0.3,0.3,2.5,.706
1.0,2.2,.462,0.3,1.3,.250,0.8,22,0.0,1.8,1.3,3.5,.381,0.2,0.3,.500,6,0,8.5,PJ Dozier,1.0,0.3,3.2,0.3,0.0,2.8,.429
0.6,1.2,.531,0.2,0.7,.321,0.4,23,0.2,0.7,0.9,1.9,.455,0.4,0.5,.682,41,1,6.1,Guerschon Yabusele,0.6,0.8,2.3,0.2,0.4,1.3,.513
1.5,2.5,.600,0.0,0.0,,0.5,28,0.0,0.0,1.5,2.5,.600,0.0,0.0,,2,0,2.5,Greg Monroe,1.5,0.0,3.0,0.0,0.0,1.5,.600
5.7,11.6,.494,3.2,8.9,.356,5.9,28,0.4,3.8,8.9,20.5,.434,4.6,5.5,.844,82,82,34.9,Kemba Walker,0.6,1.6,25.6,1.2,2.6,4.4,.511
1.8,3.5,.519,1.5,4.0,.389,3.3,30,0.6,4.3,3.4,7.5,.450,1.0,1.2,.865,75,72,31.4,Nicolas Batum,0.9,1.9,9.3,0.9,1.6,5.2,.553
4.0,8.2,.487,1.5,4.2,.348,2.2,26,0.4,4.7,5.5,12.4,.440,2.9,3.3,.888,79,55,28.5,Jeremy Lamb,0.8,1.8,15.3,1.1,1.0,5.5,.499
1.8,3.6,.500,1.9,5.1,.366,1.2,32,0.8,4.4,3.7,8.7,.422,0.9,1.1,.767,75,75,28.4,Marvin Williams,1.0,2.1,10.1,0.9,0.6,5.4,.529
3.8,6.6,.570,0.1,0.4,.273,2.1,26,0.8,4.6,3.9,7.0,.551,2.3,2.9,.787,49,47,25.4,Cody Zeller,2.2,3.3,10.1,0.8,1.3,6.8,.559
2.2,3.9,.553,0.8,2.5,.325,1.2,20,0.6,3.2,3.0,6.4,.464,0.7,1.0,.753,80,25,21.2,Miles Bridges,0.8,1.4,7.5,0.7,0.6,4.0,.527
2.2,4.5,.498,0.3,0.7,.340,1.0,25,0.6,2.5,2.5,5.2,.476,1.5,1.9,.772,64,3,18.4,Michael Kidd-Gilchrist,1.4,2.4,6.7,0.5,0.7,3.8,.500
3.6,7.4,.485,0.2,0.9,.255,3.7,36,0.1,1.2,3.8,8.3,.460,1.6,2.2,.734,56,0,17.9,Tony Parker,0.3,0.9,9.5,0.4,1.3,1.5,.474
2.0,4.0,.494,0.9,2.0,.437,1.1,23,0.1,1.9,2.8,6.0,.475,0.8,1.1,.739,43,13,17.7,Dwayne Bacon,0.2,1.7,7.3,0.3,0.4,2.1,.549
1.6,3.5,.461,1.5,4.5,.330,1.6,20,0.3,1.7,3.1,8.0,.387,1.2,1.4,.882,73,0,17.2,Malik Monk,0.2,1.5,8.9,0.5,1.2,1.9,.480
1.9,3.4,.553,1.1,3.0,.360,1.3,25,0.3,2.6,2.9,6.3,.463,1.7,2.3,.738,47,0,16.1,Frank Kaminsky,0.8,1.4,8.6,0.3,0.9,3.5,.547
0.9,2.1,.421,0.7,2.6,.281,2.6,23,0.0,1.2,1.6,4.7,.343,0.8,1.0,.761,46,3,14.7,Devonte' Graham,0.2,1.0,4.7,0.5,0.7,1.4,.421
1.6,2.9,.571,0.0,0.0,,0.6,26,0.8,3.1,1.6,2.9,.571,1.1,1.7,.637,54,32,14.5,Bismack Biyombo,1.5,1.9,4.4,0.2,0.6,4.6,.571
2.4,4.4,.539,0.3,0.7,.385,1.0,24,0.3,3.3,2.6,5.1,.519,1.7,2.5,.694,58,3,14.0,Willy Hernangómez,2.0,1.7,7.3,0.3,1.0,5.4,.544
0.5,3.0,.167,0.0,0.5,.000,0.3,28,0.0,0.5,0.5,3.5,.143,1.3,2.3,.556,4,0,10.5,Shelvin Mack,0.0,0.8,2.3,0.5,1.0,0.5,.143
1.5,2.5,.600,0.0,2.0,.000,1.0,23,0.0,1.5,1.5,4.5,.333,0.0,0.0,,2,0,8.5,J.P. Macura,0.0,0.0,3.0,0.0,0.0,1.5,.333
1.0,3.0,.333,0.0,0.0,,1.0,23,0.0,0.0,1.0,3.0,.333,0.0,0.0,,1,0,8.0,Joe Chealey,0.0,1.0,2.0,0.0,0.0,0.0,.333
1.4,3.3,.435,2.6,7.1,.359,2.2,29,0.6,3.9,4.0,10.4,.383,1.1,1.2,.891,38,38,34.9,Justin Holiday,0.5,2.1,11.6,1.8,1.2,4.4,.506
6.5,12.9,.504,1.9,5.1,.374,4.5,23,0.4,4.0,8.4,18.0,.467,5.0,6.0,.832,63,62,34.5,Zach LaVine,0.6,2.2,23.7,1.0,3.4,4.7,.520
3.9,8.1,.479,2.6,5.3,.488,2.7,25,0.6,4.6,6.5,13.4,.483,1.9,2.1,.906,15,15,32.8,Otto Porter,0.9,1.9,17.5,1.2,1.7,5.5,.580
4.3,8.9,.479,2.3,6.4,.361,1.4,21,0.6,7.6,6.6,15.3,.430,3.3,3.8,.872,52,51,32.3,Lauri Markkanen,1.4,2.3,18.7,0.7,1.6,9.0,.506
6.0,10.0,.600,1.3,3.5,.357,1.0,25,0.8,6.8,7.3,13.5,.537,4.3,5.3,.810,4,0,31.8,JaKarr Sampson,1.3,2.0,20.0,1.0,1.0,8.0,.583
3.9,8.9,.441,0.7,2.1,.354,6.0,24,0.5,3.7,4.7,11.0,.425,1.2,1.5,.797,46,44,30.2,Kris Dunn,0.4,3.6,11.3,1.5,2.3,4.1,.458
6.0,13.7,.439,0.3,0.8,.400,5.0,26,0.2,3.8,6.3,14.5,.437,1.3,1.8,.727,6,3,27.8,Walt Lemon,0.7,2.3,14.3,1.8,1.7,4.5,.448
4.7,9.0,.523,0.9,2.9,.325,2.2,23,0.4,5.1,5.6,11.9,.474,2.0,2.8,.731,39,17,26.7,Jabari Parker,1.1,2.2,14.3,0.6,2.2,6.2,.514
4.0,7.7,.513,0.1,0.7,.188,1.8,19,1.3,5.0,4.1,8.4,.485,2.0,2.5,.795,44,44,25.2,Wendell Carter,2.0,3.5,10.3,0.6,1.5,7.0,.493
1.3,2.5,.527,1.0,2.7,.373,3.3,24,0.0,2.4,2.3,5.2,.447,1.1,1.3,.873,81,32,24.2,Ryan Arcidiacono,0.3,2.1,6.7,0.8,0.8,2.7,.544
4.3,9.0,.477,1.2,3.3,.375,1.3,23,0.4,5.2,5.5,12.3,.450,1.8,2.3,.780,22,6,24.1,Bobby Portis,2.1,2.8,14.1,0.5,1.3,7.3,.500
2.2,4.9,.455,0.8,2.6,.315,1.7,24,0.2,2.7,3.0,7.5,.407,1.0,1.5,.714,43,13,22.9,Wayne Selden,0.5,1.9,8.0,0.5,1.3,3.2,.461
4.0,6.8,.589,0.1,0.4,.226,1.2,30,1.1,2.0,4.1,7.2,.568,1.2,1.7,.724,74,36,21.7,Robin Lopez,1.9,1.7,9.5,0.1,1.3,3.9,.575
1.9,3.6,.516,0.3,1.1,.280,0.8,22,0.1,3.5,2.2,4.8,.459,0.5,0.9,.605,44,14,20.3,Chandler Hutchison,0.7,1.3,5.2,0.5,0.6,4.2,.493
2.2,4.6,.475,0.3,1.2,.270,1.9,25,0.4,2.6,2.5,5.8,.432,1.1,1.7,.667,73,11,19.6,Shaquille Harrison,0.5,1.7,6.5,1.2,0.8,3.0,.460
1.3,2.8,.469,1.1,3.2,.330,0.8,23,0.2,2.5,2.4,6.0,.394,0.9,1.2,.771,29,6,18.8,Timothé Luwawu-Cabarrot,0.2,2.0,6.8,0.5,0.6,2.7,.483
1.7,3.5,.486,0.5,1.9,.271,2.7,24,0.2,1.4,2.2,5.4,.411,0.7,0.8,.880,31,12,17.3,Cameron Payne,0.3,1.6,5.7,0.6,1.1,1.7,.458
1.2,2.2,.548,0.8,2.1,.379,0.7,21,0.2,0.9,2.0,4.3,.467,0.3,0.4,.667,14,2,15.3,Brandon Sampson,0.2,1.4,5.1,0.6,0.9,1.1,.558
2.3,5.4,.426,0.6,1.6,.396,0.7,22,0.2,1.7,2.9,6.9,.419,0.9,1.3,.658,57,3,14.5,Antonio Blakeney,0.1,0.7,7.3,0.2,0.6,1.9,.465
1.6,2.9,.543,0.0,0.1,.000,0.6,26,0.1,2.3,1.6,3.0,.531,0.8,1.2,.685,60,0,12.4,Cristiano Felício,1.3,1.2,4.0,0.2,0.6,3.6,.531
1.0,2.7,.370,0.3,1.2,.250,1.3,21,0.0,1.5,1.3,3.9,.333,0.8,1.2,.667,10,1,12.0,Rawle Alkins,1.1,0.7,3.7,0.1,0.8,2.6,.372
0.0,0.0,,0.0,0.0,,0.0,23,0.0,0.0,0.0,0.0,,0.0,0.0,,1,0,1.0,Tyler Ulis,0.0,0.0,0.0,0.0,0.0,0.0,
3.0,6.2,.489,1.7,4.9,.348,2.6,23,0.1,4.1,4.7,11.1,.427,1.9,2.4,.779,76,75,32.2,Cedi Osman,0.6,2.6,13.0,0.8,1.5,4.7,.504
4.9,11.1,.440,1.5,3.6,.402,3.0,20,0.1,2.2,6.3,14.7,.430,2.6,3.1,.839,82,72,31.8,Collin Sexton,0.7,2.3,16.7,0.5,2.3,2.9,.480
2.7,6.5,.412,1.3,3.5,.378,2.9,27,0.5,4.7,4.0,10.0,.400,2.3,2.9,.806,34,24,28.8,Alec Burks,0.8,1.8,11.6,0.7,1.4,5.5,.466
4.7,8.8,.529,0.0,0.0,,2.0,27,0.4,6.2,4.7,8.8,.529,1.6,2.5,.642,43,40,27.9,Tristan Thompson,4.0,2.1,10.9,0.7,1.4,10.2,.529
3.1,6.7,.460,1.2,3.4,.362,2.0,26,0.1,2.1,4.3,10.1,.427,2.3,2.5,.912,45,45,27.4,Rodney Hood,0.4,2.2,12.2,0.8,0.8,2.5,.488
4.8,9.1,.524,1.8,5.5,.324,2.4,26,0.2,2.3,6.5,14.6,.448,2.0,2.4,.844,81,0,27.3,Jordan Clarkson,1.0,1.4,16.8,0.7,1.7,3.3,.509
2.5,6.2,.412,2.4,6.7,.361,2.2,30,0.2,9.4,5.0,12.9,.385,4.7,5.2,.904,22,21,27.2,Kevin Love,1.5,2.5,17.0,0.3,1.9,10.9,.479
3.2,5.7,.567,0.5,1.5,.337,3.2,26,0.6,5.7,3.7,7.1,.520,1.4,2.0,.716,67,30,26.8,Larry Nance,2.5,2.9,9.4,1.5,1.4,8.2,.554
3.2,6.1,.532,1.0,2.2,.464,2.8,32,0.1,1.2,4.2,8.2,.514,1.3,1.5,.850,13,13,26.5,George Hill,0.9,2.7,10.8,0.9,1.5,2.1,.575
1.9,4.3,.448,1.3,3.6,.371,2.3,27,0.1,1.5,3.3,7.9,.413,0.7,0.9,.783,27,26,22.9,Brandon Knight,0.3,1.8,8.5,0.7,0.9,1.9,.498
1.4,3.6,.375,1.1,3.5,.308,1.9,33,0.3,1.6,2.5,7.2,.342,0.7,0.9,.800,11,4,20.2,J.R. Smith,0.0,1.7,6.7,1.0,1.0,1.6,.418
1.4,2.9,.500,1.1,3.3,.336,4.2,28,0.1,1.7,2.6,6.2,.413,1.1,1.3,.792,36,0,19.9,Matthew Dellavedova,0.2,1.8,7.3,0.3,1.6,1.9,.502
2.0,3.3,.600,1.0,2.8,.360,2.6,24,0.3,1.8,3.0,6.1,.491,1.2,1.8,.688,9,1,19.6,Cameron Payne,0.3,1.7,8.2,0.9,1.2,2.1,.573
2.0,3.7,.545,0.5,1.5,.320,1.1,26,0.3,2.4,2.5,5.1,.481,1.1,1.7,.682,51,14,19.3,David Nwaba,0.8,2.1,6.5,0.7,0.6,3.2,.527
1.9,3.9,.486,0.6,1.4,.385,1.0,24,0.0,2.7,2.4,5.3,.458,0.9,1.1,.800,9,5,18.8,Sam Dekker,1.0,1.4,6.3,1.2,0.6,3.7,.510
3.1,5.6,.553,0.0,0.0,,0.9,22,0.4,3.6,3.1,5.6,.553,1.6,2.2,.705,59,25,18.3,Ante Žižić,1.8,1.9,7.8,0.2,1.0,5.4,.553
0.3,1.7,.200,0.3,1.3,.250,0.7,23,0.0,1.0,0.7,3.0,.222,0.0,0.0,,3,0,17.7,Patrick McCaw,0.0,0.3,1.7,0.7,1.0,1.0,.278
1.4,2.5,.552,0.4,1.4,.256,0.5,25,0.3,2.7,1.7,3.9,.443,0.4,0.5,.769,27,4,16.3,Jaron Blossomgame,1.0,0.7,4.2,0.3,0.4,3.6,.491
0.6,1.4,.455,1.6,3.4,.463,1.1,37,0.1,1.8,2.2,4.8,.461,0.8,1.0,.813,16,0,15.7,Kyle Korver,0.0,1.4,6.8,0.2,1.1,1.8,.625
1.5,3.3,.461,0.6,2.1,.263,0.6,21,0.3,3.0,2.1,5.4,.384,1.0,1.4,.684,27,2,14.6,Marquese Chriss,1.2,2.4,5.7,0.6,0.9,4.2,.435
0.9,2.5,.360,0.3,1.4,.214,1.7,24,0.2,1.1,1.2,3.9,.308,1.6,1.6,1.000,10,0,14.4,Andrew Harrison,0.4,2.6,4.3,0.4,1.0,1.5,.346
0.5,1.9,.283,1.1,2.6,.429,0.8,25,0.1,1.6,1.7,4.5,.367,1.0,1.2,.893,24,0,14.3,Nik Stauskas,0.3,0.8,5.5,0.3,0.5,2.0,.491
1.0,2.1,.471,0.6,1.8,.357,0.4,25,0.1,1.4,1.6,3.9,.419,1.2,1.7,.704,16,0,13.4,Jalen Jones,0.7,1.7,5.1,0.6,0.5,2.1,.500
0.3,0.7,.385,0.3,1.2,.261,0.3,21,0.2,0.8,0.6,1.9,.306,0.2,0.2,1.000,19,3,10.2,Deng Adel,0.2,0.7,1.7,0.1,0.3,1.0,.389
0.3,1.1,.289,0.9,2.2,.405,0.6,35,0.1,1.3,1.2,3.3,.368,0.3,0.4,.786,36,6,9.5,Channing Frye,0.1,1.2,3.6,0.2,0.4,1.4,.504
0.0,0.0,,0.0,0.0,,0.0,21,0.0,0.0,0.0,0.0,,0.0,0.0,,1,0,2.0,Kobi Simmons,0.0,0.0,0.0,0.0,0.0,0.0,
0.0,0.0,,0.0,0.0,,0.0,30,0.0,0.0,0.0,0.0,,0.0,0.0,,1,0,1.0,John Holland,0.0,0.0,0.0,0.0,0.0,0.0,
3.4,8.3,.416,2.5,6.3,.389,1.3,26,0.2,3.5,5.9,14.6,.404,3.4,4.0,.833,49,49,32.3,Harrison Barnes,0.7,1.6,17.7,0.7,1.4,4.2,.489
4.7,9.3,.503,2.3,7.1,.327,6.0,19,0.3,6.6,7.0,16.5,.427,4.8,6.7,.713,72,72,32.2,Luka Dončić,1.2,1.9,21.2,1.1,3.4,7.8,.497
4.2,6.5,.644,0.0,0.0,,2.0,30,1.1,10.5,4.2,6.5,.644,2.7,4.0,.682,50,50,31.1,DeAndre Jordan,3.2,2.5,11.0,0.7,2.2,13.7,.644
2.1,4.7,.456,2.3,6.0,.380,2.3,32,0.3,1.9,4.4,10.7,.414,2.0,2.5,.791,44,44,29.8,Wesley Matthews,0.5,2.3,13.1,0.8,1.3,2.3,.520
3.3,6.7,.496,2.4,7.4,.321,1.9,26,0.1,2.8,5.7,14.1,.404,1.7,2.3,.767,19,17,29.4,Tim Hardaway,0.4,1.8,15.5,0.6,1.3,3.2,.489
3.6,7.3,.491,1.3,3.9,.344,4.3,21,0.3,2.5,4.9,11.2,.440,1.8,2.6,.695,32,32,28.4,Dennis Smith,0.6,2.6,12.9,1.3,3.1,3.0,.500
1.8,3.4,.544,1.0,3.1,.311,1.2,25,0.4,3.1,2.8,6.5,.432,0.9,1.3,.709,81,26,24.5,Dorian Finney-Smith,1.7,2.3,7.5,0.9,0.9,4.8,.507
2.8,5.3,.523,0.9,2.5,.348,3.2,22,0.1,2.0,3.6,7.7,.467,1.2,1.6,.725,73,38,21.8,Jalen Brunson,0.3,1.7,9.3,0.5,1.2,2.3,.523
3.3,4.7,.699,0.5,1.6,.307,1.5,27,0.6,3.5,3.8,6.3,.597,2.5,3.3,.772,77,22,21.6,Dwight Powell,1.8,2.6,10.6,0.6,0.9,5.3,.637
1.4,2.4,.583,1.1,3.1,.353,1.0,27,1.1,3.4,2.5,5.4,.453,0.8,1.0,.784,71,18,21.2,Maxi Kleber,1.3,2.0,6.8,0.5,0.8,4.6,.553
3.2,6.8,.479,1.0,3.4,.297,5.6,34,0.0,2.2,4.2,10.1,.418,1.4,2.1,.705,38,0,19.8,J.J. Barea,0.3,1.3,10.9,0.6,1.9,2.5,.468
2.1,3.6,.577,1.1,3.0,.372,1.0,23,0.0,1.6,3.2,6.6,.484,0.7,1.0,.724,29,11,18.3,Justin Jackson,0.7,1.1,8.2,0.3,0.2,2.3,.568
2.5,4.7,.530,1.0,2.9,.356,2.6,26,0.1,1.0,3.5,7.6,.463,1.6,2.0,.837,25,1,17.4,Trey Burke,0.5,1.0,9.7,0.5,0.8,1.5,.532
1.0,2.2,.476,0.9,2.9,.310,1.8,35,0.2,1.5,1.9,5.1,.380,1.5,2.0,.761,68,2,15.8,Devin Harris,0.2,2.0,6.3,0.5,0.8,1.6,.470
1.4,3.4,.415,1.3,4.0,.312,0.7,40,0.4,3.0,2.6,7.4,.359,0.8,1.0,.780,51,20,15.6,Dirk Nowitzki,0.1,1.5,7.3,0.2,0.4,3.1,.444
1.0,2.0,.488,0.5,1.8,.282,1.0,33,0.0,1.1,1.5,3.7,.390,0.2,0.3,.714,22,4,12.2,Courtney Lee,0.1,0.9,3.6,0.6,0.4,1.2,.457
0.6,2.0,.313,0.6,1.4,.455,0.9,23,0.0,1.3,1.3,3.4,.370,0.5,0.9,.571,8,0,11.3,Daryl Macon,0.3,1.0,3.6,0.1,0.8,1.5,.463
1.2,2.2,.564,0.3,0.9,.324,1.0,32,0.7,2.6,1.5,3.1,.491,0.6,0.9,.625,36,4,11.1,Salah Mejri,1.0,1.5,3.9,0.3,0.6,3.6,.540
0.5,0.8,.576,0.9,2.2,.409,0.5,28,0.1,1.3,1.4,3.0,.452,0.4,0.5,.789,42,0,10.8,Ryan Broekhoff,0.2,0.8,4.0,0.1,0.4,1.5,.603
0.0,1.5,.000,0.0,0.0,,0.0,21,0.0,0.5,0.0,1.5,.000,1.0,2.0,.500,2,0,5.5,Kostas Antetokounmpo,0.0,0.0,1.0,1.0,0.5,0.5,.000
0.0,0.0,,0.0,0.0,,0.0,21,0.0,0.0,0.0,0.0,,0.0,0.0,,1,0,1.0,Ray Spalding,0.0,0.0,0.0,0.0,0.0,0.0,
4.8,10.1,.476,2.0,5.5,.367,4.8,21,0.4,3.4,6.8,15.6,.437,2.5,3.0,.848,75,74,32.6,Jamal Murray,0.9,2.0,18.2,0.9,2.1,4.2,.502
6.7,11.7,.569,1.0,3.4,.307,7.3,23,0.7,8.0,7.7,15.1,.511,3.6,4.4,.821,80,80,31.3,Nikola Jokić,2.9,2.9,20.1,1.4,3.1,10.8,.545
3.3,6.9,.476,1.4,4.2,.339,2.2,24,0.3,2.1,4.7,11.2,.424,2.0,2.5,.799,57,48,28.8,Gary Harris,0.7,2.0,12.9,1.0,1.2,2.8,.488
2.7,6.1,.447,1.6,4.6,.342,2.9,28,0.5,3.9,4.3,10.7,.402,1.3,1.7,.770,43,38,27.7,Will Barton,0.7,1.9,11.5,0.4,1.5,4.6,.475
3.8,7.2,.522,0.8,2.3,.365,2.0,33,0.8,5.0,4.6,9.5,.484,2.6,3.6,.727,70,65,27.1,Paul Millsap,2.2,2.6,12.6,1.2,1.4,7.2,.528
3.1,5.8,.531,1.1,2.8,.414,3.6,23,0.0,1.9,4.2,8.6,.493,0.8,1.0,.802,82,6,24.0,Monte Morris,0.4,1.2,10.4,0.9,0.6,2.4,.560
2.3,4.1,.560,2.0,5.0,.402,1.2,22,0.1,2.0,4.3,9.1,.474,0.7,0.8,.848,81,18,23.2,Malik Beasley,0.4,1.4,11.3,0.7,0.7,2.5,.584
3.2,5.3,.602,0.0,0.1,.200,3.0,28,0.9,4.4,3.2,5.4,.593,1.4,2.4,.561,82,17,21.1,Mason Plumlee,2.0,3.1,7.8,0.8,1.5,6.4,.595
1.3,2.3,.569,0.8,2.5,.324,1.0,28,0.6,2.3,2.1,4.8,.442,0.7,0.9,.700,75,37,20.0,Torrey Craig,1.2,2.3,5.7,0.5,0.6,3.5,.526
1.0,1.9,.541,0.9,2.6,.365,0.8,23,0.3,2.9,2.0,4.5,.439,0.9,1.2,.767,70,25,19.4,Juan Hernangómez,0.9,1.3,5.8,0.4,0.5,3.8,.545
2.4,4.6,.529,0.8,3.1,.255,1.4,23,0.4,3.2,3.2,7.7,.418,1.3,1.8,.698,64,2,17.5,Trey Lyles,0.7,1.5,8.5,0.5,1.1,3.8,.470
1.8,4.7,.393,1.0,3.6,.279,1.9,29,0.1,0.7,2.8,8.3,.343,1.4,2.3,.630,12,0,15.1,Isaiah Thomas,0.4,1.4,8.1,0.4,1.5,1.1,.404
0.0,0.3,.000,0.8,2.0,.375,0.5,33,0.3,0.3,0.8,2.3,.333,0.0,0.0,,4,0,9.3,Nick Young,0.0,1.0,2.3,0.0,0.5,0.3,.500
0.5,1.1,.500,0.0,0.1,.000,0.2,19,0.1,0.9,0.5,1.1,.474,0.4,0.6,.600,17,0,4.1,Jarred Vanderbilt,0.4,0.5,1.4,0.4,0.5,1.4,.474
0.2,0.3,.625,0.2,0.4,.400,0.2,22,0.0,0.4,0.4,0.7,.500,0.0,0.1,.333,25,0,3.8,Tyler Lydon,0.3,0.4,0.9,0.1,0.2,0.7,.611
0.3,1.1,.235,0.1,0.4,.333,0.9,23,0.0,0.1,0.4,1.4,.261,0.6,0.7,.818,16,0,3.6,Brandon Goodwin,0.1,0.4,1.4,0.0,0.2,0.2,.304
0.4,0.5,.667,0.3,0.6,.429,0.5,22,0.0,0.4,0.6,1.2,.538,0.1,0.2,.500,11,0,3.3,Thomas Welsh,0.0,0.3,1.6,0.0,0.1,0.4,.654
0.4,0.9,.500,0.0,0.6,.000,0.9,25,0.0,0.4,0.4,1.4,.300,0.1,0.3,.500,7,0,3.1,DeVaughn Akoon-Purcell,0.1,0.6,1.0,0.3,0.3,0.6,.300
5.7,10.9,.525,2.5,7.0,.362,5.4,29,0.4,6.2,8.3,17.9,.462,5.5,7.3,.753,75,75,35.0,Blake Griffin,1.3,2.7,24.5,0.7,3.4,7.5,.532
7.0,12.8,.548,0.1,0.5,.132,1.4,25,1.7,10.2,7.1,13.3,.533,3.1,5.2,.590,79,79,33.5,Andre Drummond,5.4,3.4,17.3,1.7,2.2,15.6,.536
1.5,3.3,.463,2.6,6.7,.388,2.5,27,0.1,2.3,4.1,10.0,.413,1.3,1.5,.875,44,44,30.8,Reggie Bullock,0.5,1.8,12.1,0.5,1.2,2.8,.542
3.3,7.0,.464,2.1,5.7,.369,4.2,28,0.1,2.1,5.4,12.8,.421,2.5,2.9,.864,82,82,27.9,Reggie Jackson,0.5,2.5,15.4,0.7,1.8,2.6,.504
1.2,2.0,.607,2.9,7.8,.373,1.5,31,0.1,1.9,4.1,9.8,.421,0.9,1.2,.758,28,26,27.3,Wayne Ellington,0.3,1.9,12.0,1.1,0.9,2.1,.570
1.9,4.0,.486,1.7,4.3,.394,1.8,22,0.2,2.7,3.6,8.3,.438,0.8,1.0,.836,63,10,22.8,Luke Kennard,0.2,1.5,9.7,0.4,0.9,2.9,.540
2.9,6.3,.455,0.8,2.4,.326,3.6,30,0.2,2.2,3.7,8.7,.419,0.8,1.1,.758,56,0,22.3,Ish Smith,0.4,1.9,8.9,0.5,1.1,2.6,.464
1.2,2.6,.449,1.7,4.8,.355,1.1,27,0.1,1.5,2.9,7.3,.388,1.0,1.2,.844,80,4,21.8,Langston Galloway,0.6,1.7,8.4,0.5,0.3,2.1,.503
1.7,3.5,.488,1.1,3.8,.282,1.3,22,0.3,3.1,2.8,7.3,.381,0.9,1.1,.804,48,7,20.0,Stanley Johnson,0.5,1.9,7.5,1.0,1.1,3.6,.454
1.4,3.0,.457,0.3,1.3,.258,1.2,22,0.5,1.9,1.7,4.2,.398,0.6,0.8,.750,74,56,19.6,Bruce Brown,0.6,2.4,4.3,0.5,0.6,2.5,.436
0.9,2.0,.458,0.8,2.6,.307,0.9,21,1.1,2.8,1.7,4.6,.373,1.2,1.6,.766,29,5,19.4,Thon Maker,0.8,1.7,5.5,0.4,0.8,3.7,.459
1.2,2.4,.491,0.4,1.3,.290,0.4,25,0.2,1.1,1.6,3.7,.420,0.7,0.9,.800,47,18,13.0,Glenn Robinson,0.4,1.0,4.2,0.3,0.4,1.5,.472
0.6,1.3,.492,0.3,1.2,.246,2.3,37,0.1,1.0,0.9,2.4,.375,0.2,0.2,.818,49,0,12.9,José Calderón,0.2,1.3,2.3,0.3,0.7,1.2,.433
1.3,2.8,.450,0.0,0.1,.000,1.3,34,0.3,2.4,1.3,2.8,.440,1.4,1.8,.782,68,3,12.9,Zaza Pachulia,1.5,2.2,3.9,0.5,0.8,3.9,.440
1.0,3.0,.333,1.0,2.0,.500,0.5,22,0.0,4.5,2.0,5.0,.400,1.0,1.0,1.000,2,0,12.5,Henry Ellenson,0.0,1.0,6.0,0.0,0.0,4.5,.500
1.6,2.5,.637,0.0,0.3,.091,0.3,29,0.1,1.7,1.6,2.8,.584,0.6,0.8,.742,41,1,9.8,Jon Leuer,0.7,1.5,3.8,0.3,0.6,2.4,.588
0.5,1.3,.353,0.4,1.3,.286,0.3,22,0.2,0.6,0.8,2.7,.319,0.3,0.4,.636,26,0,7.5,Khyri Thomas,0.2,0.8,2.3,0.3,0.2,0.8,.391
0.0,1.3,.000,0.7,1.3,.500,1.3,21,0.0,0.3,0.7,2.7,.250,0.0,0.0,,3,0,6.7,Sviatoslav Mykhailiuk,0.3,0.0,2.0,0.3,0.3,0.7,.375
0.0,0.0,,0.0,1.0,.000,1.0,29,0.0,3.0,0.0,1.0,.000,2.0,2.0,1.000,1,0,6.0,Kalin Lucas,0.0,1.0,2.0,0.0,0.0,3.0,.000
0.0,0.0,,0.0,1.0,.000,0.0,26,0.0,0.0,0.0,1.0,.000,0.0,0.0,,1,0,4.0,Zach Lofton,0.0,0.0,0.0,1.0,1.0,0.0,.000
7.5,12.8,.587,1.8,5.0,.353,5.9,30,1.1,5.9,9.2,17.7,.521,5.7,6.5,.885,78,78,34.6,Kevin Durant,0.4,2.0,26.0,0.7,2.9,6.4,.571
5.3,10.3,.516,3.1,7.7,.402,2.4,28,0.6,3.4,8.4,18.0,.467,1.7,2.0,.816,78,78,34.0,Klay Thompson,0.5,2.0,21.5,1.1,1.5,3.8,.553
4.0,7.7,.525,5.1,11.7,.437,5.2,30,0.4,4.7,9.2,19.4,.472,3.8,4.2,.916,69,69,33.8,Stephen Curry,0.7,2.4,27.3,1.3,2.8,5.3,.604
2.1,3.9,.549,0.7,2.5,.285,6.9,28,1.1,6.4,2.8,6.4,.445,1.0,1.4,.692,66,66,31.3,Draymond Green,0.9,3.0,7.4,1.4,2.6,7.3,.501
5.1,9.2,.551,0.9,3.2,.274,3.6,28,1.5,6.8,5.9,12.4,.480,3.5,4.8,.736,30,30,25.7,DeMarcus Cousins,1.4,3.6,16.3,1.3,2.4,8.2,.515
1.5,2.3,.652,0.7,2.1,.333,3.2,35,0.8,3.0,2.2,4.4,.500,0.6,1.0,.582,68,13,23.2,Andre Iguodala,0.7,1.4,5.7,0.9,0.8,3.7,.579
2.7,4.2,.641,0.0,0.1,.100,1.5,22,0.7,2.8,2.7,4.3,.625,0.8,1.3,.619,80,24,18.5,Kevon Looney,2.4,2.6,6.3,0.6,0.6,5.2,.627
2.2,3.1,.716,0.0,0.0,,1.2,23,1.0,1.8,2.2,3.1,.716,1.0,1.5,.649,24,22,17.1,Damian Jones,1.3,2.6,5.4,0.5,0.7,3.1,.716
1.3,2.3,.563,0.9,2.6,.367,1.3,31,0.2,3.0,2.2,4.9,.459,0.9,1.1,.800,73,6,16.7,Jonas Jerebko,1.0,1.9,6.3,0.4,0.6,3.9,.556
1.7,3.3,.524,0.0,0.0,.000,1.8,33,0.4,1.2,1.7,3.3,.519,0.6,0.8,.784,64,0,15.1,Shaun Livingston,0.7,1.2,4.0,0.5,0.6,1.8,.519
1.7,3.2,.515,1.1,2.7,.405,1.6,25,0.0,1.8,2.8,5.9,.465,0.3,0.4,.769,74,10,14.3,Quinn Cook,0.3,1.2,6.9,0.3,0.7,2.1,.557
1.3,2.2,.586,0.6,1.6,.356,0.4,26,0.2,2.3,1.9,3.8,.487,0.4,0.7,.563,72,5,13.9,Alfonzo McKinnie,1.1,1.9,4.7,0.3,0.4,3.4,.564
1.6,3.3,.500,0.0,0.0,,1.0,34,0.7,3.9,1.6,3.3,.500,0.3,0.3,1.000,11,5,12.2,Andrew Bogut,1.1,2.0,3.5,0.3,0.7,5.0,.500
0.9,1.8,.492,0.8,2.1,.397,0.4,26,0.0,1.8,1.8,4.0,.441,0.6,0.7,.864,32,0,11.7,Damion Lee,0.3,0.9,4.9,0.4,0.3,2.0,.547
1.5,2.8,.521,0.0,0.0,.000,1.1,24,0.8,1.9,1.5,2.8,.516,0.4,0.6,.610,68,3,11.6,Jordan Bell,0.8,1.2,3.3,0.3,0.6,2.7,.516
0.5,1.3,.368,0.1,0.5,.267,0.8,21,0.1,0.6,0.6,1.8,.340,0.0,0.0,.000,30,1,6.8,Jacob Evans,0.2,0.9,1.3,0.2,0.4,0.8,.377
0.5,1.2,.462,0.9,1.8,.500,0.1,22,0.1,0.5,1.5,3.0,.485,0.4,0.5,.800,11,0,6.1,Marcus Derrickson,0.7,0.8,4.2,0.0,0.3,1.2,.636
6.0,11.3,.528,4.8,13.2,.368,7.5,29,0.7,5.8,10.8,24.5,.442,9.7,11.0,.879,78,78,36.8,James Harden,0.8,3.1,36.1,2.0,5.0,6.6,.541
0.7,1.7,.449,1.8,4.7,.377,1.2,33,0.5,4.4,2.5,6.4,.396,0.5,0.7,.695,82,82,34.2,P.J. Tucker,1.5,3.1,7.3,1.6,0.8,5.8,.535
7.1,10.9,.648,0.0,0.0,,1.4,24,1.5,8.2,7.1,10.9,.648,2.5,3.9,.636,67,67,33.6,Clint Capela,4.4,2.5,16.6,0.7,1.4,12.7,.648
3.0,6.3,.479,2.2,6.1,.358,8.2,33,0.3,3.9,5.2,12.4,.419,3.0,3.5,.862,58,58,32.0,Chris Paul,0.6,2.5,15.6,2.0,2.6,4.6,.508
2.5,5.0,.497,3.2,8.8,.360,1.9,30,0.4,1.9,5.6,13.8,.409,1.8,2.2,.783,68,53,31.7,Eric Gordon,0.3,2.1,16.2,0.6,1.3,2.2,.525
2.8,5.7,.491,2.1,6.4,.328,0.5,34,0.7,4.5,4.9,12.1,.405,1.5,2.2,.682,10,2,29.4,Carmelo Anthony,0.9,3.2,13.4,0.4,0.8,5.4,.492
1.8,3.3,.541,1.5,4.7,.321,2.3,26,0.3,1.6,3.3,8.0,.413,0.5,1.0,.510,47,13,28.6,Austin Rivers,0.3,2.9,8.7,0.6,0.7,1.9,.507
1.1,1.9,.595,1.9,4.6,.416,1.0,25,0.3,2.9,3.0,6.5,.468,1.4,1.8,.789,39,13,25.1,Danuel House,0.6,2.1,9.4,0.5,0.9,3.6,.615
5.0,8.1,.611,0.3,0.8,.350,0.7,29,0.8,5.0,5.2,8.9,.587,2.2,3.3,.651,25,13,24.4,Kenneth Faried,3.3,3.0,12.9,0.6,1.1,8.2,.603
1.5,2.3,.659,1.1,3.0,.367,0.7,28,0.4,2.0,2.6,5.3,.493,1.1,1.5,.724,40,25,23.7,James Ennis,0.9,2.8,7.4,1.0,0.6,2.9,.597
1.0,1.9,.547,2.1,6.0,.354,0.5,33,0.4,2.1,3.2,7.9,.400,0.8,0.9,.838,73,0,20.2,Gerald Green,0.4,1.7,9.2,0.5,0.8,2.5,.535
0.7,1.4,.481,1.1,3.6,.296,1.1,28,0.2,2.3,1.7,4.9,.347,0.1,0.2,.500,20,1,19.1,Iman Shumpert,0.4,1.8,4.6,0.6,0.6,2.7,.454
0.0,0.5,.000,1.5,6.0,.250,1.0,28,0.0,0.5,1.5,6.5,.231,0.0,0.0,,2,0,19.0,James Nunnally,0.0,3.0,4.5,0.0,0.0,0.5,.346
1.4,2.7,.531,0.0,0.1,.000,0.6,36,0.4,2.1,1.4,2.8,.517,0.7,1.1,.660,42,2,13.0,Nenê Hilário,0.8,2.1,3.6,0.4,0.3,2.9,.517
0.2,0.3,.692,0.8,2.7,.297,0.4,24,0.5,1.8,1.0,3.0,.331,0.1,0.1,1.000,51,2,12.6,Gary Clark,0.5,0.9,2.9,0.4,0.1,2.3,.467
0.5,1.3,.400,0.4,2.7,.156,0.8,27,0.0,0.7,0.9,3.9,.234,0.8,0.9,.818,12,0,9.8,Brandon Knight,0.1,1.2,3.0,0.2,0.4,0.8,.287
1.1,2.6,.429,0.4,1.2,.368,1.3,27,0.4,0.6,1.6,3.8,.410,0.8,1.6,.462,16,1,9.1,Michael Carter-Williams,0.2,1.7,4.3,0.6,0.6,0.8,.467
0.0,0.0,,0.5,2.0,.250,0.0,22,0.0,0.5,0.5,2.0,.250,0.0,0.0,,2,0,8.0,Vince Edwards,0.5,0.0,1.5,0.0,0.0,1.0,.375
0.6,1.3,.514,0.1,0.2,.333,0.5,20,0.4,0.9,0.7,1.5,.488,0.4,0.5,.786,28,0,7.9,Isaiah Hartenstein,0.8,2.0,1.9,0.3,0.5,1.7,.512
0.6,1.2,.526,0.1,0.9,.067,0.4,21,0.3,1.3,0.7,2.1,.324,0.4,0.4,.857,16,0,6.5,Marquese Chriss,0.4,1.1,1.8,0.1,0.8,1.8,.338
0.0,0.4,.000,0.3,0.7,.400,0.6,23,0.1,0.4,0.3,1.1,.250,0.0,0.0,,7,0,4.7,Chris Chiozza,0.1,0.3,0.9,0.1,0.1,0.6,.375
0.5,1.0,.500,0.0,1.0,.000,0.0,27,0.0,2.0,0.5,2.0,.250,0.0,0.5,.000,2,0,2.5,Terrence Jones,0.0,0.5,1.0,0.0,0.5,2.0,.250
1.0,1.0,1.000,0.0,0.0,,0.0,23,0.0,0.0,1.0,1.0,1.000,0.0,0.0,,1,0,1.0,Zhou Qi,0.0,0.0,2.0,0.0,0.0,0.0,1.000
4.9,10.3,.470,2.1,6.0,.343,5.2,26,0.3,5.0,6.9,16.3,.423,2.9,3.9,.730,36,36,31.9,Victor Oladipo,0.6,2.0,18.8,1.7,2.3,5.6,.486
4.4,8.2,.538,2.0,4.8,.425,2.0,29,0.0,3.7,6.4,13.0,.497,3.0,3.8,.807,81,81,31.8,Bojan Bogdanović,0.4,1.7,18.0,0.9,1.7,4.1,.575
1.4,3.5,.413,2.1,5.7,.369,2.4,32,0.2,2.3,3.5,9.1,.386,1.8,2.1,.854,23,23,31.5,Wesley Matthews,0.5,2.4,10.9,0.9,1.3,2.8,.500
4.8,8.6,.564,0.6,1.8,.349,2.5,30,0.4,4.1,5.5,10.4,.527,1.1,1.7,.644,81,81,30.7,Thaddeus Young,2.4,2.4,12.6,1.5,1.5,6.5,.557
4.1,7.9,.521,1.0,2.6,.388,1.6,22,2.7,5.8,5.1,10.5,.487,2.0,2.7,.736,74,74,28.6,Myles Turner,1.4,2.6,13.3,0.8,1.4,7.2,.536
3.0,6.1,.492,1.0,2.6,.407,6.0,31,0.1,2.6,4.1,8.7,.467,2.1,2.5,.832,76,76,28.2,Darren Collison,0.5,1.8,11.2,1.4,1.6,3.1,.527
2.1,4.6,.454,0.7,2.1,.322,3.9,27,0.3,2.9,2.8,6.7,.412,0.4,0.5,.698,82,9,25.2,Cory Joseph,0.5,1.6,6.5,1.1,1.0,3.4,.463
5.5,9.2,.592,0.1,0.2,.529,2.9,22,0.4,6.8,5.6,9.5,.590,2.8,3.9,.715,74,5,24.8,Domantas Sabonis,2.5,3.2,14.1,0.6,2.2,9.3,.596
2.6,6.4,.405,1.1,3.1,.356,2.4,29,0.3,2.4,3.7,9.6,.389,1.7,2.3,.719,69,18,20.3,Tyreke Evans,0.5,1.7,10.2,0.8,1.7,2.9,.448
1.6,2.8,.569,1.1,2.7,.408,0.9,27,0.1,1.2,2.7,5.5,.491,0.9,1.0,.835,77,1,17.4,Doug McDermott,0.2,1.4,7.3,0.2,0.5,1.4,.590
1.2,2.7,.459,0.9,2.5,.339,1.7,22,0.3,1.2,2.1,5.2,.401,0.8,1.0,.820,50,0,12.9,Aaron Holiday,0.1,1.4,5.9,0.4,0.8,1.3,.483
0.7,1.6,.405,0.3,1.2,.259,0.4,23,0.2,0.7,1.0,2.8,.344,0.7,1.0,.625,23,2,9.1,Edmond Sumner,0.4,1.1,2.9,0.5,0.4,1.0,.398
1.6,2.6,.599,0.1,0.5,.258,0.4,21,0.3,1.4,1.7,3.2,.541,0.3,0.5,.613,58,1,9.0,T.J. Leaf,0.7,0.6,3.9,0.2,0.2,2.2,.563
1.5,2.8,.548,0.0,0.3,.083,1.2,28,0.6,2.0,1.5,3.0,.507,0.4,0.5,.810,45,3,8.2,Kyle O'Quinn,0.6,1.5,3.5,0.2,0.7,2.6,.511
0.3,0.8,.375,0.2,0.4,.500,0.3,23,0.0,0.4,0.5,1.2,.417,0.0,0.0,,10,0,4.7,Davon Reed,0.2,0.3,1.2,0.1,0.1,0.6,.500
0.2,1.0,.214,0.1,0.1,.500,0.1,22,0.2,1.1,0.3,1.1,.250,0.3,0.6,.500,14,0,4.6,Alize Johnson,0.3,0.5,0.9,0.1,0.0,1.4,.281
0.0,1.0,.000,0.0,0.0,,0.3,20,0.3,0.7,0.0,1.0,.000,0.0,0.0,,3,0,2.0,Ike Anigbogu,0.3,0.0,0.0,0.0,0.3,1.0,.000
5.7,10.9,.523,2.0,4.7,.434,2.7,26,0.4,7.2,7.7,15.5,.496,3.5,4.0,.877,55,55,34.6,Tobias Harris,0.7,2.2,20.9,0.7,2.0,7.9,.561
3.6,7.5,.484,2.4,5.5,.433,2.6,30,0.3,5.3,6.0,13.0,.463,5.4,6.0,.904,68,68,30.3,Danilo Gallinari,0.8,1.9,19.8,0.7,1.5,6.1,.554
2.1,5.1,.415,1.2,3.5,.337,2.0,28,0.3,2.0,3.3,8.6,.383,0.4,0.5,.800,49,49,29.9,Avery Bradley,0.7,2.7,8.2,0.6,1.2,2.7,.452
0.8,2.4,.322,2.7,6.0,.450,2.3,21,0.1,2.0,3.5,8.4,.414,1.2,1.6,.795,25,23,27.8,Landry Shamet,0.3,2.0,10.9,0.5,0.8,2.2,.576
1.1,2.5,.421,1.4,3.6,.397,3.8,30,0.6,4.0,2.5,6.1,.407,1.2,1.6,.780,78,49,27.4,Patrick Beverley,1.0,3.4,7.6,0.9,1.1,5.0,.524
5.1,11.3,.447,1.4,3.9,.361,5.4,32,0.1,2.4,6.5,15.2,.425,5.7,6.5,.876,75,1,26.6,Lou Williams,0.5,1.1,20.0,0.8,2.4,3.0,.471
3.5,7.0,.503,0.6,1.7,.367,3.3,20,0.5,2.1,4.2,8.7,.476,1.9,2.4,.800,82,73,26.5,Shai Gilgeous-Alexander,0.7,2.1,10.8,1.2,1.7,2.8,.512
6.6,10.6,.623,0.0,0.2,.176,2.0,25,1.3,4.3,6.7,10.8,.615,3.2,5.0,.643,82,5,26.3,Montrezl Harrell,2.2,3.1,16.6,0.9,1.6,6.5,.617
3.8,7.2,.538,0.0,0.0,,1.5,21,0.9,5.3,3.8,7.2,.538,1.7,2.3,.733,26,25,20.2,Ivica Zubac,2.3,2.5,9.4,0.4,1.4,7.7,.538
1.9,3.5,.548,1.4,3.3,.413,0.6,28,0.3,5.2,3.3,6.8,.482,0.7,0.9,.810,24,2,19.6,JaMychal Green,1.3,2.9,8.7,0.5,1.0,6.5,.582
1.0,2.0,.500,0.6,2.1,.296,1.4,32,0.2,2.1,1.6,4.1,.396,0.9,1.2,.742,26,6,19.6,Garrett Temple,0.4,2.7,4.7,1.0,0.6,2.5,.472
2.1,4.0,.532,0.0,0.0,,1.4,34,0.5,4.1,2.1,4.0,.532,0.7,1.0,.729,47,43,16.0,Marcin Gortat,1.4,2.0,5.0,0.1,1.1,5.6,.532
1.5,3.0,.500,0.5,1.5,.333,0.5,32,0.3,1.3,2.0,4.5,.444,0.5,1.3,.400,4,0,15.3,Luc Mbah a Moute,0.5,2.0,5.0,0.3,0.5,1.8,.500
0.7,1.7,.385,0.9,2.7,.325,0.7,31,0.2,2.9,1.5,4.4,.348,0.3,0.5,.714,15,1,15.1,Wilson Chandler,0.3,1.9,4.3,0.2,0.5,3.1,.447
0.8,1.9,.412,1.0,2.6,.391,0.8,30,0.2,2.9,1.8,4.4,.400,0.2,0.3,.667,52,0,14.4,Mike Scott,0.5,1.7,4.8,0.3,0.5,3.3,.513
2.4,3.8,.616,0.0,0.1,.000,0.6,30,0.5,2.7,2.4,3.9,.607,2.0,2.6,.758,36,9,10.4,Boban Marjanović,1.5,1.6,6.7,0.3,1.0,4.2,.607
1.4,3.2,.444,0.1,0.3,.211,0.7,24,0.1,1.3,1.5,3.5,.424,0.5,0.9,.526,62,0,10.1,Tyrone Wallace,0.3,1.3,3.5,0.3,0.6,1.6,.433
0.5,0.9,.538,0.7,1.8,.370,2.1,31,0.1,0.9,1.1,2.7,.425,0.3,0.5,.571,15,0,10.0,Miloš Teodosić,0.2,1.8,3.2,0.2,1.4,1.1,.550
0.8,1.6,.491,0.5,1.7,.316,0.6,21,0.1,1.2,1.3,3.3,.400,0.2,0.3,.667,33,0,9.7,Jerome Robinson,0.1,1.4,3.4,0.3,0.4,1.2,.482
0.5,2.5,.200,0.0,0.0,,0.0,24,0.0,1.0,0.5,2.5,.200,0.5,1.0,.500,2,0,7.5,Ángel Delgado,1.0,1.0,1.5,0.5,0.0,2.0,.200
1.8,3.2,.557,0.0,0.1,.000,0.5,23,0.1,1.5,1.8,3.3,.534,1.1,1.8,.600,22,0,7.1,Johnathan Motley,0.8,1.2,4.6,0.2,0.7,2.3,.534
0.2,0.5,.412,0.0,0.2,.200,0.3,24,0.1,0.6,0.3,0.8,.347,0.4,0.5,.735,64,1,4.9,Sindarius Thornwell,0.1,0.6,1.0,0.2,0.3,0.7,.378
8.1,14.0,.582,2.0,5.9,.339,8.3,34,0.6,7.4,10.1,19.9,.510,5.1,7.6,.665,55,55,35.2,LeBron James,1.0,1.7,27.4,1.3,3.6,8.5,.560
6.4,12.2,.521,0.6,1.8,.330,3.0,21,0.6,4.3,7.0,14.0,.497,3.8,5.6,.675,52,52,33.8,Brandon Ingram,0.8,2.9,18.3,0.5,2.5,5.1,.518
5.3,9.5,.553,1.8,6.0,.303,2.5,23,0.4,4.6,7.1,15.5,.456,2.7,3.6,.752,70,68,33.1,Kyle Kuzma,0.9,2.4,18.7,0.6,1.9,5.5,.515
2.3,4.9,.482,1.6,4.9,.329,5.4,21,0.4,4.2,3.9,9.7,.406,0.4,1.0,.417,47,45,30.3,Lonzo Ball,1.1,2.4,9.9,1.5,2.2,5.3,.488
2.7,6.3,.428,1.1,3.1,.359,8.0,32,0.2,4.5,3.8,9.4,.405,0.5,0.8,.639,46,29,29.8,Rajon Rondo,0.7,2.2,9.2,1.2,2.8,5.3,.464
1.5,2.8,.537,1.8,5.2,.343,1.1,27,0.4,2.5,3.3,8.1,.412,0.9,1.1,.810,19,16,27.6,Reggie Bullock,0.1,1.6,9.3,0.8,0.6,2.6,.523
1.4,2.8,.511,1.4,4.1,.336,1.4,23,0.6,3.2,2.8,6.9,.407,0.8,1.2,.688,67,22,25.6,Josh Hart,0.5,2.2,7.8,1.0,0.9,3.7,.506
2.1,3.9,.542,1.8,5.3,.347,1.3,25,0.2,2.3,4.0,9.2,.430,1.7,1.9,.867,82,23,24.8,Kentavious Caldwell-Pope,0.6,1.7,11.4,0.9,0.8,2.9,.530
1.7,3.8,.435,0.3,1.7,.200,2.2,23,0.8,5.5,2.0,5.5,.364,0.2,0.3,.500,6,2,23.8,Jemerrio Jones,2.7,1.7,4.5,1.2,0.8,8.2,.394
5.3,8.4,.634,0.0,0.2,.083,0.7,31,2.0,4.9,5.3,8.5,.624,1.3,2.0,.632,75,62,22.3,JaVale McGee,2.6,2.8,12.0,0.6,1.4,7.5,.625
2.1,4.9,.431,1.0,2.0,.480,3.1,24,0.4,1.9,3.1,6.9,.445,2.0,2.6,.797,25,4,21.2,Alex Caruso,0.8,2.2,9.2,1.0,1.7,2.7,.514
1.6,3.5,.472,1.1,2.9,.371,2.1,28,0.1,2.7,2.7,6.4,.426,0.7,1.1,.685,68,3,16.5,Lance Stephenson,0.5,1.6,7.2,0.6,1.3,3.2,.510
1.1,1.8,.616,0.0,0.0,.000,0.6,36,0.5,3.8,1.1,1.8,.609,0.9,1.4,.594,48,6,16.4,Tyson Chandler,1.8,1.9,3.1,0.4,0.7,5.6,.609
3.4,5.8,.580,0.0,0.0,,0.8,21,0.8,3.3,3.4,5.8,.580,1.7,2.0,.864,33,12,15.6,Ivica Zubac,1.6,2.2,8.5,0.1,1.0,4.9,.580
0.9,1.5,.577,1.2,3.4,.368,0.8,27,0.6,2.2,2.1,4.9,.434,0.4,0.5,.875,17,4,15.6,Mike Muscala,0.4,1.1,5.9,0.2,0.3,2.6,.560
2.7,4.5,.602,0.0,0.1,.000,0.5,23,0.3,2.1,2.7,4.6,.591,1.1,2.0,.563,24,0,15.5,Johnathan Williams,2.0,2.6,6.5,0.3,0.7,4.1,.591
0.4,1.2,.362,0.7,2.2,.318,0.8,21,0.0,0.7,1.1,3.4,.333,0.3,0.5,.600,39,0,10.8,Sviatoslav Mykhailiuk,0.2,0.6,3.3,0.3,0.5,0.9,.436
2.8,5.2,.529,0.1,0.7,.176,1.0,30,0.4,1.8,2.9,5.9,.490,1.1,1.5,.718,26,2,10.7,Michael Beasley,0.5,1.6,7.0,0.3,1.0,2.3,.500
1.1,2.2,.521,0.5,1.8,.286,0.6,21,0.3,1.6,1.7,4.0,.415,1.0,1.2,.811,43,5,10.4,Moritz Wagner,0.4,1.3,4.8,0.3,0.9,2.0,.480
0.2,1.1,.200,0.0,0.4,.000,0.7,19,0.2,0.7,0.2,1.5,.152,0.4,0.7,.600,22,0,5.5,Isaac Bonga,0.4,0.4,0.9,0.4,0.3,1.1,.152
0.8,1.3,.600,0.3,0.3,1.000,0.8,28,0.0,0.0,1.0,1.5,.667,0.3,0.3,1.000,4,0,4.8,Scott Machado,0.0,0.5,2.5,0.3,0.0,0.0,.750
0.0,0.8,.000,0.0,0.8,.000,0.0,33,0.0,0.3,0.0,1.5,.000,0.0,0.0,,4,0,3.8,Andre Ingram,0.3,0.0,0.0,0.3,0.3,0.5,.000
4.3,8.7,.491,1.4,4.2,.344,4.7,34,1.2,7.5,5.7,12.9,.444,2.9,3.8,.756,53,53,33.7,Marc Gasol,1.1,2.8,15.7,1.1,2.2,8.6,.499
4.8,9.9,.483,2.2,6.1,.364,6.4,31,0.3,2.8,7.0,16.0,.438,4.9,5.8,.845,70,70,33.5,Mike Conley,0.6,1.8,21.1,1.3,1.9,3.4,.507
4.2,8.2,.513,2.0,5.2,.384,4.0,28,0.0,2.6,6.2,13.4,.463,1.6,1.8,.920,14,14,31.6,Avery Bradley,0.6,2.4,16.1,1.0,2.0,3.1,.537
1.9,3.6,.520,1.5,4.3,.352,1.4,32,0.5,2.7,3.4,7.9,.429,1.2,1.6,.750,49,49,31.2,Garrett Temple,0.4,2.7,9.4,1.0,1.1,3.1,.525
3.7,7.2,.508,0.8,3.0,.256,5.3,26,0.6,4.3,4.4,10.2,.434,2.5,3.4,.742,26,11,30.8,Delon Wright,1.1,1.9,12.2,1.6,1.5,5.4,.472
3.3,5.6,.583,0.2,0.8,.265,3.0,25,0.9,4.7,3.5,6.4,.543,0.9,1.5,.578,43,40,29.8,Kyle Anderson,1.1,2.6,8.0,1.3,1.3,5.8,.560
1.9,4.3,.447,1.5,4.4,.333,1.4,29,0.3,2.9,3.4,8.7,.389,1.2,1.4,.900,44,39,29.1,Justin Holiday,0.6,1.9,9.5,1.2,1.3,3.5,.474
7.7,13.7,.563,0.3,0.9,.278,2.2,26,1.6,7.9,8.0,14.7,.545,3.7,4.8,.769,19,17,27.7,Jonas Valančiūnas,2.7,3.4,19.9,0.3,2.7,10.7,.554
4.3,7.7,.553,0.9,2.4,.359,1.1,19,1.4,3.4,5.1,10.2,.506,2.6,3.4,.766,58,56,26.1,Jaren Jackson,1.3,3.8,13.8,0.9,1.7,4.7,.549
1.4,2.8,.505,1.4,3.8,.369,1.5,23,1.0,3.4,2.8,6.6,.427,1.2,1.5,.840,34,19,23.5,Bruno Caboclo,1.2,2.4,8.3,0.4,1.1,4.6,.533
2.2,4.9,.441,0.9,2.4,.359,3.4,28,0.1,1.6,3.0,7.3,.414,1.0,1.4,.707,53,3,22.7,Shelvin Mack,0.3,1.5,7.9,0.8,1.2,1.9,.473
1.4,3.0,.462,1.8,5.1,.364,1.1,31,0.4,2.0,3.2,8.1,.400,1.0,1.1,.929,13,0,22.6,C.J. Miles,0.1,1.3,9.3,0.6,0.7,2.1,.514
2.8,5.3,.523,0.9,2.3,.396,0.9,28,0.6,4.4,3.7,7.6,.484,1.5,2.0,.788,41,4,22.0,JaMychal Green,1.8,3.0,9.8,0.8,1.6,6.1,.545
2.0,3.9,.500,1.6,4.4,.366,1.9,22,0.0,2.5,3.6,8.3,.429,1.0,1.7,.629,21,11,21.3,Tyler Dorsey,0.9,1.6,9.8,0.3,0.8,3.3,.526
4.0,7.0,.571,0.0,0.0,,0.8,29,0.8,2.3,4.0,7.0,.571,3.5,4.5,.778,4,1,20.5,Tyler Zeller,2.3,4.0,11.5,0.3,1.0,4.5,.571
1.6,3.5,.443,1.2,3.8,.309,1.7,30,0.2,2.6,2.7,7.3,.374,0.9,1.0,.880,25,3,19.8,Chandler Parsons,0.2,1.8,7.5,0.8,1.3,2.8,.453
1.9,4.6,.415,0.8,2.2,.375,0.9,23,0.2,1.2,2.7,6.8,.402,1.2,1.7,.733,18,0,18.3,Dillon Brooks,0.5,2.8,7.5,0.6,1.1,1.7,.463
2.6,5.0,.519,0.0,0.0,.000,2.1,33,0.7,4.3,2.6,5.1,.516,1.9,2.6,.716,42,1,16.5,Joakim Noah,1.4,2.3,7.1,0.5,1.2,5.7,.516
0.6,2.1,.265,0.9,2.6,.333,1.8,23,0.3,1.3,1.4,4.7,.303,0.7,0.8,.813,39,3,14.8,Jevon Carter,0.4,1.4,4.4,0.7,0.8,1.7,.395
2.3,4.0,.574,0.1,0.3,.200,1.1,21,0.3,2.8,2.4,4.3,.547,1.0,1.4,.710,49,13,14.7,Ivan Rabb,1.4,1.8,5.8,0.3,0.7,4.2,.554
2.0,3.3,.602,0.4,1.2,.349,0.7,30,0.3,2.7,2.4,4.5,.534,1.1,1.6,.672,36,0,14.4,Omri Casspi,0.5,1.0,6.3,0.6,0.6,3.2,.581
1.4,3.1,.459,0.6,2.0,.317,1.1,24,0.2,0.9,2.0,5.0,.404,0.7,0.9,.759,32,0,14.2,Wayne Selden,0.5,1.5,5.4,0.3,0.7,1.4,.466
0.6,1.3,.458,0.3,1.3,.208,0.8,27,0.1,1.8,0.9,2.7,.333,0.2,0.2,.750,18,3,14.1,Julian Washburn,0.4,0.9,2.2,0.7,0.4,2.3,.385
2.1,4.0,.530,0.5,1.9,.278,0.9,30,0.1,1.1,2.6,5.8,.450,0.8,1.1,.697,29,0,13.3,MarShon Brooks,0.4,1.1,6.6,0.3,0.7,1.6,.494
1.5,3.5,.429,0.0,2.5,.000,2.5,25,0.0,0.5,1.5,6.0,.250,1.0,1.0,1.000,2,0,13.0,Dusty Hannahs,0.0,0.5,4.0,0.5,0.5,0.5,.250
0.9,2.3,.371,0.1,1.1,.125,0.5,24,0.1,1.8,1.0,3.4,.294,0.5,0.7,.700,15,0,11.6,Yuta Watanabe,0.3,0.7,2.6,0.3,0.4,2.1,.314
1.0,2.0,.500,0.0,0.0,,0.0,28,0.0,0.0,1.0,2.0,.500,0.0,0.0,,1,0,7.0,D.J. Stephens,0.0,0.0,2.0,1.0,1.0,0.0,.500
1.0,1.0,1.000,0.0,1.0,.000,0.0,24,0.0,0.0,1.0,2.0,.500,0.0,0.0,,1,0,5.0,Andrew Harrison,0.0,1.0,2.0,0.0,0.0,0.0,.500
3.5,7.8,.458,2.2,6.3,.357,4.1,25,0.5,2.9,5.8,14.1,.412,2.7,3.2,.861,73,73,34.8,Josh Richardson,0.7,2.7,16.6,1.1,1.5,3.6,.492
3.5,7.5,.462,1.5,3.9,.375,4.3,22,0.3,4.4,4.9,11.3,.433,1.3,2.1,.628,66,52,29.7,Justise Winslow,1.0,2.7,12.6,1.1,2.2,5.4,.497
3.4,7.5,.454,1.6,4.6,.348,4.8,32,0.1,2.5,5.0,12.0,.413,2.2,2.8,.782,36,22,27.5,Goran Dragić,0.6,2.3,13.7,0.8,2.0,3.1,.479
4.6,9.7,.472,1.2,3.6,.330,4.2,37,0.5,3.0,5.8,13.3,.433,2.3,3.2,.708,72,2,26.2,Dwyane Wade,1.0,1.6,15.0,0.8,2.3,4.0,.478
2.0,4.3,.471,2.5,6.6,.377,2.8,27,0.2,2.5,4.5,10.9,.414,0.5,1.0,.500,44,28,25.9,Dion Waiters,0.2,1.6,12.0,0.7,1.5,2.6,.528
2.3,4.5,.503,1.6,4.6,.353,2.5,26,0.5,2.3,3.9,9.1,.426,1.4,2.0,.693,44,10,25.5,Tyler Johnson,0.4,1.6,10.8,0.9,1.4,2.8,.516
1.6,3.6,.453,1.2,3.4,.351,1.7,27,0.2,2.7,2.8,7.0,.403,0.8,1.1,.722,66,45,23.5,Rodney McGruder,0.9,1.7,7.6,0.5,1.0,3.6,.489
3.4,5.7,.588,0.0,0.2,.200,2.2,21,0.8,5.3,3.4,5.9,.576,2.0,2.8,.735,82,28,23.3,Bam Adebayo,2.0,2.5,8.9,0.9,1.5,7.3,.579
5.4,9.2,.581,0.0,0.2,.125,0.8,29,1.9,7.8,5.4,9.4,.571,1.5,3.4,.449,72,53,23.3,Hassan Whiteside,3.6,2.7,12.3,0.6,1.3,11.3,.572
1.9,3.1,.604,1.4,4.0,.354,1.8,27,0.5,3.8,3.3,7.1,.463,1.9,2.3,.822,79,36,22.9,Kelly Olynyk,0.9,2.3,10.0,0.7,1.4,4.7,.563
0.5,1.2,.414,2.3,6.2,.368,1.2,31,0.1,1.6,2.8,7.4,.375,0.6,0.6,.875,25,12,21.3,Wayne Ellington,0.2,1.6,8.4,1.0,0.6,1.9,.530
2.1,4.2,.496,0.9,2.7,.336,2.5,31,0.5,2.8,3.0,6.9,.433,0.9,1.3,.714,55,33,21.2,James Johnson,0.4,2.1,7.8,0.6,1.3,3.2,.499
2.2,3.9,.567,0.5,1.5,.308,0.6,21,0.7,2.4,2.7,5.4,.494,1.2,2.0,.607,60,14,19.2,Derrick Jones,1.6,2.1,7.0,0.8,0.7,4.0,.537
0.5,0.7,.727,0.7,2.3,.286,0.3,24,0.0,1.1,1.2,3.1,.391,0.3,0.4,.667,15,1,10.7,Duncan Robinson,0.1,0.7,3.3,0.3,0.3,1.3,.500
1.1,2.1,.524,0.0,1.2,.000,0.2,38,0.0,2.4,1.1,3.3,.333,0.3,0.4,.750,10,1,7.4,Udonis Haslem,0.3,0.9,2.5,0.0,0.3,2.7,.333
0.5,1.5,.333,0.0,0.5,.000,0.0,22,0.0,1.0,0.5,2.0,.250,0.0,0.0,,2,0,6.5,Yante Maten,0.5,0.0,1.0,0.5,0.0,1.5,.250
0.0,0.3,.000,0.2,0.6,.333,0.2,30,0.0,0.5,0.2,0.9,.222,0.1,0.2,.500,10,0,4.4,Ryan Anderson,0.4,0.2,0.7,0.1,0.2,0.9,.333
0.0,1.0,.000,0.0,0.0,,1.0,22,0.0,0.0,0.0,1.0,.000,1.0,2.0,.500,1,0,3.0,Emanuel Terry,1.0,0.0,1.0,0.0,0.0,1.0,.000
9.3,14.5,.641,0.7,2.8,.256,5.9,24,1.5,10.3,10.0,17.3,.578,6.9,9.5,.729,72,72,32.8,Giannis Antetokounmpo,2.2,3.2,27.7,1.3,3.7,12.5,.599
4.2,8.8,.485,2.3,6.2,.378,4.3,27,0.1,5.3,6.6,14.9,.441,2.8,3.4,.837,77,77,31.1,Khris Middleton,0.6,2.2,18.3,1.0,2.3,6.0,.519
4.4,7.6,.582,1.6,4.8,.329,5.5,29,0.4,3.6,6.0,12.4,.484,2.3,3.0,.750,78,78,29.1,Eric Bledsoe,1.1,2.0,15.9,1.5,2.1,4.6,.548
2.1,3.4,.613,2.3,6.3,.365,1.2,30,2.2,4.5,4.4,9.7,.452,1.4,1.6,.842,81,81,28.7,Brook Lopez,0.4,2.3,12.5,0.6,1.0,4.9,.571
4.3,7.9,.544,1.6,3.8,.426,3.2,26,0.2,3.5,5.9,11.7,.505,2.2,2.4,.928,64,64,28.6,Malcolm Brogdon,1.0,1.6,15.6,0.7,1.4,4.5,.575
1.8,3.4,.521,2.2,6.2,.356,1.4,27,0.6,4.4,4.0,9.6,.415,1.4,1.6,.870,14,3,22.9,Nikola Mirotić,1.0,1.5,11.6,0.7,0.8,5.4,.530
1.6,2.5,.647,1.1,3.3,.330,2.0,26,0.4,3.2,2.7,5.7,.466,0.5,0.7,.725,61,2,20.7,Pat Connaughton,1.0,1.3,6.9,0.5,0.5,4.2,.560
1.7,3.1,.556,0.7,2.7,.280,2.1,32,0.1,2.0,2.4,5.7,.428,1.1,1.4,.815,47,0,20.4,George Hill,0.6,1.4,6.8,0.9,0.7,2.6,.493
1.2,2.6,.468,1.0,2.6,.362,1.1,22,0.4,3.7,2.2,5.2,.414,0.5,1.0,.553,48,3,18.4,D.J. Wilson,0.9,1.8,5.8,0.4,0.7,4.6,.506
1.6,3.3,.493,0.9,2.4,.363,0.8,31,0.3,3.1,2.5,5.7,.438,0.9,1.1,.824,67,7,18.4,Ersan İlyasova,1.4,2.6,6.8,0.5,0.7,4.5,.514
1.6,2.8,.558,0.9,2.5,.361,1.4,23,0.1,2.7,2.5,5.4,.465,0.5,0.7,.690,58,7,17.8,Sterling Brown,0.5,1.5,6.4,0.4,0.8,3.2,.550
1.1,2.1,.522,1.1,2.8,.397,0.9,27,0.2,1.7,2.2,4.9,.452,0.5,0.6,.881,74,12,17.6,Tony Snell,0.4,1.2,6.0,0.4,0.3,2.1,.564
1.5,3.5,.429,0.8,2.0,.417,3.5,28,0.1,1.8,2.3,5.5,.424,0.8,1.1,.692,12,2,17.6,Tim Frazier,0.8,1.6,6.3,0.4,1.3,2.6,.500
1.0,1.5,.683,0.8,3.1,.265,1.1,22,0.2,1.8,1.9,4.6,.403,0.3,0.4,.750,27,0,15.2,Donte DiVincenzo,0.6,1.4,4.9,0.5,0.7,2.4,.492
1.4,2.6,.556,0.8,2.2,.355,1.0,28,0.8,3.9,2.2,4.8,.463,0.4,0.7,.600,14,0,13.4,John Henson,1.1,1.1,5.6,0.5,0.9,5.1,.545
1.0,2.3,.444,0.6,2.6,.238,0.4,23,0.1,2.8,1.6,4.9,.333,1.0,1.1,.889,8,2,12.3,Bonzie Colson,1.0,0.4,4.9,0.6,0.4,3.8,.397
0.9,1.6,.589,0.7,2.2,.333,0.5,21,0.5,2.3,1.7,3.8,.440,0.6,1.1,.541,35,0,11.7,Thon Maker,0.5,1.6,4.7,0.3,0.3,2.7,.537
0.0,1.0,.000,0.3,1.0,.333,0.7,38,0.3,3.3,0.3,2.0,.167,0.3,0.7,.500,3,0,10.0,Pau Gasol,0.0,0.3,1.3,0.0,0.7,3.3,.250
0.2,0.7,.250,0.3,0.9,.364,2.4,28,0.0,0.8,0.5,1.6,.316,0.3,0.3,1.000,12,0,8.1,Matthew Dellavedova,0.0,0.8,1.7,0.2,0.9,0.8,.421
0.0,0.3,.000,0.5,1.3,.400,0.8,27,0.3,0.8,0.5,1.5,.333,0.0,0.0,,4,0,7.8,Isaiah Canaan,0.3,0.5,1.5,0.0,0.5,1.0,.500
0.8,1.8,.429,0.3,0.8,.333,1.0,23,0.0,1.3,1.0,2.5,.400,0.3,0.5,.500,4,0,7.3,Jaylen Morris,0.0,0.3,2.5,0.5,0.3,1.3,.450
0.2,0.7,.250,0.5,1.5,.333,0.2,32,0.3,1.3,0.7,2.2,.308,0.3,0.3,1.000,6,0,6.7,Jason Smith,0.5,1.0,2.2,0.3,0.8,1.8,.423
0.7,1.5,.450,0.2,0.4,.600,0.2,23,0.0,1.2,0.9,1.9,.480,0.8,1.2,.667,13,0,4.8,Christian Wood,0.3,0.2,2.8,0.0,0.2,1.5,.540
0.3,0.7,.500,0.3,0.3,1.000,0.7,20,0.0,0.3,0.7,1.0,.667,0.0,0.0,,3,0,2.0,Trevon Duval,0.0,0.0,1.7,0.0,0.0,0.3,.833
5.7,11.2,.509,1.7,4.5,.378,4.3,29,1.0,3.6,7.4,15.7,.471,4.8,6.1,.787,10,10,36.1,Jimmy Butler,1.6,1.8,21.3,2.4,1.4,5.2,.525
5.2,11.8,.441,1.6,4.8,.339,2.5,23,0.7,3.7,6.8,16.6,.412,2.8,4.1,.699,73,73,34.8,Andrew Wiggins,1.1,2.1,18.1,1.0,1.9,4.8,.461
2.3,4.4,.526,2.5,6.7,.372,1.5,28,1.1,4.8,4.8,11.1,.433,2.3,3.0,.773,22,22,34.7,Robert Covington,1.0,3.7,14.5,2.3,1.1,5.7,.545
7.0,12.5,.562,1.8,4.6,.400,3.4,23,1.6,9.0,8.8,17.1,.518,4.9,5.8,.836,77,77,33.1,Karl-Anthony Towns,3.4,3.8,24.4,0.9,3.1,12.4,.572
3.4,7.4,.453,0.8,2.5,.333,8.2,30,0.4,2.1,4.2,9.9,.423,2.9,3.6,.804,42,41,30.1,Jeff Teague,0.4,2.1,12.1,1.0,2.3,2.5,.465
6.1,11.9,.509,1.1,2.9,.370,4.3,30,0.2,2.1,7.1,14.8,.482,2.7,3.1,.856,51,13,27.3,Derrick Rose,0.6,1.1,18.0,0.6,1.6,2.7,.518
4.2,7.2,.583,0.2,0.5,.324,1.2,33,0.6,4.1,4.3,7.7,.566,1.9,2.5,.757,70,57,24.1,Taj Gibson,2.5,2.7,10.8,0.8,1.0,6.5,.576
2.3,4.6,.511,1.4,3.7,.383,1.5,24,0.1,3.9,3.8,8.3,.454,1.5,1.8,.875,68,28,23.9,Dario Šarić,1.5,2.1,10.5,0.6,1.1,5.5,.540
1.8,4.0,.464,0.8,2.9,.279,1.2,20,0.4,2.4,2.6,6.9,.386,1.6,2.2,.728,74,52,23.7,Josh Okogie,0.6,2.2,7.7,1.2,0.9,2.9,.445
2.1,4.7,.453,0.6,1.9,.317,4.8,22,0.1,1.6,2.7,6.6,.415,0.9,1.0,.841,68,23,22.9,Tyus Jones,0.3,1.1,6.9,1.2,0.7,2.0,.460
1.6,3.9,.402,0.9,2.9,.296,3.5,30,0.1,1.5,2.4,6.8,.357,0.5,0.8,.571,34,6,19.3,Jerryd Bayless,0.3,1.6,6.1,0.5,0.9,1.8,.420
2.0,3.4,.608,0.6,2.0,.318,0.8,33,0.4,2.4,2.7,5.4,.500,1.1,1.6,.714,22,2,17.8,Luol Deng,0.9,1.1,7.1,0.7,0.6,3.3,.559
1.6,3.0,.522,0.4,1.7,.250,0.6,23,0.5,2.2,2.0,4.7,.423,0.6,0.9,.643,30,3,16.8,Keita Bates-Diop,0.5,1.0,5.0,0.6,0.5,2.8,.468
0.3,0.7,.409,1.2,3.3,.377,0.7,33,0.3,2.5,1.5,4.0,.382,0.7,0.9,.783,65,0,16.6,Anthony Tolliver,0.2,1.4,5.0,0.3,0.6,2.7,.539
0.6,1.4,.444,1.1,2.7,.412,0.7,23,0.1,1.4,1.7,4.1,.423,0.4,0.5,.889,19,0,13.6,Cameron Reynolds,0.2,1.4,5.0,0.3,0.3,1.6,.558
2.2,4.2,.530,0.3,0.7,.339,0.9,29,0.5,3.0,2.5,5.0,.501,1.2,1.4,.830,76,2,13.6,Gorgui Dieng,1.1,1.8,6.4,0.6,0.8,4.1,.527
0.6,1.4,.400,1.0,2.7,.368,2.7,27,0.1,0.7,1.6,4.1,.379,0.6,0.6,1.000,7,1,13.6,Isaiah Canaan,0.0,0.6,4.7,0.3,0.6,0.7,.500
3.0,5.0,.600,0.0,1.0,.000,1.0,26,0.0,1.0,3.0,6.0,.500,0.0,0.0,,1,0,12.0,Mitch Creek,1.0,0.0,6.0,1.0,1.0,2.0,.500
0.8,1.3,.632,0.3,1.1,.313,0.8,28,0.0,0.5,1.1,2.3,.486,0.0,0.1,.000,15,0,8.5,C.J. Williams,0.1,1.1,2.6,0.4,0.3,0.5,.557
0.6,1.6,.364,0.3,1.2,.235,0.9,23,0.1,0.4,0.9,2.8,.308,0.2,0.4,.500,14,0,7.9,Jared Terrell,0.1,1.1,2.2,0.2,0.7,0.4,.359
0.3,0.6,.500,0.4,1.0,.385,0.4,28,0.0,0.3,0.7,1.6,.429,0.3,0.3,1.000,13,0,4.9,James Nunnally,0.0,0.3,2.1,0.1,0.1,0.3,.548
6.4,11.9,.539,1.8,5.4,.325,7.7,28,0.8,3.9,8.2,17.3,.472,3.1,4.0,.768,67,67,35.9,Jrue Holiday,1.1,2.2,21.2,1.6,3.1,5.0,.523
8.6,15.7,.547,0.9,2.6,.331,3.9,25,2.4,8.9,9.5,18.3,.517,6.1,7.7,.794,56,56,33.0,Anthony Davis,3.1,2.4,25.9,1.6,2.0,12.0,.540
6.9,12.2,.564,0.9,2.7,.344,3.1,24,0.6,6.5,7.8,14.9,.524,4.9,6.7,.731,73,49,30.6,Julius Randle,2.2,3.4,21.4,0.7,2.8,8.7,.555
3.5,7.3,.476,0.8,2.5,.314,7.6,24,0.4,4.1,4.3,9.8,.434,1.3,1.8,.743,42,42,29.8,Elfrid Payton,1.2,1.9,10.6,1.0,2.7,5.2,.475
3.0,5.5,.551,2.7,7.2,.368,1.1,27,0.8,6.8,5.7,12.7,.447,2.7,3.2,.842,32,22,28.9,Nikola Mirotić,1.4,2.7,16.7,0.7,1.2,8.3,.552
3.4,6.7,.506,1.4,3.3,.432,1.9,29,0.2,1.7,4.8,10.0,.481,0.8,1.1,.763,53,36,27.6,E'Twaun Moore,0.7,2.1,11.9,0.8,1.1,2.4,.553
0.8,1.7,.467,1.9,5.3,.365,2.1,28,0.3,1.7,2.7,7.0,.390,0.8,1.0,.789,69,15,25.5,Darius Miller,0.2,2.4,8.2,0.6,0.9,1.9,.528
5.4,8.9,.606,0.8,2.6,.286,0.8,23,1.3,6.3,6.1,11.5,.533,3.9,5.1,.756,8,2,23.6,Christian Wood,1.6,1.8,16.9,0.9,1.8,7.9,.565
1.2,2.7,.447,1.1,3.4,.333,1.8,24,0.4,3.6,2.3,6.1,.384,0.3,0.4,.684,46,29,23.5,Kenrich Williams,1.2,2.1,6.1,1.0,0.8,4.8,.477
0.8,1.8,.468,0.7,2.3,.317,1.3,27,0.2,2.3,1.5,4.0,.382,0.5,0.7,.719,44,15,20.0,Solomon Hill,0.8,1.8,4.3,0.5,0.7,3.0,.472
1.3,2.5,.517,0.6,1.6,.351,4.4,28,0.1,2.2,1.9,4.1,.451,0.7,0.9,.780,47,17,19.3,Tim Frazier,0.7,2.0,5.0,0.5,1.3,2.9,.521
2.3,4.6,.507,0.9,2.8,.314,1.1,20,0.0,1.8,3.2,7.3,.434,0.9,1.2,.740,61,16,19.2,Frank Jackson,0.4,1.5,8.1,0.4,0.8,2.2,.493
1.4,3.0,.470,1.1,3.4,.327,1.6,27,0.1,1.3,2.5,6.4,.394,0.6,0.6,.892,60,6,16.2,Ian Clark,0.2,1.6,6.7,0.4,1.0,1.5,.480
3.6,6.1,.591,0.0,0.1,.200,0.7,23,0.7,3.3,3.6,6.1,.586,1.0,1.5,.663,59,24,15.8,Jahlil Okafor,1.4,1.6,8.2,0.3,0.9,4.7,.587
0.6,1.5,.421,0.7,1.9,.380,0.6,31,0.3,1.7,1.3,3.4,.398,0.2,0.3,.667,26,13,14.5,Wesley Johnson,0.4,1.7,3.7,0.5,0.5,2.1,.506
2.6,4.2,.625,0.0,0.1,.250,0.5,22,0.5,4.0,2.6,4.2,.620,0.8,1.0,.746,64,1,14.0,Cheick Diallo,1.2,1.8,6.0,0.5,0.8,5.2,.622
0.2,1.1,.154,0.8,2.8,.294,0.8,29,0.0,0.6,1.0,3.9,.255,0.0,0.0,,12,0,13.9,Dairis Bertāns,0.2,0.6,2.8,0.1,0.2,0.8,.362
1.5,3.2,.474,0.6,1.9,.324,1.6,22,0.1,1.8,2.1,5.1,.418,0.5,0.7,.692,18,0,13.7,Stanley Johnson,0.5,1.2,5.3,0.7,1.4,2.3,.478
0.0,1.0,.000,1.0,3.5,.286,0.5,32,0.0,1.0,1.0,4.5,.222,1.0,1.0,1.000,2,0,10.0,Jason Smith,1.0,1.5,4.0,0.0,0.5,2.0,.333
0.2,0.3,.500,0.3,1.7,.200,1.2,24,0.0,0.5,0.5,2.0,.250,0.2,0.3,.500,6,0,6.3,Andrew Harrison,0.3,1.2,1.5,0.0,0.3,0.8,.333
3.6,8.5,.424,2.5,7.3,.347,2.7,26,0.1,2.9,6.1,15.8,.388,4.3,5.1,.854,46,46,32.6,Tim Hardaway,0.6,2.3,19.1,0.9,1.8,3.5,.469
2.8,7.3,.387,1.7,4.9,.343,1.1,19,0.3,3.7,4.5,12.2,.370,2.2,3.0,.717,75,57,28.8,Kevin Knox,0.8,2.3,12.8,0.6,1.5,4.5,.438
4.6,10.0,.462,1.1,4.0,.289,5.4,21,0.4,2.1,5.8,14.0,.413,2.0,3.5,.568,21,18,28.6,Dennis Smith,0.7,2.2,14.7,1.3,2.6,2.8,.454
2.2,4.9,.461,1.7,4.7,.368,1.8,24,0.1,3.1,4.0,9.6,.415,1.0,1.3,.745,73,40,27.5,Damyean Dotson,0.5,1.8,10.7,0.8,1.0,3.6,.506
4.4,9.0,.492,1.2,3.6,.329,3.9,22,0.3,2.8,5.6,12.5,.446,2.4,3.2,.774,59,42,27.2,Emmanuel Mudiay,0.6,1.7,14.8,0.7,2.4,3.3,.493
1.0,4.5,.222,1.0,5.0,.200,2.5,32,0.5,1.0,2.0,9.5,.211,2.0,2.5,.800,2,1,27.0,Wesley Matthews,0.5,1.0,7.0,0.5,1.0,1.5,.263
4.1,6.5,.634,0.0,0.0,,3.0,30,1.1,8.0,4.1,6.5,.634,2.7,3.5,.773,19,19,25.9,DeAndre Jordan,3.4,2.2,10.9,0.5,2.2,11.4,.634
5.5,10.1,.547,0.2,0.5,.318,1.9,26,0.4,6.6,5.7,10.6,.536,2.4,2.9,.814,44,23,25.6,Enes Kanter,3.9,2.4,14.0,0.4,1.8,10.5,.544
2.4,4.5,.531,0.7,2.0,.336,1.9,23,0.8,6.1,3.0,6.5,.470,1.6,2.3,.712,68,57,25.3,Noah Vonleh,1.7,2.6,8.4,0.7,1.3,7.8,.523
2.8,6.0,.466,0.8,2.1,.394,1.9,23,0.2,2.6,3.6,8.1,.448,2.8,3.5,.803,64,3,22.8,Allonzo Trier,0.5,1.8,10.9,0.4,1.8,3.1,.498
2.5,5.5,.457,0.9,1.9,.472,4.0,26,0.2,2.3,3.4,7.4,.461,2.2,2.8,.778,19,1,21.9,Kadeem Allen,0.4,2.4,9.9,0.8,1.4,2.7,.521
1.4,3.9,.371,0.8,2.7,.287,2.8,20,0.3,1.7,2.2,6.6,.337,0.5,0.7,.767,43,16,21.0,Frank Ntilikina,0.3,2.4,5.7,0.7,1.3,2.0,.395
3.6,8.2,.434,0.9,2.6,.349,2.8,26,0.2,1.4,4.5,10.8,.413,1.9,2.3,.827,33,7,20.9,Trey Burke,0.5,1.0,11.8,0.6,0.9,1.9,.455
2.6,5.4,.478,0.7,2.6,.276,1.5,23,0.1,3.6,3.3,8.0,.412,1.5,2.0,.763,58,24,20.8,Mario Hezonja,0.5,1.9,8.8,1.0,1.5,4.1,.457
3.1,4.4,.694,0.0,0.0,,0.6,20,2.4,3.7,3.1,4.4,.694,1.2,2.0,.600,66,19,20.6,Mitchell Robinson,2.7,3.3,7.3,0.8,0.5,6.4,.694
1.2,2.6,.475,0.5,1.7,.278,0.6,30,0.2,2.1,1.7,4.3,.396,0.6,0.8,.750,46,17,17.0,Lance Thomas,0.5,1.8,4.5,0.4,0.5,2.5,.452
0.8,2.0,.411,1.5,4.2,.363,1.2,23,0.9,2.3,2.3,6.2,.378,0.8,1.0,.826,46,18,17.0,Luke Kornet,0.6,0.9,7.0,0.6,0.5,2.9,.502
2.8,4.8,.579,0.0,2.0,.000,1.8,24,0.3,0.8,2.8,6.8,.407,1.0,1.0,1.000,4,0,15.8,Billy Garrett,0.0,0.8,6.5,0.3,0.5,0.8,.407
0.9,2.1,.426,0.9,2.5,.357,1.0,27,0.1,1.4,1.8,4.7,.388,0.7,0.8,.833,22,0,14.5,John Jenkins,0.3,0.5,5.2,0.0,0.4,1.6,.485
1.2,3.0,.392,0.9,2.0,.441,0.9,22,0.1,3.1,2.1,5.0,.412,1.0,1.4,.739,17,0,13.8,Henry Ellenson,0.3,1.5,6.0,0.4,0.5,3.4,.500
1.3,2.6,.516,0.4,1.3,.313,1.3,33,0.2,1.8,1.8,3.9,.447,0.8,1.2,.643,12,2,13.3,Courtney Lee,0.5,1.1,4.7,0.7,0.4,2.3,.500
1.3,2.7,.500,0.0,0.0,,0.7,24,1.0,1.7,1.3,2.7,.500,1.3,1.7,.800,3,0,10.7,Isaiah Hicks,0.7,1.7,4.0,0.3,0.3,2.3,.500
0.3,0.6,.429,0.1,0.8,.111,1.2,25,0.0,0.5,0.4,1.5,.250,0.5,0.5,.833,11,0,9.7,Ron Baker,0.1,1.5,1.3,0.5,0.3,0.6,.281
5.4,11.1,.484,3.8,9.8,.386,4.1,28,0.4,6.8,9.2,21.0,.438,5.9,7.0,.839,77,77,36.9,Paul George,1.4,2.8,28.0,2.2,2.7,8.2,.529
7.0,14.5,.481,1.6,5.6,.290,10.7,30,0.5,9.6,8.6,20.2,.428,4.1,6.2,.656,73,73,36.0,Russell Westbrook,1.5,3.4,22.9,1.9,4.5,11.1,.468
6.0,10.1,.596,0.0,0.0,.000,1.6,25,1.0,4.6,6.0,10.1,.595,1.8,3.7,.500,80,80,33.4,Steven Adams,4.9,2.6,13.9,1.5,1.7,9.5,.595
3.7,6.6,.555,1.4,3.7,.392,1.0,24,1.3,4.0,5.1,10.3,.497,2.0,2.8,.710,80,77,32.7,Jerami Grant,1.2,2.7,13.6,0.8,0.8,5.2,.567
4.2,9.4,.450,1.6,4.6,.341,4.1,25,0.2,3.1,5.8,14.0,.414,2.4,2.9,.819,79,14,29.3,Dennis Schröder,0.5,2.4,15.5,0.8,2.2,3.6,.470
1.1,1.9,.560,1.4,3.9,.366,1.0,20,0.2,1.5,2.5,5.8,.429,0.5,0.7,.725,74,74,26.1,Terrance Ferguson,0.4,3.1,6.9,0.5,0.6,1.9,.552
0.5,1.0,.500,1.3,4.1,.323,0.6,25,0.2,1.4,1.8,5.1,.357,0.4,0.4,.923,31,2,19.0,Álex Abrines,0.2,1.7,5.3,0.5,0.5,1.5,.487
1.7,4.0,.423,0.8,2.5,.339,0.8,29,0.1,3.0,2.5,6.5,.391,0.6,0.8,.737,24,1,16.1,Markieff Morris,0.8,2.4,6.5,0.5,0.3,3.8,.455
0.6,1.3,.439,0.7,2.2,.336,0.5,29,0.2,1.7,1.3,3.5,.374,0.3,0.5,.633,63,5,13.7,Patrick Patterson,0.7,0.7,3.6,0.3,0.3,2.3,.479
2.1,3.6,.587,0.0,0.0,,0.6,24,1.2,2.6,2.1,3.6,.587,0.7,1.0,.684,77,2,13.7,Nerlens Noel,1.6,2.2,4.9,0.9,0.6,4.2,.587
1.1,2.2,.473,0.6,1.8,.328,1.6,34,0.2,0.9,1.7,4.1,.407,0.4,0.4,.923,33,0,11.5,Raymond Felton,0.1,0.9,4.3,0.3,0.4,1.0,.481
1.0,1.9,.513,0.5,1.6,.320,0.3,25,0.2,1.7,1.5,3.5,.423,0.4,0.6,.750,61,1,11.4,Abdel Nader,0.2,1.1,4.0,0.3,0.4,1.9,.498
1.4,2.8,.504,0.1,0.5,.167,0.3,20,0.2,1.2,1.5,3.2,.455,0.7,1.2,.610,51,3,10.3,Hamidou Diallo,0.7,1.5,3.7,0.4,0.5,1.9,.467
0.8,1.7,.455,0.3,0.8,.296,0.3,25,0.3,0.8,1.0,2.6,.402,0.3,0.4,.667,32,0,7.5,Deonte Burton,0.1,1.0,2.6,0.2,0.3,0.9,.451
0.4,1.0,.381,0.2,1.0,.227,0.2,23,0.0,0.7,0.6,2.0,.302,0.2,0.3,.667,21,1,5.9,Timothé Luwawu-Cabarrot,0.2,0.7,1.7,0.2,0.2,0.9,.360
0.0,1.0,.000,0.0,0.0,,0.0,21,0.0,0.0,0.0,1.0,.000,0.0,0.0,,1,0,1.0,Tyler Davis,1.0,0.0,0.0,0.0,0.0,1.0,.000
0.0,0.0,,0.0,1.0,.000,0.0,22,0.0,0.0,0.0,1.0,.000,0.0,0.0,,1,0,1.0,Jawun Evans,0.0,0.0,0.0,0.0,0.0,0.0,.000
0.0,0.0,,0.0,0.7,.000,0.0,23,0.0,0.0,0.0,0.7,.000,0.0,0.0,,3,0,0.7,Donte Grantham,0.0,0.0,0.0,0.0,0.0,0.0,.000
4.5,9.0,.499,1.6,4.4,.349,3.7,23,0.7,5.7,6.0,13.4,.449,2.4,3.2,.731,78,78,33.8,Aaron Gordon,1.7,2.2,16.0,0.7,2.1,7.4,.507
3.9,7.6,.509,1.9,5.6,.340,3.6,26,0.1,2.7,5.8,13.2,.438,1.7,2.1,.806,81,81,31.5,Evan Fournier,0.5,2.8,15.1,0.9,1.9,3.2,.509
7.7,14.0,.549,1.1,2.9,.364,3.8,28,1.1,9.2,8.8,16.9,.518,2.2,2.8,.789,80,80,31.4,Nikola Vučević,2.8,2.0,20.8,1.0,2.0,12.0,.549
2.3,4.5,.511,1.6,3.8,.421,5.3,31,0.0,2.0,3.9,8.4,.470,2.2,2.6,.866,81,81,28.0,D.J. Augustin,0.5,1.4,11.7,0.6,1.6,2.5,.566
2.3,4.6,.510,1.1,3.5,.323,1.1,21,1.3,4.2,3.5,8.1,.429,1.5,1.8,.815,75,64,26.6,Jonathan Isaac,1.3,1.9,9.6,0.8,1.0,5.5,.499
2.8,5.7,.484,2.7,7.0,.383,1.7,27,0.4,3.1,5.4,12.7,.428,1.6,1.8,.875,81,0,26.5,Terrence Ross,0.3,1.5,15.1,0.9,1.1,3.5,.534
2.1,5.0,.419,0.5,2.0,.229,2.3,29,0.3,1.9,2.5,7.0,.364,1.4,1.8,.778,41,9,20.6,Jonathon Simmons,0.6,1.7,6.9,0.4,1.4,2.4,.397
1.5,3.6,.419,0.3,1.6,.158,4.1,27,0.8,3.4,1.8,5.2,.339,1.7,2.3,.741,12,0,18.9,Michael Carter-Williams,1.3,1.8,5.4,0.9,0.8,4.8,.363
1.2,2.9,.431,0.4,1.2,.367,1.1,24,0.3,2.2,1.7,4.0,.412,1.2,1.5,.816,68,13,18.1,Wesley Iwundu,0.5,1.8,5.0,0.4,0.6,2.7,.465
2.0,3.7,.555,0.4,1.5,.300,0.8,20,1.4,3.6,2.5,5.2,.481,0.8,1.3,.587,47,1,16.3,Mohamed Bamba,1.4,2.2,6.2,0.3,0.9,5.0,.525
0.9,1.8,.473,0.7,1.8,.364,2.6,26,0.1,1.3,1.5,3.7,.418,0.4,0.7,.650,60,1,15.7,Jerian Grant,0.3,1.3,4.2,0.7,0.9,1.6,.509
1.1,2.7,.423,0.3,0.9,.324,2.2,22,0.1,1.8,1.4,3.5,.399,0.4,0.7,.577,39,0,14.3,Isaiah Briscoe,0.1,1.7,3.5,0.3,0.8,1.9,.438
1.8,3.0,.607,0.0,0.0,.000,0.8,26,0.6,2.2,1.8,3.0,.603,1.2,1.7,.699,50,1,12.9,Khem Birch,1.6,1.4,4.8,0.4,0.4,3.8,.603
0.5,1.1,.489,0.5,1.4,.351,0.4,24,0.2,1.5,1.0,2.5,.413,0.2,0.3,.818,42,1,7.8,Jarell Martin,0.3,1.2,2.7,0.1,0.3,1.7,.510
0.8,1.3,.625,0.0,0.0,,0.3,25,0.3,1.3,0.8,1.3,.625,0.6,0.7,.875,12,0,5.7,Amile Jefferson,0.5,0.7,2.3,0.3,0.1,1.8,.625
0.7,1.5,.467,0.0,0.6,.000,0.1,22,0.0,0.2,0.7,2.1,.333,0.1,0.4,.250,10,0,4.4,Melvin Frazier,0.3,0.6,1.5,0.1,0.1,0.5,.333
0.5,1.3,.400,0.5,0.8,.667,1.0,23,0.0,0.5,1.0,2.0,.500,0.0,0.0,,4,0,4.0,Troy Caupain,0.3,0.0,2.5,0.3,0.0,0.8,.625
5.3,9.8,.542,1.6,5.0,.326,2.9,26,0.5,6.7,6.9,14.8,.469,2.7,3.3,.841,27,27,35.0,Tobias Harris,1.2,2.3,18.2,0.4,1.6,7.9,.524
6.8,12.1,.566,0.0,0.1,.000,7.7,22,0.8,6.6,6.8,12.2,.563,3.3,5.4,.600,79,79,34.2,Ben Simmons,2.2,2.6,16.9,1.4,3.5,8.8,.563
1.5,3.1,.500,2.3,5.9,.390,1.1,28,1.8,4.6,3.8,9.0,.427,1.3,1.8,.739,13,13,33.8,Robert Covington,0.5,3.5,11.3,1.8,1.7,5.2,.556
7.8,14.6,.535,1.2,4.1,.300,3.7,24,1.9,11.1,9.1,18.7,.484,8.2,10.1,.804,64,64,33.7,Joel Embiid,2.5,3.3,27.5,0.7,3.5,13.6,.517
5.3,10.9,.491,0.9,2.7,.338,4.0,29,0.5,3.4,6.3,13.6,.461,4.8,5.5,.868,55,55,33.2,Jimmy Butler,1.9,1.7,18.2,1.8,1.5,5.3,.494
2.8,5.6,.502,3.2,8.0,.397,2.7,34,0.2,2.2,5.9,13.5,.440,3.0,3.4,.894,76,63,31.3,J.J. Redick,0.3,1.7,18.1,0.4,1.3,2.4,.557
2.1,4.8,.435,1.6,5.4,.300,2.0,24,0.2,5.0,3.7,10.2,.364,2.1,2.3,.900,13,13,30.5,Dario Šarić,1.6,3.0,11.1,0.3,1.9,6.6,.443
1.3,2.5,.506,1.3,3.3,.390,2.0,31,0.5,3.4,2.5,5.8,.440,0.4,0.5,.722,36,32,26.4,Wilson Chandler,1.2,2.6,6.7,0.6,1.1,4.7,.551
1.0,2.6,.380,1.8,4.4,.412,0.8,30,0.2,3.1,2.8,7.0,.400,0.4,0.6,.667,27,3,24.0,Mike Scott,0.7,2.5,7.8,0.3,0.6,3.8,.529
3.2,7.4,.433,0.2,0.7,.286,3.1,20,0.3,2.3,3.4,8.2,.419,1.1,1.9,.568,19,15,22.5,Markelle Fultz,1.4,2.7,8.2,0.9,1.3,3.7,.432
0.9,1.7,.519,1.4,4.2,.342,1.3,27,0.6,3.2,2.3,5.9,.392,1.3,1.6,.818,47,6,22.1,Mike Muscala,1.1,2.4,7.4,0.4,0.9,4.3,.514
1.0,1.9,.529,1.8,4.5,.404,1.1,21,0.1,1.2,2.8,6.4,.441,0.8,1.0,.815,54,4,20.5,Landry Shamet,0.3,2.0,8.3,0.4,0.5,1.4,.584
2.3,5.0,.457,0.6,2.0,.286,1.4,32,0.3,1.9,2.9,7.0,.408,1.3,1.9,.692,7,3,20.0,Corey Brewer,0.6,2.3,7.6,1.7,1.1,2.4,.449
2.7,5.0,.546,0.2,0.6,.333,3.4,26,0.2,1.9,2.9,5.5,.525,0.4,0.5,.784,76,3,19.3,T.J. McConnell,0.4,1.4,6.4,1.0,1.2,2.3,.542
1.3,3.0,.444,1.0,2.7,.375,1.7,19,0.3,1.7,2.3,5.7,.412,1.0,1.3,.750,6,2,18.5,Zhaire Smith,0.5,1.3,6.7,0.3,1.0,2.2,.500
4.7,7.3,.636,0.3,0.3,1.000,2.3,28,0.0,3.0,5.0,7.7,.652,3.3,3.7,.909,3,0,17.3,Greg Monroe,1.3,1.7,13.7,0.3,0.3,4.3,.674
1.3,2.6,.489,0.6,2.0,.306,0.8,28,0.4,2.3,1.9,4.6,.410,0.9,1.3,.696,18,2,15.6,James Ennis,1.3,2.2,5.3,0.2,0.6,3.6,.476
1.3,2.9,.465,0.6,1.4,.429,2.2,29,0.1,1.5,1.9,4.3,.453,1.1,1.7,.640,15,0,14.6,Jonathon Simmons,0.3,1.4,5.5,0.7,0.8,1.7,.523
1.0,1.5,.697,0.8,2.2,.354,0.9,23,0.9,2.7,1.8,3.7,.494,0.3,0.6,.481,44,10,14.5,Jonah Bolden,1.1,2.3,4.7,0.4,0.8,3.8,.599
1.1,2.1,.505,1.0,3.0,.326,1.1,21,0.0,1.9,2.0,5.1,.400,0.8,0.9,.818,48,7,14.1,Furkan Korkmaz,0.3,1.3,5.8,0.6,0.5,2.2,.496
3.2,5.1,.634,0.2,0.4,.500,1.5,30,0.5,3.7,3.4,5.5,.625,1.2,1.6,.722,22,3,13.9,Boban Marjanović,1.5,1.5,8.2,0.2,1.0,5.1,.642
1.0,2.2,.465,0.7,2.2,.318,0.9,22,0.4,1.3,1.7,4.4,.391,0.3,0.4,.714,20,0,13.4,Shake Milton,0.5,1.5,4.4,0.4,0.3,1.8,.471
1.3,2.3,.573,0.2,0.8,.300,1.2,31,0.3,2.0,1.5,3.1,.503,0.6,0.8,.756,51,6,10.4,Amir Johnson,0.9,1.9,3.9,0.3,0.9,2.9,.541
0.6,1.0,.600,0.2,1.0,.200,0.4,22,0.0,1.0,0.8,2.0,.400,0.0,0.4,.000,5,0,8.0,Haywood Highsmith,0.0,0.2,1.8,0.2,0.2,1.0,.450
0.7,1.7,.400,0.0,0.7,.000,1.0,21,0.0,1.3,0.7,2.3,.286,0.3,0.7,.500,3,0,7.0,Justin Patton,0.7,1.7,1.7,0.7,0.0,2.0,.286
1.0,1.5,.667,0.3,1.0,.333,0.8,24,0.0,0.2,1.3,2.5,.533,0.7,0.7,1.000,6,0,6.5,Demetrius Jackson,0.3,0.7,3.7,0.3,0.2,0.5,.600
7.0,13.1,.536,2.1,6.5,.326,6.8,22,0.2,3.5,9.2,19.6,.467,6.1,7.1,.866,64,64,35.0,Devin Booker,0.6,3.1,26.6,0.9,4.1,4.1,.521
1.4,3.4,.409,1.9,5.3,.360,3.3,33,0.3,5.0,3.3,8.7,.379,1.4,1.7,.837,26,26,34.0,Trevor Ariza,0.6,1.7,9.9,1.5,1.5,5.6,.489
5.1,10.0,.510,1.8,4.2,.428,1.5,25,0.7,3.3,6.9,14.2,.486,2.3,2.9,.815,43,36,31.6,T.J. Warren,0.7,2.8,18.0,1.2,1.2,4.0,.549
2.2,5.3,.406,1.4,4.3,.321,4.2,26,0.5,2.8,3.5,9.6,.368,2.6,3.0,.872,13,12,31.2,Tyler Johnson,1.2,1.9,11.1,1.1,1.1,4.0,.440
7.2,12.2,.588,0.0,0.1,.000,1.8,20,0.9,7.1,7.2,12.3,.585,2.0,2.7,.746,71,70,30.7,Deandre Ayton,3.1,2.9,16.3,0.9,1.8,10.3,.585
1.7,3.0,.548,1.3,3.8,.335,2.1,22,0.5,2.5,3.0,6.9,.430,1.2,1.4,.805,82,56,29.5,Mikal Bridges,0.7,2.5,8.3,1.6,0.9,3.2,.523
4.4,8.3,.532,1.7,5.2,.325,1.6,23,1.0,3.7,6.1,13.4,.453,3.0,4.0,.761,40,12,29.5,Kelly Oubre,1.2,2.8,16.9,1.4,1.8,4.9,.515
1.4,3.0,.456,1.3,3.8,.347,3.3,27,0.0,2.3,2.7,6.8,.395,0.8,1.1,.750,19,15,26.5,Isaiah Canaan,0.3,2.4,7.5,0.6,1.5,2.6,.492
3.5,7.8,.445,0.9,2.8,.324,2.3,21,0.7,3.6,4.4,10.6,.413,1.8,2.7,.671,79,29,25.2,Josh Jackson,0.8,2.6,11.5,0.9,2.2,4.4,.456
1.4,3.2,.441,0.6,1.9,.305,3.2,20,0.5,2.2,2.0,5.1,.391,0.4,0.6,.750,50,31,19.7,De'Anthony Melton,0.5,2.3,5.0,1.4,1.5,2.7,.447
1.7,3.7,.453,1.0,3.2,.332,3.6,38,0.2,1.2,2.7,6.8,.397,1.5,1.7,.845,64,0,18.9,Jamal Crawford,0.1,1.2,7.9,0.5,1.5,1.3,.474
0.8,1.7,.462,0.5,2.3,.206,1.1,30,0.1,2.1,1.3,4.0,.317,0.7,0.9,.786,15,8,18.5,Ryan Anderson,0.9,1.5,3.7,0.2,0.8,3.0,.375
1.4,3.0,.475,0.7,2.5,.295,2.4,21,0.1,1.6,2.2,5.5,.393,0.7,0.9,.787,53,16,18.1,Élie Okobo,0.2,2.1,5.7,0.6,1.3,1.8,.460
1.4,2.1,.688,0.5,2.2,.218,1.2,21,0.5,3.2,1.9,4.3,.447,0.7,1.2,.593,46,27,18.0,Dragan Bender,0.7,2.0,5.0,0.4,0.8,4.0,.503
3.2,5.2,.608,0.0,0.0,,0.9,25,1.1,3.1,3.2,5.2,.608,1.8,2.5,.731,70,4,16.9,Richaun Holmes,1.6,2.8,8.2,0.6,0.7,4.7,.608
0.8,1.6,.481,1.5,3.8,.381,0.5,27,0.1,1.2,2.2,5.4,.411,0.4,0.5,.783,51,1,14.9,Troy Daniels,0.3,1.5,6.2,0.5,0.5,1.4,.545
1.1,1.7,.667,0.0,0.0,,0.9,36,0.1,4.6,1.1,1.7,.667,1.4,2.6,.556,7,0,12.7,Tyson Chandler,1.0,3.0,3.7,0.3,1.0,5.6,.667
0.2,0.3,.667,0.2,1.5,.133,0.8,28,0.4,2.2,0.4,1.8,.222,0.7,1.0,.700,10,0,12.3,Quincy Acy,0.3,2.4,1.7,0.1,0.4,2.5,.278
1.9,3.4,.568,0.0,0.2,.000,0.4,21,0.6,2.5,1.9,3.6,.532,0.3,0.9,.333,13,3,11.3,Ray Spalding,1.2,1.8,4.2,0.7,0.7,3.7,.532
1.3,2.7,.500,0.0,2.2,.000,1.3,29,0.0,1.0,1.3,4.8,.276,1.0,1.0,1.000,6,0,10.8,Jimmer Fredette,0.2,0.8,3.7,0.5,0.8,1.2,.276
2.0,3.0,.667,0.0,0.0,,0.5,22,0.0,2.0,2.0,3.0,.667,0.5,1.0,.500,2,0,10.0,Emanuel Terry,1.0,2.0,4.5,1.5,1.0,3.0,.667
0.4,1.6,.273,0.0,0.3,.000,1.4,22,0.0,1.6,0.4,1.9,.231,0.0,0.0,,7,0,9.1,Jawun Evans,0.1,1.1,0.9,0.4,0.9,1.7,.231
0.0,0.0,,0.0,0.0,,0.0,25,0.0,1.0,0.0,0.0,,0.0,0.0,,1,0,6.0,George King,0.0,0.0,0.0,0.0,0.0,1.0,
0.0,0.0,,0.0,0.0,,0.0,27,0.0,3.0,0.0,0.0,,0.0,0.0,,1,0,5.0,Eric Moreland,0.0,1.0,0.0,0.0,0.0,3.0,
5.6,11.1,.499,3.0,8.0,.369,6.9,28,0.4,3.8,8.5,19.2,.444,5.9,6.4,.912,80,80,35.5,Damian Lillard,0.9,1.9,25.8,1.1,2.7,4.6,.522
5.8,11.4,.506,2.4,6.4,.375,3.0,27,0.4,3.1,8.2,17.8,.459,2.3,2.7,.828,70,70,33.9,CJ McCollum,0.9,2.5,21.0,0.8,1.5,4.0,.527
2.0,3.9,.514,1.2,3.5,.343,1.3,28,0.4,6.1,3.2,7.3,.433,1.9,2.1,.867,81,81,28.3,Al-Farouq Aminu,1.4,1.8,9.4,0.8,0.9,7.5,.514
5.8,11.1,.523,0.0,0.4,.103,3.2,24,1.4,7.0,5.8,11.5,.508,3.9,5.1,.773,72,72,27.4,Jusuf Nurkić,3.4,3.5,15.6,1.0,2.3,10.4,.510
2.6,4.9,.519,1.1,3.1,.345,1.3,26,0.3,1.4,3.6,8.0,.452,1.2,1.5,.805,27,4,24.4,Rodney Hood,0.3,1.7,9.6,0.8,0.7,1.7,.518
2.6,4.5,.582,0.6,2.0,.275,1.2,25,0.9,3.2,3.2,6.5,.487,0.8,1.2,.671,60,53,23.6,Maurice Harkless,1.3,2.7,7.7,1.1,0.8,4.5,.530
5.3,8.8,.596,0.1,0.5,.250,1.4,26,0.4,4.9,5.4,9.3,.577,2.2,3.0,.735,23,8,22.3,Enes Kanter,3.7,2.7,13.1,0.6,1.7,8.6,.584
2.6,5.4,.494,0.2,0.7,.212,3.9,30,0.2,4.0,2.8,6.1,.460,1.0,1.5,.708,73,2,22.0,Evan Turner,0.5,1.5,6.8,0.5,1.6,4.5,.473
1.3,2.9,.463,1.5,3.4,.450,0.9,28,0.2,1.3,2.9,6.3,.456,0.6,0.7,.846,74,2,18.9,Seth Curry,0.4,1.3,7.9,0.5,0.8,1.6,.577
2.2,3.4,.646,0.8,2.5,.326,0.7,24,0.4,2.3,3.0,6.0,.509,0.7,1.0,.704,71,33,18.7,Jake Layman,0.8,1.6,7.6,0.4,0.6,3.1,.579
1.9,3.6,.534,0.5,1.6,.331,0.9,21,0.9,2.8,2.5,5.2,.473,1.2,1.6,.746,77,0,17.6,Zach Collins,1.4,2.3,6.6,0.3,1.0,4.2,.523
1.2,2.4,.510,1.0,2.8,.344,1.4,25,0.1,1.6,2.2,5.2,.419,0.7,0.8,.889,44,0,15.3,Nik Stauskas,0.2,0.7,6.1,0.3,0.9,1.8,.513
1.3,2.1,.626,0.8,1.8,.450,1.2,26,0.1,3.0,2.2,4.0,.545,0.7,0.8,.843,61,2,14.4,Meyers Leonard,0.8,1.7,5.9,0.2,0.7,3.8,.649
0.7,2.2,.333,0.1,0.3,.200,0.4,21,0.0,2.2,0.8,2.4,.318,0.3,0.4,.857,18,0,8.1,Caleb Swanigan,0.7,1.2,1.9,0.2,0.9,2.9,.330
0.7,1.9,.379,0.3,1.4,.238,0.3,20,0.1,0.7,1.1,3.3,.320,0.2,0.5,.429,15,1,7.4,Gary Trent,0.1,0.3,2.7,0.1,0.3,0.7,.370
0.9,1.7,.529,0.5,1.5,.345,0.7,19,0.0,0.5,1.4,3.2,.444,0.5,0.8,.563,20,1,7.1,Anfernee Simons,0.2,0.5,3.8,0.1,0.6,0.7,.524
1.2,1.9,.647,0.2,0.2,1.000,0.6,22,0.3,1.6,1.4,2.1,.684,0.3,0.7,.500,9,1,7.0,Skal Labissière,0.6,0.9,3.4,0.3,0.4,2.1,.737
0.5,1.5,.333,0.1,0.6,.222,0.8,22,0.1,0.8,0.6,2.1,.303,0.5,0.7,.727,16,0,5.9,Wade Baldwin,0.1,0.7,1.9,0.1,0.9,0.9,.333
3.1,6.4,.489,1.9,4.6,.408,1.9,26,0.1,4.8,5.0,11.1,.455,2.3,2.9,.800,28,28,33.9,Harrison Barnes,0.8,1.5,14.3,0.6,1.1,5.5,.540
4.2,8.6,.487,3.4,7.9,.427,2.5,26,0.4,3.7,7.6,16.6,.458,2.1,2.4,.886,82,82,31.9,Buddy Hield,1.3,2.5,20.7,0.7,1.8,5.0,.560
5.2,10.7,.482,1.1,2.9,.371,7.3,21,0.6,3.2,6.2,13.6,.458,3.7,5.1,.727,81,81,31.4,De'Aaron Fox,0.5,2.5,17.3,1.6,2.8,3.8,.497
3.2,7.0,.462,1.9,5.3,.360,3.8,26,0.2,2.9,5.2,12.3,.418,1.9,2.3,.827,70,17,27.8,Bogdan Bogdanović,0.6,2.0,14.1,1.0,1.7,3.5,.496
5.1,9.1,.556,0.0,0.0,.500,2.4,25,0.6,6.1,5.1,9.1,.556,1.7,3.1,.551,81,81,27.3,Willie Cauley-Stein,2.2,2.8,11.9,1.2,1.0,8.4,.557
1.4,3.5,.404,1.8,4.8,.366,2.2,28,0.5,2.6,3.2,8.3,.382,0.8,1.0,.829,42,40,26.2,Iman Shumpert,0.5,2.2,8.9,1.1,0.9,3.1,.489
5.3,9.8,.534,0.5,1.5,.313,1.0,19,1.0,5.0,5.7,11.4,.504,2.9,4.2,.691,62,4,25.3,Marvin Bagley,2.6,1.9,14.9,0.5,1.6,7.6,.525
2.4,4.4,.539,1.3,3.3,.401,1.9,30,0.7,4.1,3.7,7.7,.479,0.9,1.2,.761,77,70,23.2,Nemanja Bjelica,1.6,2.6,9.6,0.7,1.1,5.8,.566
1.3,2.6,.515,1.1,3.1,.346,1.3,23,0.3,2.3,2.4,5.7,.424,0.8,1.0,.820,52,3,20.8,Justin Jackson,0.5,1.3,6.7,0.4,0.4,2.8,.517
1.4,2.9,.488,0.8,2.1,.362,1.9,25,0.1,1.4,2.2,5.0,.435,0.8,0.9,.896,71,3,15.0,Yogi Ferrell,0.2,0.9,5.9,0.5,0.6,1.5,.511
1.4,2.6,.556,0.7,2.1,.318,0.5,24,0.4,2.2,2.1,4.7,.449,0.4,0.7,.600,21,0,14.9,Troy Williams,0.6,1.8,5.3,0.5,0.4,2.8,.520
1.0,1.8,.523,0.4,1.3,.333,1.2,32,0.2,1.5,1.4,3.1,.446,0.9,1.3,.733,24,0,14.7,Corey Brewer,0.9,2.0,4.1,0.8,0.5,2.5,.514
3.0,5.9,.512,0.0,0.1,.000,1.5,20,0.4,2.7,3.0,6.0,.503,1.0,1.6,.637,58,0,14.1,Harry Giles,1.1,2.6,7.0,0.5,1.3,3.8,.503
1.7,3.6,.477,0.0,0.0,,0.9,29,0.4,3.0,1.7,3.6,.477,0.2,0.6,.417,42,1,12.0,Kosta Koufos,1.2,1.6,3.7,0.4,0.6,4.2,.477
1.5,2.8,.543,0.4,1.7,.219,2.2,24,0.1,1.0,1.9,4.4,.420,1.0,1.5,.684,38,0,11.4,Frank Mason,0.2,0.9,5.1,0.4,0.9,1.1,.462
1.3,2.3,.571,0.0,0.7,.000,1.3,21,0.3,2.7,1.3,3.0,.444,0.0,0.7,.000,3,0,11.0,Caleb Swanigan,1.3,2.0,2.7,0.7,0.7,4.0,.444
0.7,1.1,.643,0.0,0.5,.000,0.8,27,0.1,1.5,0.7,1.5,.450,0.3,0.4,.800,13,0,9.8,Alec Burks,0.2,0.5,1.7,0.6,0.3,1.7,.450
0.7,1.5,.474,0.3,0.8,.364,0.5,22,0.2,1.5,1.0,2.3,.433,0.5,0.8,.545,13,0,8.7,Skal Labissière,0.3,1.6,2.8,0.2,0.5,1.8,.500
0.4,1.2,.348,0.9,2.2,.415,0.2,25,0.2,0.7,1.3,3.4,.391,0.4,0.6,.667,19,0,8.3,Ben McLemore,0.2,1.2,3.9,0.3,0.3,0.9,.523
1.0,1.0,1.000,0.0,1.0,.000,0.0,23,0.0,0.0,1.0,2.0,.500,0.0,0.0,,1,0,6.0,B.J. Johnson,0.0,1.0,2.0,0.0,0.0,0.0,.500
8.1,16.5,.492,0.1,0.6,.156,6.2,29,0.5,5.3,8.2,17.1,.481,4.8,5.7,.830,77,77,34.9,DeMar DeRozan,0.7,2.3,21.2,1.1,2.6,6.0,.483
8.3,15.8,.528,0.1,0.5,.238,2.4,33,1.3,6.1,8.4,16.3,.519,4.3,5.1,.847,81,81,33.2,LaMarcus Aldridge,3.1,2.2,21.3,0.5,1.8,9.2,.522
2.3,4.6,.489,2.1,5.0,.426,2.1,25,0.0,2.7,4.4,9.6,.456,0.8,1.0,.885,82,81,28.0,Bryn Forbes,0.2,1.9,11.8,0.5,1.0,2.9,.568
4.4,8.1,.537,1.1,2.7,.402,2.6,32,0.5,5.9,5.4,10.8,.504,1.7,2.1,.816,69,51,26.7,Rudy Gay,0.9,2.3,13.7,0.8,1.7,6.8,.554
3.2,6.0,.529,0.7,2.1,.338,3.9,24,0.7,3.2,3.9,8.1,.479,1.4,1.8,.772,67,55,25.8,Derrick White,0.5,2.2,9.9,1.0,1.4,3.7,.523
1.5,3.2,.475,1.9,4.9,.394,3.0,30,0.1,1.9,3.4,8.1,.425,1.1,1.3,.854,82,1,23.3,Patty Mills,0.3,1.6,9.9,0.6,1.1,2.2,.545
1.7,3.7,.468,1.9,5.0,.372,1.7,32,0.1,2.3,3.6,8.7,.413,1.4,1.6,.903,79,1,23.0,Marco Belinelli,0.2,1.5,10.5,0.4,0.9,2.5,.520
0.8,1.5,.513,1.9,4.4,.429,1.3,26,0.4,3.2,2.7,6.0,.450,0.7,0.8,.883,76,12,21.5,Dāvis Bertāns,0.3,1.8,8.0,0.5,0.6,3.5,.610
2.4,3.8,.645,0.0,0.0,,1.2,23,0.9,3.0,2.4,3.8,.645,0.6,1.2,.533,77,24,16.5,Jakob Pöltl,2.3,1.6,5.5,0.4,0.6,5.3,.645
0.7,1.5,.484,0.5,1.0,.462,0.8,31,0.2,2.2,1.2,2.5,.475,0.2,0.3,.778,64,21,14.5,Dante Cunningham,0.8,1.1,3.0,0.4,0.3,2.9,.570
1.3,2.9,.462,0.2,0.4,.500,1.9,38,0.5,3.9,1.5,3.3,.466,1.0,1.4,.711,27,6,12.2,Pau Gasol,0.8,1.0,4.2,0.2,0.5,4.7,.494
0.6,1.9,.333,0.3,0.8,.385,0.5,20,0.2,1.0,0.9,2.7,.348,0.5,0.6,.800,17,0,6.9,Lonnie Walker,0.0,0.4,2.6,0.4,0.2,1.0,.402
0.4,0.8,.575,0.1,0.3,.333,0.5,30,0.0,0.7,0.5,1.1,.500,0.6,0.8,.810,53,0,5.5,Quincy Pondexter,0.2,0.5,1.8,0.2,0.2,0.9,.552
0.7,1.9,.339,0.0,0.1,.000,0.4,21,0.1,0.9,0.7,2.0,.328,0.4,0.6,.765,29,0,5.0,Chimezie Metu,0.3,0.5,1.8,0.2,0.5,1.2,.328
0.7,1.1,.577,0.0,0.0,,0.3,21,0.2,1.2,0.7,1.1,.577,0.5,0.6,.846,23,0,4.9,Drew Eubanks,0.3,0.5,1.8,0.1,0.3,1.5,.577
1.0,2.0,.500,0.0,0.0,,0.3,28,0.3,0.3,1.0,2.0,.500,0.0,0.7,.000,3,0,4.3,Donatas Motiejūnas,0.7,2.0,2.0,0.0,1.0,1.0,.500
2.3,4.4,.514,2.4,7.0,.347,8.7,32,0.5,4.2,4.7,11.4,.411,2.5,3.0,.830,65,65,34.0,Kyle Lowry,0.6,2.6,14.2,1.4,2.8,4.8,.518
7.5,13.8,.542,1.9,5.0,.371,3.3,27,0.4,6.0,9.3,18.8,.496,6.1,7.1,.854,60,60,34.0,Kawhi Leonard,1.3,1.5,26.6,1.8,2.0,7.3,.546
5.5,9.1,.602,1.0,2.7,.369,3.1,24,0.7,5.3,6.5,11.8,.549,3.0,3.8,.785,80,79,31.9,Pascal Siakam,1.6,3.0,16.9,0.9,1.9,6.9,.591
1.2,2.4,.487,2.5,5.4,.455,1.6,31,0.7,3.2,3.7,7.9,.465,0.5,0.6,.841,80,80,27.7,Danny Green,0.8,2.1,10.3,0.9,0.9,4.0,.622
2.1,4.8,.441,1.8,4.6,.378,4.8,24,0.3,2.3,3.8,9.4,.410,1.5,1.8,.843,64,28,27.5,Fred VanVleet,0.3,1.7,11.0,0.9,1.3,2.6,.503
5.6,9.6,.586,0.7,2.3,.290,1.3,29,1.4,6.0,6.3,11.9,.529,1.8,2.4,.763,74,51,27.2,Serge Ibaka,2.1,2.9,15.0,0.4,1.5,8.1,.557
2.5,5.2,.474,0.9,2.0,.442,3.9,34,0.9,5.7,3.3,7.2,.465,1.5,2.0,.769,26,19,24.9,Marc Gasol,0.9,2.7,9.1,0.9,1.4,6.6,.527
1.7,3.0,.574,1.0,3.0,.332,0.7,21,0.3,2.1,2.7,6.0,.453,0.5,0.9,.581,67,6,20.2,OG Anunoby,0.9,2.1,7.0,0.7,0.8,2.9,.536
2.0,4.3,.470,0.5,2.4,.200,2.2,30,0.3,2.3,2.5,6.7,.374,1.5,1.8,.810,23,3,18.8,Jeremy Lin,0.3,2.1,7.0,0.4,1.1,2.6,.410
4.7,7.6,.611,0.3,1.0,.300,1.0,26,0.8,5.4,5.0,8.6,.575,2.6,3.1,.819,30,10,18.8,Jonas Valančiūnas,1.8,2.7,12.8,0.4,1.3,7.2,.593
2.1,3.8,.543,1.1,2.8,.400,1.5,25,0.2,2.1,3.2,6.7,.483,1.0,1.3,.827,60,3,18.8,Norman Powell,0.3,1.6,8.6,0.7,1.1,2.3,.568
2.0,4.1,.478,0.6,1.8,.333,2.2,26,0.3,1.8,2.6,6.0,.433,1.1,1.2,.869,49,2,18.3,Delon Wright,0.8,1.1,6.9,0.9,0.8,2.6,.485
0.7,1.7,.391,1.1,3.4,.314,0.6,31,0.3,1.4,1.8,5.2,.340,0.9,1.1,.795,40,1,14.1,C.J. Miles,0.3,1.6,5.5,0.5,0.5,1.7,.444
0.6,1.2,.533,0.3,0.9,.333,1.0,23,0.1,1.5,0.9,2.1,.444,0.5,0.6,.867,26,1,13.2,Patrick McCaw,0.3,1.4,2.7,0.8,0.5,1.7,.519
1.6,2.6,.619,1.0,2.3,.444,1.0,31,0.1,1.4,2.6,4.9,.538,0.1,0.1,1.000,8,0,13.0,Jodie Meeks,0.1,0.6,6.4,0.1,0.3,1.5,.641
1.9,4.1,.471,0.0,0.1,.000,0.4,28,0.2,2.5,1.9,4.2,.460,0.9,1.6,.574,38,2,11.1,Greg Monroe,1.6,1.6,4.8,0.3,0.8,4.1,.460
0.5,1.5,.333,0.3,0.3,1.000,1.0,27,0.3,3.3,0.8,1.8,.429,0.0,0.0,,4,0,9.5,Eric Moreland,1.0,2.0,1.8,0.3,1.3,4.3,.500
0.7,1.7,.395,0.2,1.1,.214,1.1,28,0.2,1.0,0.9,2.7,.324,0.1,0.1,1.000,26,0,8.2,Lorenzo Brown,0.2,0.8,2.1,0.5,0.6,1.2,.366
0.1,0.5,.200,1.0,2.1,.476,0.1,25,0.1,0.4,1.1,2.6,.423,0.3,0.4,.750,10,0,6.7,Malcolm Miller,0.1,0.5,3.5,0.1,0.1,0.5,.615
0.8,1.4,.564,0.4,1.3,.324,0.1,26,0.9,1.4,1.2,2.7,.447,0.5,0.5,.867,28,0,5.8,Chris Boucher,0.6,1.1,3.3,0.2,0.3,2.0,.526
0.0,0.2,.250,0.4,1.1,.320,0.0,23,0.0,0.5,0.4,1.3,.310,0.2,0.2,.800,22,0,4.7,Malachi Richardson,0.1,0.6,1.4,0.0,0.4,0.6,.448
0.3,0.8,.400,0.3,0.7,.500,0.5,25,0.0,0.7,0.7,1.5,.444,0.8,0.9,.818,12,0,4.6,Jordan Loyd,0.1,0.4,2.4,0.0,0.2,0.8,.556
6.1,13.1,.468,2.4,6.7,.362,4.2,22,0.4,3.3,8.6,19.9,.432,4.1,5.1,.806,77,77,33.7,Donovan Mitchell,0.8,2.7,23.8,1.4,2.8,4.1,.493
5.9,8.8,.669,0.0,0.0,,2.0,26,2.3,9.0,5.9,8.8,.669,4.1,6.4,.636,81,80,31.8,Rudy Gobert,3.8,2.9,15.9,0.8,1.6,12.9,.669
2.1,3.9,.533,2.3,5.9,.391,5.7,31,0.2,3.6,4.4,9.8,.448,1.1,1.5,.707,82,82,31.3,Joe Ingles,0.4,2.2,12.1,1.2,2.4,4.0,.565
3.2,7.0,.454,1.2,3.7,.311,6.1,28,0.1,3.1,4.3,10.7,.404,2.9,3.4,.855,68,67,27.9,Ricky Rubio,0.5,2.6,12.7,1.3,2.6,3.6,.458
1.8,3.4,.527,2.2,6.5,.331,1.7,28,0.4,4.1,4.0,10.0,.399,1.8,2.5,.721,80,11,27.1,Jae Crowder,0.8,2.1,11.9,0.8,1.1,4.8,.508
4.6,7.1,.640,0.2,1.0,.218,1.2,27,1.4,4.6,4.8,8.1,.586,2.0,3.0,.675,76,70,23.2,Derrick Favors,2.7,2.1,11.8,0.7,1.1,7.4,.600
1.2,2.0,.569,0.8,2.1,.386,1.5,25,0.3,3.2,2.0,4.2,.475,0.4,0.5,.762,82,16,20.4,Royce O'Neale,0.3,2.1,5.2,0.7,0.9,3.5,.574
1.0,2.1,.469,2.1,5.4,.384,1.2,37,0.2,2.3,3.1,7.5,.408,0.9,1.1,.825,54,0,20.1,Kyle Korver,0.2,1.6,9.1,0.4,0.8,2.5,.547
2.0,4.3,.464,0.4,1.5,.290,2.6,23,0.1,1.2,2.4,5.7,.419,1.6,2.0,.791,42,1,15.8,Dante Exum,0.4,1.6,6.9,0.3,1.2,1.6,.456
1.8,4.2,.437,0.9,2.5,.372,1.2,27,0.2,1.5,2.8,6.7,.412,1.9,2.2,.868,17,0,15.8,Alec Burks,0.1,1.3,8.4,0.4,0.9,1.6,.482
1.5,2.7,.535,0.5,1.6,.333,2.5,26,0.1,1.5,2.0,4.4,.460,0.8,0.9,.848,37,1,12.8,Raul Neto,0.2,1.3,5.3,0.4,0.9,1.7,.522
0.7,1.4,.521,0.7,1.6,.436,0.5,34,0.1,2.3,1.4,3.0,.477,0.3,0.4,.636,50,2,12.2,Thabo Sefolosha,0.2,0.8,3.8,0.9,0.5,2.5,.591
2.7,5.3,.500,0.0,0.0,,0.3,21,0.7,2.0,2.7,5.3,.500,0.3,0.7,.500,3,0,12.0,Tony Bradley,3.0,2.0,5.7,0.7,1.0,5.0,.500
0.9,2.1,.443,0.8,2.6,.323,0.7,23,0.2,0.5,1.8,4.7,.376,1.2,1.6,.750,38,2,10.9,Grayson Allen,0.1,1.2,5.6,0.2,0.9,0.6,.466
0.7,1.3,.566,0.7,1.8,.410,0.6,25,0.1,1.3,1.5,3.1,.475,0.3,0.4,.833,59,0,8.7,Georges Niang,0.2,1.0,4.0,0.2,0.4,1.5,.594
1.0,1.4,.694,0.0,0.0,,0.5,31,0.6,1.2,1.0,1.4,.694,0.4,0.6,.633,51,1,6.3,Ekpe Udoh,0.5,0.7,2.3,0.2,0.3,1.8,.694
0.3,0.6,.444,0.1,0.8,.182,1.1,25,0.1,0.4,0.4,1.4,.300,0.1,0.1,1.000,14,0,6.0,Naz Mitrou-Long,0.1,0.7,1.1,0.1,0.6,0.4,.350
0.2,0.5,.400,0.1,0.5,.200,0.1,24,0.0,0.5,0.3,0.9,.300,0.2,0.2,1.000,11,0,3.5,Tyler Cavanaugh,0.3,0.3,0.8,0.0,0.1,0.7,.350
6.8,12.4,.548,2.5,7.3,.351,5.5,25,0.7,3.9,9.3,19.6,.475,4.4,5.5,.808,82,82,36.9,Bradley Beal,1.1,2.8,25.6,1.5,2.7,5.0,.540
6.1,12.0,.507,1.6,5.3,.302,8.7,28,0.9,3.2,7.7,17.3,.444,3.8,5.5,.697,32,32,34.5,John Wall,0.5,2.2,20.7,1.5,3.8,3.6,.490
2.6,5.0,.528,2.2,6.9,.322,3.8,33,0.3,4.5,4.8,11.8,.409,2.2,2.8,.777,43,43,34.1,Trevor Ariza,0.8,2.0,14.1,1.2,1.6,5.3,.502
3.3,6.5,.515,1.6,4.3,.369,2.0,25,0.5,4.7,4.9,10.8,.457,1.2,1.6,.766,41,28,29.0,Otto Porter,1.0,1.9,12.6,1.6,1.0,5.6,.531
3.9,8.5,.458,1.7,4.3,.403,1.5,23,0.4,6.4,5.6,12.8,.440,1.4,1.7,.809,28,22,27.4,Bobby Portis,2.3,3.0,14.3,0.9,1.6,8.6,.507
5.0,8.2,.613,1.0,3.2,.296,2.7,23,0.6,5.7,6.0,11.4,.523,2.1,3.0,.684,25,0,27.3,Jabari Parker,1.5,2.3,15.0,0.9,2.7,7.2,.565
2.8,4.8,.586,1.4,4.2,.347,1.8,32,0.5,3.3,4.2,8.9,.475,2.4,2.7,.888,77,44,27.2,Jeff Green,0.7,2.1,12.3,0.6,1.3,4.0,.555
2.4,4.6,.524,0.8,2.0,.395,5.0,27,0.2,2.5,3.2,6.6,.485,1.6,2.0,.819,80,54,27.1,Tomáš Satoranský,1.0,2.2,8.9,1.0,1.5,3.5,.545
3.1,6.0,.526,1.4,4.6,.311,0.7,23,0.7,3.6,4.6,10.5,.433,2.3,2.9,.800,29,7,26.0,Kelly Oubre,0.8,2.4,12.9,0.9,1.0,4.4,.500
2.8,5.4,.516,1.4,4.2,.333,1.8,29,0.6,3.9,4.2,9.6,.436,1.7,2.1,.781,34,15,26.0,Markieff Morris,1.2,3.4,11.5,0.7,1.4,5.1,.509
4.8,7.7,.623,0.0,0.0,,0.4,33,0.4,6.6,4.8,7.7,.623,3.2,5.3,.604,9,9,25.6,Dwight Howard,2.7,3.8,12.8,0.8,1.8,9.2,.623
1.5,3.0,.489,1.1,3.7,.311,2.0,26,0.3,2.1,2.6,6.7,.392,0.9,1.6,.543,29,2,23.6,Austin Rivers,0.3,2.5,7.2,0.6,1.2,2.4,.477
3.8,5.6,.685,0.5,1.4,.333,1.3,21,0.9,4.7,4.3,7.0,.616,1.5,1.9,.781,72,53,20.8,Thomas Bryant,1.6,1.8,10.5,0.3,0.8,6.3,.648
2.2,4.2,.528,0.4,1.3,.286,1.0,24,0.2,1.9,2.6,5.5,.471,0.5,0.9,.556,38,0,16.3,Sam Dekker,1.2,0.9,6.1,0.7,0.5,3.0,.505
0.9,2.1,.441,0.9,2.3,.400,2.0,25,0.1,0.9,1.9,4.4,.419,0.9,1.3,.694,49,2,15.2,Chasson Randle,0.2,1.9,5.5,0.5,0.9,1.1,.525
1.3,2.6,.500,0.1,0.5,.188,0.7,32,0.5,2.4,1.4,3.1,.452,1.2,1.8,.689,34,6,14.6,Ian Mahinmi,1.4,2.5,4.1,0.7,0.6,3.8,.466
1.4,3.2,.455,0.4,1.3,.319,1.5,19,0.1,2.1,1.9,4.5,.415,0.6,0.9,.681,52,10,14.0,Troy Brown,0.7,1.1,4.8,0.4,0.6,2.8,.462
2.7,4.3,.633,0.0,0.3,.000,0.9,23,0.9,2.0,2.7,4.6,.594,1.3,2.0,.643,7,0,13.6,Devin Robinson,0.9,1.6,6.7,0.6,0.3,2.9,.594
0.3,1.2,.286,0.5,2.2,.231,0.6,31,0.4,1.3,0.8,3.3,.250,0.6,0.8,.700,12,0,13.1,Wesley Johnson,0.2,1.5,2.8,0.2,0.5,1.5,.325
1.9,3.5,.537,0.4,1.3,.286,1.1,27,0.3,1.3,2.3,4.8,.469,1.0,1.3,.800,27,0,12.3,Jordan McRae,0.2,1.0,5.9,0.5,0.6,1.5,.508
0.0,0.0,,0.0,1.0,.000,0.5,25,0.3,1.0,0.0,1.0,.000,0.0,0.0,,4,0,11.3,Ron Baker,0.0,0.5,0.0,0.3,0.5,1.0,.000
0.9,2.3,.407,0.3,0.8,.400,1.0,32,0.4,2.2,1.3,3.1,.405,0.8,1.0,.833,12,1,10.8,Jason Smith,0.9,1.8,3.7,0.1,0.6,3.1,.459
1.3,2.0,.667,0.3,0.7,.500,1.3,26,0.3,0.3,1.7,2.7,.625,0.0,0.0,,3,0,5.3,Gary Payton,0.3,0.7,3.7,1.0,0.3,0.7,.688
0.0,0.0,,0.5,0.5,1.000,0.3,27,0.0,0.3,0.5,0.5,1.000,0.0,0.0,,4,0,3.5,John Jenkins,0.0,0.0,1.5,0.0,0.0,0.3,1.500
0.0,0.0,,0.0,0.7,.000,0.0,26,0.0,0.3,0.0,0.7,.000,0.0,0.0,,3,0,2.0,Okaro White,0.3,0.0,0.0,0.0,0.0,0.7,.000
